2026-06-09 11:25:54.759 [background-preinit] INFO  o.h.validator.internal.util.Version
                [service=iam_service]
                [correlationId=]
                [userId=]
                [keyId=]
                [challengeId=]
                - HV000001: Hibernate Validator 8.0.1.Final
2026-06-09 11:25:54.799 [main] INFO  c.c.iam.IamServiceApplication
                [service=iam_service]
                [correlationId=]
                [userId=]
                [keyId=]
                [challengeId=]
                - Starting IamServiceApplication using Java 17.0.19 with PID 15684 (C:\Users\Lenovo\IdeaProjects\5th_Spring_miceoservice\services\iam\target\classes started by Lenovo in C:\Users\Lenovo\IdeaProjects\5th_Spring_miceoservice)
2026-06-09 11:25:54.800 [main] INFO  c.c.iam.IamServiceApplication
                [service=iam_service]
                [correlationId=]
                [userId=]
                [keyId=]
                [challengeId=]
                - No active profile set, falling back to 1 default profile: "default"
2026-06-09 11:25:55.888 [main] INFO  o.s.d.r.c.RepositoryConfigurationDelegate
                [service=iam_service]
                [correlationId=]
                [userId=]
                [keyId=]
                [challengeId=]
                - Bootstrapping Spring Data JPA repositories in DEFAULT mode.
2026-06-09 11:25:55.987 [main] INFO  o.s.d.r.c.RepositoryConfigurationDelegate
                [service=iam_service]
                [correlationId=]
                [userId=]
                [keyId=]
                [challengeId=]
                - Finished Spring Data repository scanning in 90 ms. Found 4 JPA repository interfaces.
2026-06-09 11:25:56.921 [main] INFO  o.s.b.w.e.tomcat.TomcatWebServer
                [service=iam_service]
                [correlationId=]
                [userId=]
                [keyId=]
                [challengeId=]
                - Tomcat initialized with port 8081 (http)
2026-06-09 11:25:56.937 [main] INFO  o.a.coyote.http11.Http11NioProtocol
                [service=iam_service]
                [correlationId=]
                [userId=]
                [keyId=]
                [challengeId=]
                - Initializing ProtocolHandler ["http-nio-8081"]
2026-06-09 11:25:56.944 [main] INFO  o.a.catalina.core.StandardService
                [service=iam_service]
                [correlationId=]
                [userId=]
                [keyId=]
                [challengeId=]
                - Starting service [Tomcat]
2026-06-09 11:25:56.944 [main] INFO  o.a.catalina.core.StandardEngine
                [service=iam_service]
                [correlationId=]
                [userId=]
                [keyId=]
                [challengeId=]
                - Starting Servlet engine: [Apache Tomcat/10.1.31]
2026-06-09 11:25:57.026 [main] INFO  o.a.c.c.C.[Tomcat].[localhost].[/]
                [service=iam_service]
                [correlationId=]
                [userId=]
                [keyId=]
                [challengeId=]
                - Initializing Spring embedded WebApplicationContext
2026-06-09 11:25:57.028 [main] INFO  o.s.b.w.s.c.ServletWebServerApplicationContext
                [service=iam_service]
                [correlationId=]
                [userId=]
                [keyId=]
                [challengeId=]
                - Root WebApplicationContext: initialization completed in 2196 ms
2026-06-09 11:25:57.640 [main] INFO  com.zaxxer.hikari.HikariDataSource
                [service=iam_service]
                [correlationId=]
                [userId=]
                [keyId=]
                [challengeId=]
                - HikariPool-1 - Starting...
2026-06-09 11:25:57.849 [main] INFO  com.zaxxer.hikari.pool.HikariPool
                [service=iam_service]
                [correlationId=]
                [userId=]
                [keyId=]
                [challengeId=]
                - HikariPool-1 - Added connection org.postgresql.jdbc.PgConnection@1da53f4f
2026-06-09 11:25:57.856 [main] INFO  com.zaxxer.hikari.HikariDataSource
                [service=iam_service]
                [correlationId=]
                [userId=]
                [keyId=]
                [challengeId=]
                - HikariPool-1 - Start completed.
2026-06-09 11:25:57.910 [main] INFO  org.flywaydb.core.FlywayExecutor
                [service=iam_service]
                [correlationId=]
                [userId=]
                [keyId=]
                [challengeId=]
                - Database: jdbc:postgresql://localhost:5432/iam_db (PostgreSQL 18.4)
2026-06-09 11:25:58.010 [main] INFO  o.f.core.internal.command.DbValidate
                [service=iam_service]
                [correlationId=]
                [userId=]
                [keyId=]
                [challengeId=]
                - Successfully validated 4 migrations (execution time 00:00.064s)
2026-06-09 11:25:58.021 [main] INFO  o.f.core.internal.command.DbMigrate
                [service=iam_service]
                [correlationId=]
                [userId=]
                [keyId=]
                [challengeId=]
                - Current version of schema "public": 4
2026-06-09 11:25:58.024 [main] INFO  o.f.core.internal.command.DbMigrate
                [service=iam_service]
                [correlationId=]
                [userId=]
                [keyId=]
                [challengeId=]
                - Schema "public" is up to date. No migration necessary.
2026-06-09 11:25:58.160 [main] INFO  o.h.jpa.internal.util.LogHelper
                [service=iam_service]
                [correlationId=]
                [userId=]
                [keyId=]
                [challengeId=]
                - HHH000204: Processing PersistenceUnitInfo [name: default]
2026-06-09 11:25:58.222 [main] INFO  org.hibernate.Version
                [service=iam_service]
                [correlationId=]
                [userId=]
                [keyId=]
                [challengeId=]
                - HHH000412: Hibernate ORM core version 6.5.3.Final
2026-06-09 11:25:58.252 [main] INFO  o.h.c.i.RegionFactoryInitiator
                [service=iam_service]
                [correlationId=]
                [userId=]
                [keyId=]
                [challengeId=]
                - HHH000026: Second-level cache disabled
2026-06-09 11:25:58.488 [main] INFO  o.s.o.j.p.SpringPersistenceUnitInfo
                [service=iam_service]
                [correlationId=]
                [userId=]
                [keyId=]
                [challengeId=]
                - No LoadTimeWeaver setup: ignoring JPA class transformer
2026-06-09 11:25:59.272 [main] INFO  o.h.e.t.j.p.i.JtaPlatformInitiator
                [service=iam_service]
                [correlationId=]
                [userId=]
                [keyId=]
                [challengeId=]
                - HHH000489: No JTA platform available (set 'hibernate.transaction.jta.platform' to enable JTA platform integration)
2026-06-09 11:25:59.357 [main] INFO  o.s.o.j.LocalContainerEntityManagerFactoryBean
                [service=iam_service]
                [correlationId=]
                [userId=]
                [keyId=]
                [challengeId=]
                - Initialized JPA EntityManagerFactory for persistence unit 'default'
2026-06-09 11:26:01.183 [main] INFO  o.s.b.a.e.web.EndpointLinksResolver
                [service=iam_service]
                [correlationId=]
                [userId=]
                [keyId=]
                [challengeId=]
                - Exposing 2 endpoints beneath base path '/actuator'
2026-06-09 11:26:01.248 [main] INFO  o.a.k.c.admin.AdminClientConfig
                [service=iam_service]
                [correlationId=]
                [userId=]
                [keyId=]
                [challengeId=]
                - AdminClientConfig values: 
	auto.include.jmx.reporter = true
	bootstrap.controllers = []
	bootstrap.servers = [localhost:9092]
	client.dns.lookup = use_all_dns_ips
	client.id = iam-service-admin-0
	connections.max.idle.ms = 300000
	default.api.timeout.ms = 60000
	enable.metrics.push = true
	metadata.max.age.ms = 300000
	metric.reporters = []
	metrics.num.samples = 2
	metrics.recording.level = INFO
	metrics.sample.window.ms = 30000
	receive.buffer.bytes = 65536
	reconnect.backoff.max.ms = 1000
	reconnect.backoff.ms = 50
	request.timeout.ms = 30000
	retries = 2147483647
	retry.backoff.max.ms = 1000
	retry.backoff.ms = 100
	sasl.client.callback.handler.class = null
	sasl.jaas.config = null
	sasl.kerberos.kinit.cmd = /usr/bin/kinit
	sasl.kerberos.min.time.before.relogin = 60000
	sasl.kerberos.service.name = null
	sasl.kerberos.ticket.renew.jitter = 0.05
	sasl.kerberos.ticket.renew.window.factor = 0.8
	sasl.login.callback.handler.class = null
	sasl.login.class = null
	sasl.login.connect.timeout.ms = null
	sasl.login.read.timeout.ms = null
	sasl.login.refresh.buffer.seconds = 300
	sasl.login.refresh.min.period.seconds = 60
	sasl.login.refresh.window.factor = 0.8
	sasl.login.refresh.window.jitter = 0.05
	sasl.login.retry.backoff.max.ms = 10000
	sasl.login.retry.backoff.ms = 100
	sasl.mechanism = GSSAPI
	sasl.oauthbearer.clock.skew.seconds = 30
	sasl.oauthbearer.expected.audience = null
	sasl.oauthbearer.expected.issuer = null
	sasl.oauthbearer.jwks.endpoint.refresh.ms = 3600000
	sasl.oauthbearer.jwks.endpoint.retry.backoff.max.ms = 10000
	sasl.oauthbearer.jwks.endpoint.retry.backoff.ms = 100
	sasl.oauthbearer.jwks.endpoint.url = null
	sasl.oauthbearer.scope.claim.name = scope
	sasl.oauthbearer.sub.claim.name = sub
	sasl.oauthbearer.token.endpoint.url = null
	security.protocol = PLAINTEXT
	security.providers = null
	send.buffer.bytes = 131072
	socket.connection.setup.timeout.max.ms = 30000
	socket.connection.setup.timeout.ms = 10000
	ssl.cipher.suites = null
	ssl.enabled.protocols = [TLSv1.2, TLSv1.3]
	ssl.endpoint.identification.algorithm = https
	ssl.engine.factory.class = null
	ssl.key.password = null
	ssl.keymanager.algorithm = SunX509
	ssl.keystore.certificate.chain = null
	ssl.keystore.key = null
	ssl.keystore.location = null
	ssl.keystore.password = null
	ssl.keystore.type = JKS
	ssl.protocol = TLSv1.3
	ssl.provider = null
	ssl.secure.random.implementation = null
	ssl.trustmanager.algorithm = PKIX
	ssl.truststore.certificates = null
	ssl.truststore.location = null
	ssl.truststore.password = null
	ssl.truststore.type = JKS

2026-06-09 11:26:01.341 [main] INFO  o.a.kafka.common.utils.AppInfoParser
                [service=iam_service]
                [correlationId=]
                [userId=]
                [keyId=]
                [challengeId=]
                - Kafka version: 3.7.1
2026-06-09 11:26:01.342 [main] INFO  o.a.kafka.common.utils.AppInfoParser
                [service=iam_service]
                [correlationId=]
                [userId=]
                [keyId=]
                [challengeId=]
                - Kafka commitId: e2494e6ffb89f828
2026-06-09 11:26:01.342 [main] INFO  o.a.kafka.common.utils.AppInfoParser
                [service=iam_service]
                [correlationId=]
                [userId=]
                [keyId=]
                [challengeId=]
                - Kafka startTimeMs: 1780993561341
2026-06-09 11:26:01.680 [kafka-admin-client-thread | iam-service-admin-0] INFO  o.a.kafka.common.utils.AppInfoParser
                [service=iam_service]
                [correlationId=]
                [userId=]
                [keyId=]
                [challengeId=]
                - App info kafka.admin.client for iam-service-admin-0 unregistered
2026-06-09 11:26:01.685 [kafka-admin-client-thread | iam-service-admin-0] INFO  o.a.kafka.common.metrics.Metrics
                [service=iam_service]
                [correlationId=]
                [userId=]
                [keyId=]
                [challengeId=]
                - Metrics scheduler closed
2026-06-09 11:26:01.685 [kafka-admin-client-thread | iam-service-admin-0] INFO  o.a.kafka.common.metrics.Metrics
                [service=iam_service]
                [correlationId=]
                [userId=]
                [keyId=]
                [challengeId=]
                - Closing reporter org.apache.kafka.common.metrics.JmxReporter
2026-06-09 11:26:01.685 [kafka-admin-client-thread | iam-service-admin-0] INFO  o.a.kafka.common.metrics.Metrics
                [service=iam_service]
                [correlationId=]
                [userId=]
                [keyId=]
                [challengeId=]
                - Metrics reporters closed
2026-06-09 11:26:01.691 [main] INFO  o.a.coyote.http11.Http11NioProtocol
                [service=iam_service]
                [correlationId=]
                [userId=]
                [keyId=]
                [challengeId=]
                - Starting ProtocolHandler ["http-nio-8081"]
2026-06-09 11:26:01.701 [main] INFO  o.s.b.w.e.tomcat.TomcatWebServer
                [service=iam_service]
                [correlationId=]
                [userId=]
                [keyId=]
                [challengeId=]
                - Tomcat started on port 8081 (http) with context path '/'
2026-06-09 11:26:01.720 [main] INFO  c.c.iam.IamServiceApplication
                [service=iam_service]
                [correlationId=]
                [userId=]
                [keyId=]
                [challengeId=]
                - Started IamServiceApplication in 7.321 seconds (process running for 7.695)
2026-06-09 11:27:25.928 [SpringApplicationShutdownHook] INFO  o.s.o.j.LocalContainerEntityManagerFactoryBean
                [service=iam_service]
                [correlationId=]
                [userId=]
                [keyId=]
                [challengeId=]
                - Closing JPA EntityManagerFactory for persistence unit 'default'
2026-06-09 11:27:25.929 [SpringApplicationShutdownHook] INFO  com.zaxxer.hikari.HikariDataSource
                [service=iam_service]
                [correlationId=]
                [userId=]
                [keyId=]
                [challengeId=]
                - HikariPool-1 - Shutdown initiated...
2026-06-09 11:27:25.933 [SpringApplicationShutdownHook] INFO  com.zaxxer.hikari.HikariDataSource
                [service=iam_service]
                [correlationId=]
                [userId=]
                [keyId=]
                [challengeId=]
                - HikariPool-1 - Shutdown completed.
2026-06-09 11:29:54.968 [background-preinit] INFO  o.h.validator.internal.util.Version
                [service=iam_service]
                [correlationId=]
                [userId=]
                [keyId=]
                [challengeId=]
                - HV000001: Hibernate Validator 8.0.1.Final
2026-06-09 11:29:55.004 [main] INFO  c.c.iam.IamServiceApplication
                [service=iam_service]
                [correlationId=]
                [userId=]
                [keyId=]
                [challengeId=]
                - Starting IamServiceApplication using Java 17.0.19 with PID 1740 (C:\Users\Lenovo\IdeaProjects\5th_Spring_miceoservice\services\iam\target\classes started by Lenovo in C:\Users\Lenovo\IdeaProjects\5th_Spring_miceoservice)
2026-06-09 11:29:55.004 [main] INFO  c.c.iam.IamServiceApplication
                [service=iam_service]
                [correlationId=]
                [userId=]
                [keyId=]
                [challengeId=]
                - No active profile set, falling back to 1 default profile: "default"
2026-06-09 11:29:55.874 [main] INFO  o.s.d.r.c.RepositoryConfigurationDelegate
                [service=iam_service]
                [correlationId=]
                [userId=]
                [keyId=]
                [challengeId=]
                - Bootstrapping Spring Data JPA repositories in DEFAULT mode.
2026-06-09 11:29:55.964 [main] INFO  o.s.d.r.c.RepositoryConfigurationDelegate
                [service=iam_service]
                [correlationId=]
                [userId=]
                [keyId=]
                [challengeId=]
                - Finished Spring Data repository scanning in 82 ms. Found 4 JPA repository interfaces.
2026-06-09 11:29:56.758 [main] INFO  o.s.b.w.e.tomcat.TomcatWebServer
                [service=iam_service]
                [correlationId=]
                [userId=]
                [keyId=]
                [challengeId=]
                - Tomcat initialized with port 8081 (http)
2026-06-09 11:29:56.778 [main] INFO  o.a.coyote.http11.Http11NioProtocol
                [service=iam_service]
                [correlationId=]
                [userId=]
                [keyId=]
                [challengeId=]
                - Initializing ProtocolHandler ["http-nio-8081"]
2026-06-09 11:29:56.781 [main] INFO  o.a.catalina.core.StandardService
                [service=iam_service]
                [correlationId=]
                [userId=]
                [keyId=]
                [challengeId=]
                - Starting service [Tomcat]
2026-06-09 11:29:56.781 [main] INFO  o.a.catalina.core.StandardEngine
                [service=iam_service]
                [correlationId=]
                [userId=]
                [keyId=]
                [challengeId=]
                - Starting Servlet engine: [Apache Tomcat/10.1.31]
2026-06-09 11:29:56.850 [main] INFO  o.a.c.c.C.[Tomcat].[localhost].[/]
                [service=iam_service]
                [correlationId=]
                [userId=]
                [keyId=]
                [challengeId=]
                - Initializing Spring embedded WebApplicationContext
2026-06-09 11:29:56.851 [main] INFO  o.s.b.w.s.c.ServletWebServerApplicationContext
                [service=iam_service]
                [correlationId=]
                [userId=]
                [keyId=]
                [challengeId=]
                - Root WebApplicationContext: initialization completed in 1814 ms
2026-06-09 11:29:57.392 [main] INFO  com.zaxxer.hikari.HikariDataSource
                [service=iam_service]
                [correlationId=]
                [userId=]
                [keyId=]
                [challengeId=]
                - HikariPool-1 - Starting...
2026-06-09 11:29:57.546 [main] INFO  com.zaxxer.hikari.pool.HikariPool
                [service=iam_service]
                [correlationId=]
                [userId=]
                [keyId=]
                [challengeId=]
                - HikariPool-1 - Added connection org.postgresql.jdbc.PgConnection@97b5e6a
2026-06-09 11:29:57.547 [main] INFO  com.zaxxer.hikari.HikariDataSource
                [service=iam_service]
                [correlationId=]
                [userId=]
                [keyId=]
                [challengeId=]
                - HikariPool-1 - Start completed.
2026-06-09 11:29:57.583 [main] INFO  org.flywaydb.core.FlywayExecutor
                [service=iam_service]
                [correlationId=]
                [userId=]
                [keyId=]
                [challengeId=]
                - Database: jdbc:postgresql://localhost:5432/iam_db (PostgreSQL 18.4)
2026-06-09 11:29:57.643 [main] INFO  o.f.core.internal.command.DbValidate
                [service=iam_service]
                [correlationId=]
                [userId=]
                [keyId=]
                [challengeId=]
                - Successfully validated 4 migrations (execution time 00:00.038s)
2026-06-09 11:29:57.686 [main] INFO  o.f.core.internal.command.DbMigrate
                [service=iam_service]
                [correlationId=]
                [userId=]
                [keyId=]
                [challengeId=]
                - Current version of schema "public": 4
2026-06-09 11:29:57.693 [main] INFO  o.f.core.internal.command.DbMigrate
                [service=iam_service]
                [correlationId=]
                [userId=]
                [keyId=]
                [challengeId=]
                - Schema "public" is up to date. No migration necessary.
2026-06-09 11:29:57.803 [main] INFO  o.h.jpa.internal.util.LogHelper
                [service=iam_service]
                [correlationId=]
                [userId=]
                [keyId=]
                [challengeId=]
                - HHH000204: Processing PersistenceUnitInfo [name: default]
2026-06-09 11:29:57.841 [main] INFO  org.hibernate.Version
                [service=iam_service]
                [correlationId=]
                [userId=]
                [keyId=]
                [challengeId=]
                - HHH000412: Hibernate ORM core version 6.5.3.Final
2026-06-09 11:29:57.866 [main] INFO  o.h.c.i.RegionFactoryInitiator
                [service=iam_service]
                [correlationId=]
                [userId=]
                [keyId=]
                [challengeId=]
                - HHH000026: Second-level cache disabled
2026-06-09 11:29:58.046 [main] INFO  o.s.o.j.p.SpringPersistenceUnitInfo
                [service=iam_service]
                [correlationId=]
                [userId=]
                [keyId=]
                [challengeId=]
                - No LoadTimeWeaver setup: ignoring JPA class transformer
2026-06-09 11:29:58.751 [main] INFO  o.h.e.t.j.p.i.JtaPlatformInitiator
                [service=iam_service]
                [correlationId=]
                [userId=]
                [keyId=]
                [challengeId=]
                - HHH000489: No JTA platform available (set 'hibernate.transaction.jta.platform' to enable JTA platform integration)
2026-06-09 11:29:58.781 [main] INFO  o.s.o.j.LocalContainerEntityManagerFactoryBean
                [service=iam_service]
                [correlationId=]
                [userId=]
                [keyId=]
                [challengeId=]
                - Initialized JPA EntityManagerFactory for persistence unit 'default'
2026-06-09 11:30:00.410 [main] INFO  o.s.b.a.e.web.EndpointLinksResolver
                [service=iam_service]
                [correlationId=]
                [userId=]
                [keyId=]
                [challengeId=]
                - Exposing 2 endpoints beneath base path '/actuator'
2026-06-09 11:30:00.475 [main] INFO  o.a.k.c.admin.AdminClientConfig
                [service=iam_service]
                [correlationId=]
                [userId=]
                [keyId=]
                [challengeId=]
                - AdminClientConfig values: 
	auto.include.jmx.reporter = true
	bootstrap.controllers = []
	bootstrap.servers = [localhost:9092]
	client.dns.lookup = use_all_dns_ips
	client.id = iam-service-admin-0
	connections.max.idle.ms = 300000
	default.api.timeout.ms = 60000
	enable.metrics.push = true
	metadata.max.age.ms = 300000
	metric.reporters = []
	metrics.num.samples = 2
	metrics.recording.level = INFO
	metrics.sample.window.ms = 30000
	receive.buffer.bytes = 65536
	reconnect.backoff.max.ms = 1000
	reconnect.backoff.ms = 50
	request.timeout.ms = 30000
	retries = 2147483647
	retry.backoff.max.ms = 1000
	retry.backoff.ms = 100
	sasl.client.callback.handler.class = null
	sasl.jaas.config = null
	sasl.kerberos.kinit.cmd = /usr/bin/kinit
	sasl.kerberos.min.time.before.relogin = 60000
	sasl.kerberos.service.name = null
	sasl.kerberos.ticket.renew.jitter = 0.05
	sasl.kerberos.ticket.renew.window.factor = 0.8
	sasl.login.callback.handler.class = null
	sasl.login.class = null
	sasl.login.connect.timeout.ms = null
	sasl.login.read.timeout.ms = null
	sasl.login.refresh.buffer.seconds = 300
	sasl.login.refresh.min.period.seconds = 60
	sasl.login.refresh.window.factor = 0.8
	sasl.login.refresh.window.jitter = 0.05
	sasl.login.retry.backoff.max.ms = 10000
	sasl.login.retry.backoff.ms = 100
	sasl.mechanism = GSSAPI
	sasl.oauthbearer.clock.skew.seconds = 30
	sasl.oauthbearer.expected.audience = null
	sasl.oauthbearer.expected.issuer = null
	sasl.oauthbearer.jwks.endpoint.refresh.ms = 3600000
	sasl.oauthbearer.jwks.endpoint.retry.backoff.max.ms = 10000
	sasl.oauthbearer.jwks.endpoint.retry.backoff.ms = 100
	sasl.oauthbearer.jwks.endpoint.url = null
	sasl.oauthbearer.scope.claim.name = scope
	sasl.oauthbearer.sub.claim.name = sub
	sasl.oauthbearer.token.endpoint.url = null
	security.protocol = PLAINTEXT
	security.providers = null
	send.buffer.bytes = 131072
	socket.connection.setup.timeout.max.ms = 30000
	socket.connection.setup.timeout.ms = 10000
	ssl.cipher.suites = null
	ssl.enabled.protocols = [TLSv1.2, TLSv1.3]
	ssl.endpoint.identification.algorithm = https
	ssl.engine.factory.class = null
	ssl.key.password = null
	ssl.keymanager.algorithm = SunX509
	ssl.keystore.certificate.chain = null
	ssl.keystore.key = null
	ssl.keystore.location = null
	ssl.keystore.password = null
	ssl.keystore.type = JKS
	ssl.protocol = TLSv1.3
	ssl.provider = null
	ssl.secure.random.implementation = null
	ssl.trustmanager.algorithm = PKIX
	ssl.truststore.certificates = null
	ssl.truststore.location = null
	ssl.truststore.password = null
	ssl.truststore.type = JKS

2026-06-09 11:30:00.538 [main] INFO  o.a.kafka.common.utils.AppInfoParser
                [service=iam_service]
                [correlationId=]
                [userId=]
                [keyId=]
                [challengeId=]
                - Kafka version: 3.7.1
2026-06-09 11:30:00.539 [main] INFO  o.a.kafka.common.utils.AppInfoParser
                [service=iam_service]
                [correlationId=]
                [userId=]
                [keyId=]
                [challengeId=]
                - Kafka commitId: e2494e6ffb89f828
2026-06-09 11:30:00.539 [main] INFO  o.a.kafka.common.utils.AppInfoParser
                [service=iam_service]
                [correlationId=]
                [userId=]
                [keyId=]
                [challengeId=]
                - Kafka startTimeMs: 1780993800538
2026-06-09 11:30:00.732 [kafka-admin-client-thread | iam-service-admin-0] INFO  o.a.kafka.common.utils.AppInfoParser
                [service=iam_service]
                [correlationId=]
                [userId=]
                [keyId=]
                [challengeId=]
                - App info kafka.admin.client for iam-service-admin-0 unregistered
2026-06-09 11:30:00.735 [kafka-admin-client-thread | iam-service-admin-0] INFO  o.a.kafka.common.metrics.Metrics
                [service=iam_service]
                [correlationId=]
                [userId=]
                [keyId=]
                [challengeId=]
                - Metrics scheduler closed
2026-06-09 11:30:00.736 [kafka-admin-client-thread | iam-service-admin-0] INFO  o.a.kafka.common.metrics.Metrics
                [service=iam_service]
                [correlationId=]
                [userId=]
                [keyId=]
                [challengeId=]
                - Closing reporter org.apache.kafka.common.metrics.JmxReporter
2026-06-09 11:30:00.736 [kafka-admin-client-thread | iam-service-admin-0] INFO  o.a.kafka.common.metrics.Metrics
                [service=iam_service]
                [correlationId=]
                [userId=]
                [keyId=]
                [challengeId=]
                - Metrics reporters closed
2026-06-09 11:30:00.739 [main] INFO  o.a.coyote.http11.Http11NioProtocol
                [service=iam_service]
                [correlationId=]
                [userId=]
                [keyId=]
                [challengeId=]
                - Starting ProtocolHandler ["http-nio-8081"]
2026-06-09 11:30:00.745 [main] INFO  o.s.b.w.e.tomcat.TomcatWebServer
                [service=iam_service]
                [correlationId=]
                [userId=]
                [keyId=]
                [challengeId=]
                - Tomcat started on port 8081 (http) with context path '/'
2026-06-09 11:30:00.758 [main] INFO  c.c.iam.IamServiceApplication
                [service=iam_service]
                [correlationId=]
                [userId=]
                [keyId=]
                [challengeId=]
                - Started IamServiceApplication in 6.111 seconds (process running for 6.361)
2026-06-09 11:32:09.023 [SpringApplicationShutdownHook] INFO  o.s.o.j.LocalContainerEntityManagerFactoryBean
                [service=iam_service]
                [correlationId=]
                [userId=]
                [keyId=]
                [challengeId=]
                - Closing JPA EntityManagerFactory for persistence unit 'default'
2026-06-09 11:32:09.025 [SpringApplicationShutdownHook] INFO  com.zaxxer.hikari.HikariDataSource
                [service=iam_service]
                [correlationId=]
                [userId=]
                [keyId=]
                [challengeId=]
                - HikariPool-1 - Shutdown initiated...
2026-06-09 11:32:09.028 [SpringApplicationShutdownHook] INFO  com.zaxxer.hikari.HikariDataSource
                [service=iam_service]
                [correlationId=]
                [userId=]
                [keyId=]
                [challengeId=]
                - HikariPool-1 - Shutdown completed.
2026-06-09 11:45:56.174 [background-preinit] INFO  o.h.validator.internal.util.Version
                [service=iam_service]
                [correlationId=]
                [userId=]
                [keyId=]
                [challengeId=]
                - HV000001: Hibernate Validator 8.0.1.Final
2026-06-09 11:45:56.207 [main] INFO  c.c.iam.IamServiceApplication
                [service=iam_service]
                [correlationId=]
                [userId=]
                [keyId=]
                [challengeId=]
                - Starting IamServiceApplication using Java 17.0.19 with PID 16972 (C:\Users\Lenovo\IdeaProjects\5th_Spring_miceoservice\services\iam\target\classes started by Lenovo in C:\Users\Lenovo\IdeaProjects\5th_Spring_miceoservice)
2026-06-09 11:45:56.208 [main] INFO  c.c.iam.IamServiceApplication
                [service=iam_service]
                [correlationId=]
                [userId=]
                [keyId=]
                [challengeId=]
                - No active profile set, falling back to 1 default profile: "default"
2026-06-09 11:45:57.162 [main] INFO  o.s.d.r.c.RepositoryConfigurationDelegate
                [service=iam_service]
                [correlationId=]
                [userId=]
                [keyId=]
                [challengeId=]
                - Bootstrapping Spring Data JPA repositories in DEFAULT mode.
2026-06-09 11:45:57.263 [main] INFO  o.s.d.r.c.RepositoryConfigurationDelegate
                [service=iam_service]
                [correlationId=]
                [userId=]
                [keyId=]
                [challengeId=]
                - Finished Spring Data repository scanning in 93 ms. Found 4 JPA repository interfaces.
2026-06-09 11:45:58.139 [main] INFO  o.s.b.w.e.tomcat.TomcatWebServer
                [service=iam_service]
                [correlationId=]
                [userId=]
                [keyId=]
                [challengeId=]
                - Tomcat initialized with port 8081 (http)
2026-06-09 11:45:58.156 [main] INFO  o.a.coyote.http11.Http11NioProtocol
                [service=iam_service]
                [correlationId=]
                [userId=]
                [keyId=]
                [challengeId=]
                - Initializing ProtocolHandler ["http-nio-8081"]
2026-06-09 11:45:58.162 [main] INFO  o.a.catalina.core.StandardService
                [service=iam_service]
                [correlationId=]
                [userId=]
                [keyId=]
                [challengeId=]
                - Starting service [Tomcat]
2026-06-09 11:45:58.162 [main] INFO  o.a.catalina.core.StandardEngine
                [service=iam_service]
                [correlationId=]
                [userId=]
                [keyId=]
                [challengeId=]
                - Starting Servlet engine: [Apache Tomcat/10.1.31]
2026-06-09 11:45:58.265 [main] INFO  o.a.c.c.C.[Tomcat].[localhost].[/]
                [service=iam_service]
                [correlationId=]
                [userId=]
                [keyId=]
                [challengeId=]
                - Initializing Spring embedded WebApplicationContext
2026-06-09 11:45:58.268 [main] INFO  o.s.b.w.s.c.ServletWebServerApplicationContext
                [service=iam_service]
                [correlationId=]
                [userId=]
                [keyId=]
                [challengeId=]
                - Root WebApplicationContext: initialization completed in 2028 ms
2026-06-09 11:45:58.822 [main] INFO  com.zaxxer.hikari.HikariDataSource
                [service=iam_service]
                [correlationId=]
                [userId=]
                [keyId=]
                [challengeId=]
                - HikariPool-1 - Starting...
2026-06-09 11:45:59.111 [main] INFO  com.zaxxer.hikari.pool.HikariPool
                [service=iam_service]
                [correlationId=]
                [userId=]
                [keyId=]
                [challengeId=]
                - HikariPool-1 - Added connection org.postgresql.jdbc.PgConnection@403f7aa2
2026-06-09 11:45:59.112 [main] INFO  com.zaxxer.hikari.HikariDataSource
                [service=iam_service]
                [correlationId=]
                [userId=]
                [keyId=]
                [challengeId=]
                - HikariPool-1 - Start completed.
2026-06-09 11:45:59.147 [main] INFO  org.flywaydb.core.FlywayExecutor
                [service=iam_service]
                [correlationId=]
                [userId=]
                [keyId=]
                [challengeId=]
                - Database: jdbc:postgresql://localhost:5432/iam_db (PostgreSQL 18.4)
2026-06-09 11:45:59.216 [main] INFO  o.f.core.internal.command.DbValidate
                [service=iam_service]
                [correlationId=]
                [userId=]
                [keyId=]
                [challengeId=]
                - Successfully validated 4 migrations (execution time 00:00.044s)
2026-06-09 11:45:59.257 [main] INFO  o.f.core.internal.command.DbMigrate
                [service=iam_service]
                [correlationId=]
                [userId=]
                [keyId=]
                [challengeId=]
                - Current version of schema "public": 4
2026-06-09 11:45:59.263 [main] INFO  o.f.core.internal.command.DbMigrate
                [service=iam_service]
                [correlationId=]
                [userId=]
                [keyId=]
                [challengeId=]
                - Schema "public" is up to date. No migration necessary.
2026-06-09 11:45:59.362 [main] INFO  o.h.jpa.internal.util.LogHelper
                [service=iam_service]
                [correlationId=]
                [userId=]
                [keyId=]
                [challengeId=]
                - HHH000204: Processing PersistenceUnitInfo [name: default]
2026-06-09 11:45:59.406 [main] INFO  org.hibernate.Version
                [service=iam_service]
                [correlationId=]
                [userId=]
                [keyId=]
                [challengeId=]
                - HHH000412: Hibernate ORM core version 6.5.3.Final
2026-06-09 11:45:59.432 [main] INFO  o.h.c.i.RegionFactoryInitiator
                [service=iam_service]
                [correlationId=]
                [userId=]
                [keyId=]
                [challengeId=]
                - HHH000026: Second-level cache disabled
2026-06-09 11:45:59.608 [main] INFO  o.s.o.j.p.SpringPersistenceUnitInfo
                [service=iam_service]
                [correlationId=]
                [userId=]
                [keyId=]
                [challengeId=]
                - No LoadTimeWeaver setup: ignoring JPA class transformer
2026-06-09 11:46:00.319 [main] INFO  o.h.e.t.j.p.i.JtaPlatformInitiator
                [service=iam_service]
                [correlationId=]
                [userId=]
                [keyId=]
                [challengeId=]
                - HHH000489: No JTA platform available (set 'hibernate.transaction.jta.platform' to enable JTA platform integration)
2026-06-09 11:46:00.346 [main] INFO  o.s.o.j.LocalContainerEntityManagerFactoryBean
                [service=iam_service]
                [correlationId=]
                [userId=]
                [keyId=]
                [challengeId=]
                - Initialized JPA EntityManagerFactory for persistence unit 'default'
2026-06-09 11:46:02.009 [main] INFO  o.s.b.a.e.web.EndpointLinksResolver
                [service=iam_service]
                [correlationId=]
                [userId=]
                [keyId=]
                [challengeId=]
                - Exposing 2 endpoints beneath base path '/actuator'
2026-06-09 11:46:02.066 [main] INFO  o.a.k.c.admin.AdminClientConfig
                [service=iam_service]
                [correlationId=]
                [userId=]
                [keyId=]
                [challengeId=]
                - AdminClientConfig values: 
	auto.include.jmx.reporter = true
	bootstrap.controllers = []
	bootstrap.servers = [localhost:9092]
	client.dns.lookup = use_all_dns_ips
	client.id = iam-service-admin-0
	connections.max.idle.ms = 300000
	default.api.timeout.ms = 60000
	enable.metrics.push = true
	metadata.max.age.ms = 300000
	metric.reporters = []
	metrics.num.samples = 2
	metrics.recording.level = INFO
	metrics.sample.window.ms = 30000
	receive.buffer.bytes = 65536
	reconnect.backoff.max.ms = 1000
	reconnect.backoff.ms = 50
	request.timeout.ms = 30000
	retries = 2147483647
	retry.backoff.max.ms = 1000
	retry.backoff.ms = 100
	sasl.client.callback.handler.class = null
	sasl.jaas.config = null
	sasl.kerberos.kinit.cmd = /usr/bin/kinit
	sasl.kerberos.min.time.before.relogin = 60000
	sasl.kerberos.service.name = null
	sasl.kerberos.ticket.renew.jitter = 0.05
	sasl.kerberos.ticket.renew.window.factor = 0.8
	sasl.login.callback.handler.class = null
	sasl.login.class = null
	sasl.login.connect.timeout.ms = null
	sasl.login.read.timeout.ms = null
	sasl.login.refresh.buffer.seconds = 300
	sasl.login.refresh.min.period.seconds = 60
	sasl.login.refresh.window.factor = 0.8
	sasl.login.refresh.window.jitter = 0.05
	sasl.login.retry.backoff.max.ms = 10000
	sasl.login.retry.backoff.ms = 100
	sasl.mechanism = GSSAPI
	sasl.oauthbearer.clock.skew.seconds = 30
	sasl.oauthbearer.expected.audience = null
	sasl.oauthbearer.expected.issuer = null
	sasl.oauthbearer.jwks.endpoint.refresh.ms = 3600000
	sasl.oauthbearer.jwks.endpoint.retry.backoff.max.ms = 10000
	sasl.oauthbearer.jwks.endpoint.retry.backoff.ms = 100
	sasl.oauthbearer.jwks.endpoint.url = null
	sasl.oauthbearer.scope.claim.name = scope
	sasl.oauthbearer.sub.claim.name = sub
	sasl.oauthbearer.token.endpoint.url = null
	security.protocol = PLAINTEXT
	security.providers = null
	send.buffer.bytes = 131072
	socket.connection.setup.timeout.max.ms = 30000
	socket.connection.setup.timeout.ms = 10000
	ssl.cipher.suites = null
	ssl.enabled.protocols = [TLSv1.2, TLSv1.3]
	ssl.endpoint.identification.algorithm = https
	ssl.engine.factory.class = null
	ssl.key.password = null
	ssl.keymanager.algorithm = SunX509
	ssl.keystore.certificate.chain = null
	ssl.keystore.key = null
	ssl.keystore.location = null
	ssl.keystore.password = null
	ssl.keystore.type = JKS
	ssl.protocol = TLSv1.3
	ssl.provider = null
	ssl.secure.random.implementation = null
	ssl.trustmanager.algorithm = PKIX
	ssl.truststore.certificates = null
	ssl.truststore.location = null
	ssl.truststore.password = null
	ssl.truststore.type = JKS

2026-06-09 11:46:02.136 [main] INFO  o.a.kafka.common.utils.AppInfoParser
                [service=iam_service]
                [correlationId=]
                [userId=]
                [keyId=]
                [challengeId=]
                - Kafka version: 3.7.1
2026-06-09 11:46:02.136 [main] INFO  o.a.kafka.common.utils.AppInfoParser
                [service=iam_service]
                [correlationId=]
                [userId=]
                [keyId=]
                [challengeId=]
                - Kafka commitId: e2494e6ffb89f828
2026-06-09 11:46:02.136 [main] INFO  o.a.kafka.common.utils.AppInfoParser
                [service=iam_service]
                [correlationId=]
                [userId=]
                [keyId=]
                [challengeId=]
                - Kafka startTimeMs: 1780994762135
2026-06-09 11:46:02.345 [kafka-admin-client-thread | iam-service-admin-0] INFO  o.a.kafka.common.utils.AppInfoParser
                [service=iam_service]
                [correlationId=]
                [userId=]
                [keyId=]
                [challengeId=]
                - App info kafka.admin.client for iam-service-admin-0 unregistered
2026-06-09 11:46:02.349 [kafka-admin-client-thread | iam-service-admin-0] INFO  o.a.kafka.common.metrics.Metrics
                [service=iam_service]
                [correlationId=]
                [userId=]
                [keyId=]
                [challengeId=]
                - Metrics scheduler closed
2026-06-09 11:46:02.349 [kafka-admin-client-thread | iam-service-admin-0] INFO  o.a.kafka.common.metrics.Metrics
                [service=iam_service]
                [correlationId=]
                [userId=]
                [keyId=]
                [challengeId=]
                - Closing reporter org.apache.kafka.common.metrics.JmxReporter
2026-06-09 11:46:02.350 [kafka-admin-client-thread | iam-service-admin-0] INFO  o.a.kafka.common.metrics.Metrics
                [service=iam_service]
                [correlationId=]
                [userId=]
                [keyId=]
                [challengeId=]
                - Metrics reporters closed
2026-06-09 11:46:02.352 [main] INFO  o.a.coyote.http11.Http11NioProtocol
                [service=iam_service]
                [correlationId=]
                [userId=]
                [keyId=]
                [challengeId=]
                - Starting ProtocolHandler ["http-nio-8081"]
2026-06-09 11:46:02.361 [main] INFO  o.s.b.w.e.tomcat.TomcatWebServer
                [service=iam_service]
                [correlationId=]
                [userId=]
                [keyId=]
                [challengeId=]
                - Tomcat started on port 8081 (http) with context path '/'
2026-06-09 11:46:02.381 [main] INFO  c.c.iam.IamServiceApplication
                [service=iam_service]
                [correlationId=]
                [userId=]
                [keyId=]
                [challengeId=]
                - Started IamServiceApplication in 6.528 seconds (process running for 6.782)
2026-06-09 11:47:28.558 [http-nio-8081-exec-1] INFO  o.a.c.c.C.[Tomcat].[localhost].[/]
                [service=iam_service]
                [correlationId=]
                [userId=]
                [keyId=]
                [challengeId=]
                - Initializing Spring DispatcherServlet 'dispatcherServlet'
2026-06-09 11:47:28.558 [http-nio-8081-exec-1] INFO  o.s.web.servlet.DispatcherServlet
                [service=iam_service]
                [correlationId=]
                [userId=]
                [keyId=]
                [challengeId=]
                - Initializing Servlet 'dispatcherServlet'
2026-06-09 11:47:28.560 [http-nio-8081-exec-1] INFO  o.s.web.servlet.DispatcherServlet
                [service=iam_service]
                [correlationId=]
                [userId=]
                [keyId=]
                [challengeId=]
                - Completed initialization in 2 ms
2026-06-09 11:47:28.566 [http-nio-8081-exec-1] INFO  c.c.i.c.filter.RequestLoggingFilter
                [service=iam_service]
                [correlationId=fd605720-bf18-4ece-81d9-44c905abe912]
                [userId=]
                [keyId=]
                [challengeId=]
                - HTTP_REQUEST_STARTED method=GET path=/api/auth/v3/api-docs correlationId=fd605720-bf18-4ece-81d9-44c905abe912
2026-06-09 11:47:29.039 [http-nio-8081-exec-1] INFO  o.s.api.AbstractOpenApiResource
                [service=iam_service]
                [correlationId=fd605720-bf18-4ece-81d9-44c905abe912]
                [userId=]
                [keyId=]
                [challengeId=]
                - Init duration for springdoc-openapi is: 430 ms
2026-06-09 11:47:29.072 [http-nio-8081-exec-1] INFO  c.c.i.c.filter.RequestLoggingFilter
                [service=iam_service]
                [correlationId=fd605720-bf18-4ece-81d9-44c905abe912]
                [userId=]
                [keyId=]
                [challengeId=]
                - HTTP_REQUEST_COMPLETED method=GET path=/api/auth/v3/api-docs status=200 durationMs=505 correlationId=fd605720-bf18-4ece-81d9-44c905abe912
2026-06-09 11:47:46.054 [http-nio-8081-exec-2] INFO  c.c.i.c.filter.RequestLoggingFilter
                [service=iam_service]
                [correlationId=719b1cdc-2249-4b69-84d4-3ab445f447d0]
                [userId=]
                [keyId=]
                [challengeId=]
                - HTTP_REQUEST_STARTED method=GET path=/api/auth/dev/keypair correlationId=719b1cdc-2249-4b69-84d4-3ab445f447d0
2026-06-09 11:47:46.079 [http-nio-8081-exec-2] INFO  c.c.i.c.filter.RequestLoggingFilter
                [service=iam_service]
                [correlationId=719b1cdc-2249-4b69-84d4-3ab445f447d0]
                [userId=]
                [keyId=]
                [challengeId=]
                - HTTP_REQUEST_COMPLETED method=GET path=/api/auth/dev/keypair status=200 durationMs=25 correlationId=719b1cdc-2249-4b69-84d4-3ab445f447d0
2026-06-09 11:47:52.100 [http-nio-8081-exec-3] INFO  c.c.i.c.filter.RequestLoggingFilter
                [service=iam_service]
                [correlationId=2ca597a1-ba0d-4915-ae51-78e8871caac9]
                [userId=]
                [keyId=]
                [challengeId=]
                - HTTP_REQUEST_STARTED method=GET path=/api/auth/dev/keypair correlationId=2ca597a1-ba0d-4915-ae51-78e8871caac9
2026-06-09 11:47:52.104 [http-nio-8081-exec-3] INFO  c.c.i.c.filter.RequestLoggingFilter
                [service=iam_service]
                [correlationId=2ca597a1-ba0d-4915-ae51-78e8871caac9]
                [userId=]
                [keyId=]
                [challengeId=]
                - HTTP_REQUEST_COMPLETED method=GET path=/api/auth/dev/keypair status=200 durationMs=4 correlationId=2ca597a1-ba0d-4915-ae51-78e8871caac9
2026-06-09 11:51:25.571 [http-nio-8081-exec-8] INFO  c.c.i.c.filter.RequestLoggingFilter
                [service=iam_service]
                [correlationId=d25b2d46-813b-413d-a8fb-4ae1e4c29a5e]
                [userId=]
                [keyId=]
                [challengeId=]
                - HTTP_REQUEST_STARTED method=GET path=/swagger-ui.html correlationId=d25b2d46-813b-413d-a8fb-4ae1e4c29a5e
2026-06-09 11:51:25.585 [http-nio-8081-exec-8] INFO  c.c.i.c.filter.RequestLoggingFilter
                [service=iam_service]
                [correlationId=d25b2d46-813b-413d-a8fb-4ae1e4c29a5e]
                [userId=]
                [keyId=]
                [challengeId=]
                - HTTP_REQUEST_COMPLETED method=GET path=/swagger-ui.html status=302 durationMs=14 correlationId=d25b2d46-813b-413d-a8fb-4ae1e4c29a5e
2026-06-09 11:51:25.590 [http-nio-8081-exec-7] INFO  c.c.i.c.filter.RequestLoggingFilter
                [service=iam_service]
                [correlationId=16e31bf3-89d2-4fdd-aa1e-a02fc6b5d368]
                [userId=]
                [keyId=]
                [challengeId=]
                - HTTP_REQUEST_STARTED method=GET path=/swagger-ui/index.html correlationId=16e31bf3-89d2-4fdd-aa1e-a02fc6b5d368
2026-06-09 11:51:25.596 [http-nio-8081-exec-7] INFO  c.c.i.c.filter.RequestLoggingFilter
                [service=iam_service]
                [correlationId=16e31bf3-89d2-4fdd-aa1e-a02fc6b5d368]
                [userId=]
                [keyId=]
                [challengeId=]
                - HTTP_REQUEST_COMPLETED method=GET path=/swagger-ui/index.html status=304 durationMs=6 correlationId=16e31bf3-89d2-4fdd-aa1e-a02fc6b5d368
2026-06-09 11:51:25.611 [http-nio-8081-exec-6] INFO  c.c.i.c.filter.RequestLoggingFilter
                [service=iam_service]
                [correlationId=c0306009-b3e7-4b33-b78f-8d1c3f4740e7]
                [userId=]
                [keyId=]
                [challengeId=]
                - HTTP_REQUEST_STARTED method=GET path=/swagger-ui/swagger-ui.css correlationId=c0306009-b3e7-4b33-b78f-8d1c3f4740e7
2026-06-09 11:51:25.613 [http-nio-8081-exec-6] INFO  c.c.i.c.filter.RequestLoggingFilter
                [service=iam_service]
                [correlationId=c0306009-b3e7-4b33-b78f-8d1c3f4740e7]
                [userId=]
                [keyId=]
                [challengeId=]
                - HTTP_REQUEST_COMPLETED method=GET path=/swagger-ui/swagger-ui.css status=304 durationMs=2 correlationId=c0306009-b3e7-4b33-b78f-8d1c3f4740e7
2026-06-09 11:51:25.615 [http-nio-8081-exec-9] INFO  c.c.i.c.filter.RequestLoggingFilter
                [service=iam_service]
                [correlationId=bef1faa9-3ff3-4e42-af09-97f4a5b82b53]
                [userId=]
                [keyId=]
                [challengeId=]
                - HTTP_REQUEST_STARTED method=GET path=/swagger-ui/swagger-initializer.js correlationId=bef1faa9-3ff3-4e42-af09-97f4a5b82b53
2026-06-09 11:51:25.615 [http-nio-8081-exec-10] INFO  c.c.i.c.filter.RequestLoggingFilter
                [service=iam_service]
                [correlationId=b5d5fd1b-ccac-4e64-9ed6-96988fcf3109]
                [userId=]
                [keyId=]
                [challengeId=]
                - HTTP_REQUEST_STARTED method=GET path=/swagger-ui/index.css correlationId=b5d5fd1b-ccac-4e64-9ed6-96988fcf3109
2026-06-09 11:51:25.615 [http-nio-8081-exec-1] INFO  c.c.i.c.filter.RequestLoggingFilter
                [service=iam_service]
                [correlationId=447efeb5-5260-4252-a571-f6456f5e9bd5]
                [userId=]
                [keyId=]
                [challengeId=]
                - HTTP_REQUEST_STARTED method=GET path=/swagger-ui/swagger-ui-bundle.js correlationId=447efeb5-5260-4252-a571-f6456f5e9bd5
2026-06-09 11:51:25.615 [http-nio-8081-exec-2] INFO  c.c.i.c.filter.RequestLoggingFilter
                [service=iam_service]
                [correlationId=8daf9229-f979-4f9e-b82f-9ca112e9e468]
                [userId=]
                [keyId=]
                [challengeId=]
                - HTTP_REQUEST_STARTED method=GET path=/swagger-ui/swagger-ui-standalone-preset.js correlationId=8daf9229-f979-4f9e-b82f-9ca112e9e468
2026-06-09 11:51:25.617 [http-nio-8081-exec-1] INFO  c.c.i.c.filter.RequestLoggingFilter
                [service=iam_service]
                [correlationId=447efeb5-5260-4252-a571-f6456f5e9bd5]
                [userId=]
                [keyId=]
                [challengeId=]
                - HTTP_REQUEST_COMPLETED method=GET path=/swagger-ui/swagger-ui-bundle.js status=304 durationMs=2 correlationId=447efeb5-5260-4252-a571-f6456f5e9bd5
2026-06-09 11:51:25.617 [http-nio-8081-exec-2] INFO  c.c.i.c.filter.RequestLoggingFilter
                [service=iam_service]
                [correlationId=8daf9229-f979-4f9e-b82f-9ca112e9e468]
                [userId=]
                [keyId=]
                [challengeId=]
                - HTTP_REQUEST_COMPLETED method=GET path=/swagger-ui/swagger-ui-standalone-preset.js status=304 durationMs=2 correlationId=8daf9229-f979-4f9e-b82f-9ca112e9e468
2026-06-09 11:51:25.617 [http-nio-8081-exec-10] INFO  c.c.i.c.filter.RequestLoggingFilter
                [service=iam_service]
                [correlationId=b5d5fd1b-ccac-4e64-9ed6-96988fcf3109]
                [userId=]
                [keyId=]
                [challengeId=]
                - HTTP_REQUEST_COMPLETED method=GET path=/swagger-ui/index.css status=304 durationMs=2 correlationId=b5d5fd1b-ccac-4e64-9ed6-96988fcf3109
2026-06-09 11:51:25.627 [http-nio-8081-exec-9] INFO  c.c.i.c.filter.RequestLoggingFilter
                [service=iam_service]
                [correlationId=bef1faa9-3ff3-4e42-af09-97f4a5b82b53]
                [userId=]
                [keyId=]
                [challengeId=]
                - HTTP_REQUEST_COMPLETED method=GET path=/swagger-ui/swagger-initializer.js status=200 durationMs=12 correlationId=bef1faa9-3ff3-4e42-af09-97f4a5b82b53
2026-06-09 11:51:25.685 [http-nio-8081-exec-3] INFO  c.c.i.c.filter.RequestLoggingFilter
                [service=iam_service]
                [correlationId=62309496-a59a-4450-8bae-4d8ffe59b0f6]
                [userId=]
                [keyId=]
                [challengeId=]
                - HTTP_REQUEST_STARTED method=GET path=/api/auth/v3/api-docs/swagger-config correlationId=62309496-a59a-4450-8bae-4d8ffe59b0f6
2026-06-09 11:51:25.688 [http-nio-8081-exec-3] INFO  c.c.i.c.filter.RequestLoggingFilter
                [service=iam_service]
                [correlationId=62309496-a59a-4450-8bae-4d8ffe59b0f6]
                [userId=]
                [keyId=]
                [challengeId=]
                - HTTP_REQUEST_COMPLETED method=GET path=/api/auth/v3/api-docs/swagger-config status=200 durationMs=3 correlationId=62309496-a59a-4450-8bae-4d8ffe59b0f6
2026-06-09 11:51:25.693 [http-nio-8081-exec-4] INFO  c.c.i.c.filter.RequestLoggingFilter
                [service=iam_service]
                [correlationId=a86de57f-ca28-4f41-a9c2-3399687f53b0]
                [userId=]
                [keyId=]
                [challengeId=]
                - HTTP_REQUEST_STARTED method=GET path=/api/auth/v3/api-docs correlationId=a86de57f-ca28-4f41-a9c2-3399687f53b0
2026-06-09 11:51:25.698 [http-nio-8081-exec-4] INFO  c.c.i.c.filter.RequestLoggingFilter
                [service=iam_service]
                [correlationId=a86de57f-ca28-4f41-a9c2-3399687f53b0]
                [userId=]
                [keyId=]
                [challengeId=]
                - HTTP_REQUEST_COMPLETED method=GET path=/api/auth/v3/api-docs status=200 durationMs=5 correlationId=a86de57f-ca28-4f41-a9c2-3399687f53b0
2026-06-09 11:51:30.170 [http-nio-8081-exec-5] INFO  c.c.i.c.filter.RequestLoggingFilter
                [service=iam_service]
                [correlationId=84ec4e81-8b84-4da1-a68c-d30713102638]
                [userId=]
                [keyId=]
                [challengeId=]
                - HTTP_REQUEST_STARTED method=GET path=/api/auth/dev/keypair correlationId=84ec4e81-8b84-4da1-a68c-d30713102638
2026-06-09 11:51:30.174 [http-nio-8081-exec-5] INFO  c.c.i.c.filter.RequestLoggingFilter
                [service=iam_service]
                [correlationId=84ec4e81-8b84-4da1-a68c-d30713102638]
                [userId=]
                [keyId=]
                [challengeId=]
                - HTTP_REQUEST_COMPLETED method=GET path=/api/auth/dev/keypair status=200 durationMs=4 correlationId=84ec4e81-8b84-4da1-a68c-d30713102638
2026-06-09 11:51:55.395 [SpringApplicationShutdownHook] INFO  o.s.o.j.LocalContainerEntityManagerFactoryBean
                [service=iam_service]
                [correlationId=]
                [userId=]
                [keyId=]
                [challengeId=]
                - Closing JPA EntityManagerFactory for persistence unit 'default'
2026-06-09 11:51:55.397 [SpringApplicationShutdownHook] INFO  com.zaxxer.hikari.HikariDataSource
                [service=iam_service]
                [correlationId=]
                [userId=]
                [keyId=]
                [challengeId=]
                - HikariPool-1 - Shutdown initiated...
2026-06-09 11:51:55.401 [SpringApplicationShutdownHook] INFO  com.zaxxer.hikari.HikariDataSource
                [service=iam_service]
                [correlationId=]
                [userId=]
                [keyId=]
                [challengeId=]
                - HikariPool-1 - Shutdown completed.
2026-06-09 13:38:13.671 [background-preinit] INFO  o.h.validator.internal.util.Version
                [service=iam_service]
                [correlationId=]
                [userId=]
                [keyId=]
                [challengeId=]
                - HV000001: Hibernate Validator 8.0.1.Final
2026-06-09 13:38:13.705 [main] INFO  c.c.iam.IamServiceApplication
                [service=iam_service]
                [correlationId=]
                [userId=]
                [keyId=]
                [challengeId=]
                - Starting IamServiceApplication using Java 17.0.19 with PID 17864 (C:\Users\Lenovo\IdeaProjects\5th_Spring_miceoservice\services\iam\target\classes started by Lenovo in C:\Users\Lenovo\IdeaProjects\5th_Spring_miceoservice)
2026-06-09 13:38:13.706 [main] INFO  c.c.iam.IamServiceApplication
                [service=iam_service]
                [correlationId=]
                [userId=]
                [keyId=]
                [challengeId=]
                - No active profile set, falling back to 1 default profile: "default"
2026-06-09 13:38:14.682 [main] INFO  o.s.d.r.c.RepositoryConfigurationDelegate
                [service=iam_service]
                [correlationId=]
                [userId=]
                [keyId=]
                [challengeId=]
                - Bootstrapping Spring Data JPA repositories in DEFAULT mode.
2026-06-09 13:38:14.780 [main] INFO  o.s.d.r.c.RepositoryConfigurationDelegate
                [service=iam_service]
                [correlationId=]
                [userId=]
                [keyId=]
                [challengeId=]
                - Finished Spring Data repository scanning in 90 ms. Found 4 JPA repository interfaces.
2026-06-09 13:38:15.703 [main] INFO  o.s.b.w.e.tomcat.TomcatWebServer
                [service=iam_service]
                [correlationId=]
                [userId=]
                [keyId=]
                [challengeId=]
                - Tomcat initialized with port 8081 (http)
2026-06-09 13:38:15.730 [main] INFO  o.a.coyote.http11.Http11NioProtocol
                [service=iam_service]
                [correlationId=]
                [userId=]
                [keyId=]
                [challengeId=]
                - Initializing ProtocolHandler ["http-nio-8081"]
2026-06-09 13:38:15.735 [main] INFO  o.a.catalina.core.StandardService
                [service=iam_service]
                [correlationId=]
                [userId=]
                [keyId=]
                [challengeId=]
                - Starting service [Tomcat]
2026-06-09 13:38:15.735 [main] INFO  o.a.catalina.core.StandardEngine
                [service=iam_service]
                [correlationId=]
                [userId=]
                [keyId=]
                [challengeId=]
                - Starting Servlet engine: [Apache Tomcat/10.1.31]
2026-06-09 13:38:15.817 [main] INFO  o.a.c.c.C.[Tomcat].[localhost].[/]
                [service=iam_service]
                [correlationId=]
                [userId=]
                [keyId=]
                [challengeId=]
                - Initializing Spring embedded WebApplicationContext
2026-06-09 13:38:15.818 [main] INFO  o.s.b.w.s.c.ServletWebServerApplicationContext
                [service=iam_service]
                [correlationId=]
                [userId=]
                [keyId=]
                [challengeId=]
                - Root WebApplicationContext: initialization completed in 2079 ms
2026-06-09 13:38:16.408 [main] INFO  com.zaxxer.hikari.HikariDataSource
                [service=iam_service]
                [correlationId=]
                [userId=]
                [keyId=]
                [challengeId=]
                - HikariPool-1 - Starting...
2026-06-09 13:38:16.574 [main] INFO  com.zaxxer.hikari.pool.HikariPool
                [service=iam_service]
                [correlationId=]
                [userId=]
                [keyId=]
                [challengeId=]
                - HikariPool-1 - Added connection org.postgresql.jdbc.PgConnection@4fee14b
2026-06-09 13:38:16.575 [main] INFO  com.zaxxer.hikari.HikariDataSource
                [service=iam_service]
                [correlationId=]
                [userId=]
                [keyId=]
                [challengeId=]
                - HikariPool-1 - Start completed.
2026-06-09 13:38:16.612 [main] INFO  org.flywaydb.core.FlywayExecutor
                [service=iam_service]
                [correlationId=]
                [userId=]
                [keyId=]
                [challengeId=]
                - Database: jdbc:postgresql://localhost:5432/iam_db (PostgreSQL 18.4)
2026-06-09 13:38:16.671 [main] INFO  o.f.core.internal.command.DbValidate
                [service=iam_service]
                [correlationId=]
                [userId=]
                [keyId=]
                [challengeId=]
                - Successfully validated 4 migrations (execution time 00:00.040s)
2026-06-09 13:38:16.723 [main] INFO  o.f.core.internal.command.DbMigrate
                [service=iam_service]
                [correlationId=]
                [userId=]
                [keyId=]
                [challengeId=]
                - Current version of schema "public": 4
2026-06-09 13:38:16.731 [main] INFO  o.f.core.internal.command.DbMigrate
                [service=iam_service]
                [correlationId=]
                [userId=]
                [keyId=]
                [challengeId=]
                - Schema "public" is up to date. No migration necessary.
2026-06-09 13:38:16.883 [main] INFO  o.h.jpa.internal.util.LogHelper
                [service=iam_service]
                [correlationId=]
                [userId=]
                [keyId=]
                [challengeId=]
                - HHH000204: Processing PersistenceUnitInfo [name: default]
2026-06-09 13:38:16.939 [main] INFO  org.hibernate.Version
                [service=iam_service]
                [correlationId=]
                [userId=]
                [keyId=]
                [challengeId=]
                - HHH000412: Hibernate ORM core version 6.5.3.Final
2026-06-09 13:38:16.974 [main] INFO  o.h.c.i.RegionFactoryInitiator
                [service=iam_service]
                [correlationId=]
                [userId=]
                [keyId=]
                [challengeId=]
                - HHH000026: Second-level cache disabled
2026-06-09 13:38:17.181 [main] INFO  o.s.o.j.p.SpringPersistenceUnitInfo
                [service=iam_service]
                [correlationId=]
                [userId=]
                [keyId=]
                [challengeId=]
                - No LoadTimeWeaver setup: ignoring JPA class transformer
2026-06-09 13:38:17.990 [main] INFO  o.h.e.t.j.p.i.JtaPlatformInitiator
                [service=iam_service]
                [correlationId=]
                [userId=]
                [keyId=]
                [challengeId=]
                - HHH000489: No JTA platform available (set 'hibernate.transaction.jta.platform' to enable JTA platform integration)
2026-06-09 13:38:18.020 [main] INFO  o.s.o.j.LocalContainerEntityManagerFactoryBean
                [service=iam_service]
                [correlationId=]
                [userId=]
                [keyId=]
                [challengeId=]
                - Initialized JPA EntityManagerFactory for persistence unit 'default'
2026-06-09 13:38:19.825 [main] INFO  o.s.b.a.e.web.EndpointLinksResolver
                [service=iam_service]
                [correlationId=]
                [userId=]
                [keyId=]
                [challengeId=]
                - Exposing 2 endpoints beneath base path '/actuator'
2026-06-09 13:38:19.886 [main] INFO  o.a.k.c.admin.AdminClientConfig
                [service=iam_service]
                [correlationId=]
                [userId=]
                [keyId=]
                [challengeId=]
                - AdminClientConfig values: 
	auto.include.jmx.reporter = true
	bootstrap.controllers = []
	bootstrap.servers = [localhost:9092]
	client.dns.lookup = use_all_dns_ips
	client.id = iam-service-admin-0
	connections.max.idle.ms = 300000
	default.api.timeout.ms = 60000
	enable.metrics.push = true
	metadata.max.age.ms = 300000
	metric.reporters = []
	metrics.num.samples = 2
	metrics.recording.level = INFO
	metrics.sample.window.ms = 30000
	receive.buffer.bytes = 65536
	reconnect.backoff.max.ms = 1000
	reconnect.backoff.ms = 50
	request.timeout.ms = 30000
	retries = 2147483647
	retry.backoff.max.ms = 1000
	retry.backoff.ms = 100
	sasl.client.callback.handler.class = null
	sasl.jaas.config = null
	sasl.kerberos.kinit.cmd = /usr/bin/kinit
	sasl.kerberos.min.time.before.relogin = 60000
	sasl.kerberos.service.name = null
	sasl.kerberos.ticket.renew.jitter = 0.05
	sasl.kerberos.ticket.renew.window.factor = 0.8
	sasl.login.callback.handler.class = null
	sasl.login.class = null
	sasl.login.connect.timeout.ms = null
	sasl.login.read.timeout.ms = null
	sasl.login.refresh.buffer.seconds = 300
	sasl.login.refresh.min.period.seconds = 60
	sasl.login.refresh.window.factor = 0.8
	sasl.login.refresh.window.jitter = 0.05
	sasl.login.retry.backoff.max.ms = 10000
	sasl.login.retry.backoff.ms = 100
	sasl.mechanism = GSSAPI
	sasl.oauthbearer.clock.skew.seconds = 30
	sasl.oauthbearer.expected.audience = null
	sasl.oauthbearer.expected.issuer = null
	sasl.oauthbearer.jwks.endpoint.refresh.ms = 3600000
	sasl.oauthbearer.jwks.endpoint.retry.backoff.max.ms = 10000
	sasl.oauthbearer.jwks.endpoint.retry.backoff.ms = 100
	sasl.oauthbearer.jwks.endpoint.url = null
	sasl.oauthbearer.scope.claim.name = scope
	sasl.oauthbearer.sub.claim.name = sub
	sasl.oauthbearer.token.endpoint.url = null
	security.protocol = PLAINTEXT
	security.providers = null
	send.buffer.bytes = 131072
	socket.connection.setup.timeout.max.ms = 30000
	socket.connection.setup.timeout.ms = 10000
	ssl.cipher.suites = null
	ssl.enabled.protocols = [TLSv1.2, TLSv1.3]
	ssl.endpoint.identification.algorithm = https
	ssl.engine.factory.class = null
	ssl.key.password = null
	ssl.keymanager.algorithm = SunX509
	ssl.keystore.certificate.chain = null
	ssl.keystore.key = null
	ssl.keystore.location = null
	ssl.keystore.password = null
	ssl.keystore.type = JKS
	ssl.protocol = TLSv1.3
	ssl.provider = null
	ssl.secure.random.implementation = null
	ssl.trustmanager.algorithm = PKIX
	ssl.truststore.certificates = null
	ssl.truststore.location = null
	ssl.truststore.password = null
	ssl.truststore.type = JKS

2026-06-09 13:38:19.960 [main] INFO  o.a.kafka.common.utils.AppInfoParser
                [service=iam_service]
                [correlationId=]
                [userId=]
                [keyId=]
                [challengeId=]
                - Kafka version: 3.7.1
2026-06-09 13:38:19.960 [main] INFO  o.a.kafka.common.utils.AppInfoParser
                [service=iam_service]
                [correlationId=]
                [userId=]
                [keyId=]
                [challengeId=]
                - Kafka commitId: e2494e6ffb89f828
2026-06-09 13:38:19.960 [main] INFO  o.a.kafka.common.utils.AppInfoParser
                [service=iam_service]
                [correlationId=]
                [userId=]
                [keyId=]
                [challengeId=]
                - Kafka startTimeMs: 1781001499959
2026-06-09 13:38:20.201 [kafka-admin-client-thread | iam-service-admin-0] INFO  o.a.kafka.common.utils.AppInfoParser
                [service=iam_service]
                [correlationId=]
                [userId=]
                [keyId=]
                [challengeId=]
                - App info kafka.admin.client for iam-service-admin-0 unregistered
2026-06-09 13:38:20.208 [kafka-admin-client-thread | iam-service-admin-0] INFO  o.a.kafka.common.metrics.Metrics
                [service=iam_service]
                [correlationId=]
                [userId=]
                [keyId=]
                [challengeId=]
                - Metrics scheduler closed
2026-06-09 13:38:20.209 [kafka-admin-client-thread | iam-service-admin-0] INFO  o.a.kafka.common.metrics.Metrics
                [service=iam_service]
                [correlationId=]
                [userId=]
                [keyId=]
                [challengeId=]
                - Closing reporter org.apache.kafka.common.metrics.JmxReporter
2026-06-09 13:38:20.209 [kafka-admin-client-thread | iam-service-admin-0] INFO  o.a.kafka.common.metrics.Metrics
                [service=iam_service]
                [correlationId=]
                [userId=]
                [keyId=]
                [challengeId=]
                - Metrics reporters closed
2026-06-09 13:38:20.212 [main] INFO  o.a.coyote.http11.Http11NioProtocol
                [service=iam_service]
                [correlationId=]
                [userId=]
                [keyId=]
                [challengeId=]
                - Starting ProtocolHandler ["http-nio-8081"]
2026-06-09 13:38:20.221 [main] INFO  o.s.b.w.e.tomcat.TomcatWebServer
                [service=iam_service]
                [correlationId=]
                [userId=]
                [keyId=]
                [challengeId=]
                - Tomcat started on port 8081 (http) with context path '/'
2026-06-09 13:38:20.245 [main] INFO  c.c.iam.IamServiceApplication
                [service=iam_service]
                [correlationId=]
                [userId=]
                [keyId=]
                [challengeId=]
                - Started IamServiceApplication in 6.904 seconds (process running for 7.153)
2026-06-09 13:39:30.538 [http-nio-8081-exec-1] INFO  o.a.c.c.C.[Tomcat].[localhost].[/]
                [service=iam_service]
                [correlationId=]
                [userId=]
                [keyId=]
                [challengeId=]
                - Initializing Spring DispatcherServlet 'dispatcherServlet'
2026-06-09 13:39:30.539 [http-nio-8081-exec-1] INFO  o.s.web.servlet.DispatcherServlet
                [service=iam_service]
                [correlationId=]
                [userId=]
                [keyId=]
                [challengeId=]
                - Initializing Servlet 'dispatcherServlet'
2026-06-09 13:39:30.540 [http-nio-8081-exec-1] INFO  o.s.web.servlet.DispatcherServlet
                [service=iam_service]
                [correlationId=]
                [userId=]
                [keyId=]
                [challengeId=]
                - Completed initialization in 1 ms
2026-06-09 13:39:30.544 [http-nio-8081-exec-1] INFO  c.c.i.c.filter.RequestLoggingFilter
                [service=iam_service]
                [correlationId=254380ae-551d-42db-8b62-b70411fc420a]
                [userId=]
                [keyId=]
                [challengeId=]
                - HTTP_REQUEST_STARTED method=GET path=/api/auth/v3/api-docs correlationId=254380ae-551d-42db-8b62-b70411fc420a
2026-06-09 13:39:30.799 [http-nio-8081-exec-1] INFO  o.s.api.AbstractOpenApiResource
                [service=iam_service]
                [correlationId=254380ae-551d-42db-8b62-b70411fc420a]
                [userId=]
                [keyId=]
                [challengeId=]
                - Init duration for springdoc-openapi is: 226 ms
2026-06-09 13:39:30.823 [http-nio-8081-exec-1] INFO  c.c.i.c.filter.RequestLoggingFilter
                [service=iam_service]
                [correlationId=254380ae-551d-42db-8b62-b70411fc420a]
                [userId=]
                [keyId=]
                [challengeId=]
                - HTTP_REQUEST_COMPLETED method=GET path=/api/auth/v3/api-docs status=200 durationMs=279 correlationId=254380ae-551d-42db-8b62-b70411fc420a
2026-06-09 13:40:33.159 [SpringApplicationShutdownHook] INFO  o.s.o.j.LocalContainerEntityManagerFactoryBean
                [service=iam_service]
                [correlationId=]
                [userId=]
                [keyId=]
                [challengeId=]
                - Closing JPA EntityManagerFactory for persistence unit 'default'
2026-06-09 13:40:33.162 [SpringApplicationShutdownHook] INFO  com.zaxxer.hikari.HikariDataSource
                [service=iam_service]
                [correlationId=]
                [userId=]
                [keyId=]
                [challengeId=]
                - HikariPool-1 - Shutdown initiated...
2026-06-09 13:40:33.165 [SpringApplicationShutdownHook] INFO  com.zaxxer.hikari.HikariDataSource
                [service=iam_service]
                [correlationId=]
                [userId=]
                [keyId=]
                [challengeId=]
                - HikariPool-1 - Shutdown completed.
2026-06-09 13:42:47.100 [background-preinit] INFO  o.h.validator.internal.util.Version
                [service=iam_service]
                [correlationId=]
                [userId=]
                [keyId=]
                [challengeId=]
                - HV000001: Hibernate Validator 8.0.1.Final
2026-06-09 13:42:47.132 [main] INFO  c.c.iam.IamServiceApplication
                [service=iam_service]
                [correlationId=]
                [userId=]
                [keyId=]
                [challengeId=]
                - Starting IamServiceApplication using Java 17.0.19 with PID 20956 (C:\Users\Lenovo\IdeaProjects\5th_Spring_miceoservice\services\iam\target\classes started by Lenovo in C:\Users\Lenovo\IdeaProjects\5th_Spring_miceoservice)
2026-06-09 13:42:47.132 [main] INFO  c.c.iam.IamServiceApplication
                [service=iam_service]
                [correlationId=]
                [userId=]
                [keyId=]
                [challengeId=]
                - No active profile set, falling back to 1 default profile: "default"
2026-06-09 13:42:48.047 [main] INFO  o.s.d.r.c.RepositoryConfigurationDelegate
                [service=iam_service]
                [correlationId=]
                [userId=]
                [keyId=]
                [challengeId=]
                - Bootstrapping Spring Data JPA repositories in DEFAULT mode.
2026-06-09 13:42:48.141 [main] INFO  o.s.d.r.c.RepositoryConfigurationDelegate
                [service=iam_service]
                [correlationId=]
                [userId=]
                [keyId=]
                [challengeId=]
                - Finished Spring Data repository scanning in 87 ms. Found 4 JPA repository interfaces.
2026-06-09 13:42:48.983 [main] INFO  o.s.b.w.e.tomcat.TomcatWebServer
                [service=iam_service]
                [correlationId=]
                [userId=]
                [keyId=]
                [challengeId=]
                - Tomcat initialized with port 8081 (http)
2026-06-09 13:42:48.998 [main] INFO  o.a.coyote.http11.Http11NioProtocol
                [service=iam_service]
                [correlationId=]
                [userId=]
                [keyId=]
                [challengeId=]
                - Initializing ProtocolHandler ["http-nio-8081"]
2026-06-09 13:42:49.004 [main] INFO  o.a.catalina.core.StandardService
                [service=iam_service]
                [correlationId=]
                [userId=]
                [keyId=]
                [challengeId=]
                - Starting service [Tomcat]
2026-06-09 13:42:49.005 [main] INFO  o.a.catalina.core.StandardEngine
                [service=iam_service]
                [correlationId=]
                [userId=]
                [keyId=]
                [challengeId=]
                - Starting Servlet engine: [Apache Tomcat/10.1.31]
2026-06-09 13:42:49.115 [main] INFO  o.a.c.c.C.[Tomcat].[localhost].[/]
                [service=iam_service]
                [correlationId=]
                [userId=]
                [keyId=]
                [challengeId=]
                - Initializing Spring embedded WebApplicationContext
2026-06-09 13:42:49.117 [main] INFO  o.s.b.w.s.c.ServletWebServerApplicationContext
                [service=iam_service]
                [correlationId=]
                [userId=]
                [keyId=]
                [challengeId=]
                - Root WebApplicationContext: initialization completed in 1952 ms
2026-06-09 13:42:49.682 [main] INFO  com.zaxxer.hikari.HikariDataSource
                [service=iam_service]
                [correlationId=]
                [userId=]
                [keyId=]
                [challengeId=]
                - HikariPool-1 - Starting...
2026-06-09 13:42:49.820 [main] INFO  com.zaxxer.hikari.pool.HikariPool
                [service=iam_service]
                [correlationId=]
                [userId=]
                [keyId=]
                [challengeId=]
                - HikariPool-1 - Added connection org.postgresql.jdbc.PgConnection@97b5e6a
2026-06-09 13:42:49.822 [main] INFO  com.zaxxer.hikari.HikariDataSource
                [service=iam_service]
                [correlationId=]
                [userId=]
                [keyId=]
                [challengeId=]
                - HikariPool-1 - Start completed.
2026-06-09 13:42:49.866 [main] INFO  org.flywaydb.core.FlywayExecutor
                [service=iam_service]
                [correlationId=]
                [userId=]
                [keyId=]
                [challengeId=]
                - Database: jdbc:postgresql://localhost:5432/iam_db (PostgreSQL 18.4)
2026-06-09 13:42:49.938 [main] INFO  o.f.core.internal.command.DbValidate
                [service=iam_service]
                [correlationId=]
                [userId=]
                [keyId=]
                [challengeId=]
                - Successfully validated 4 migrations (execution time 00:00.049s)
2026-06-09 13:42:49.975 [main] INFO  o.f.core.internal.command.DbMigrate
                [service=iam_service]
                [correlationId=]
                [userId=]
                [keyId=]
                [challengeId=]
                - Current version of schema "public": 4
2026-06-09 13:42:49.981 [main] INFO  o.f.core.internal.command.DbMigrate
                [service=iam_service]
                [correlationId=]
                [userId=]
                [keyId=]
                [challengeId=]
                - Schema "public" is up to date. No migration necessary.
2026-06-09 13:42:50.115 [main] INFO  o.h.jpa.internal.util.LogHelper
                [service=iam_service]
                [correlationId=]
                [userId=]
                [keyId=]
                [challengeId=]
                - HHH000204: Processing PersistenceUnitInfo [name: default]
2026-06-09 13:42:50.172 [main] INFO  org.hibernate.Version
                [service=iam_service]
                [correlationId=]
                [userId=]
                [keyId=]
                [challengeId=]
                - HHH000412: Hibernate ORM core version 6.5.3.Final
2026-06-09 13:42:50.196 [main] INFO  o.h.c.i.RegionFactoryInitiator
                [service=iam_service]
                [correlationId=]
                [userId=]
                [keyId=]
                [challengeId=]
                - HHH000026: Second-level cache disabled
2026-06-09 13:42:50.379 [main] INFO  o.s.o.j.p.SpringPersistenceUnitInfo
                [service=iam_service]
                [correlationId=]
                [userId=]
                [keyId=]
                [challengeId=]
                - No LoadTimeWeaver setup: ignoring JPA class transformer
2026-06-09 13:42:51.189 [main] INFO  o.h.e.t.j.p.i.JtaPlatformInitiator
                [service=iam_service]
                [correlationId=]
                [userId=]
                [keyId=]
                [challengeId=]
                - HHH000489: No JTA platform available (set 'hibernate.transaction.jta.platform' to enable JTA platform integration)
2026-06-09 13:42:51.223 [main] INFO  o.s.o.j.LocalContainerEntityManagerFactoryBean
                [service=iam_service]
                [correlationId=]
                [userId=]
                [keyId=]
                [challengeId=]
                - Initialized JPA EntityManagerFactory for persistence unit 'default'
2026-06-09 13:42:53.203 [main] INFO  o.s.b.a.e.web.EndpointLinksResolver
                [service=iam_service]
                [correlationId=]
                [userId=]
                [keyId=]
                [challengeId=]
                - Exposing 2 endpoints beneath base path '/actuator'
2026-06-09 13:42:53.301 [main] INFO  o.a.k.c.admin.AdminClientConfig
                [service=iam_service]
                [correlationId=]
                [userId=]
                [keyId=]
                [challengeId=]
                - AdminClientConfig values: 
	auto.include.jmx.reporter = true
	bootstrap.controllers = []
	bootstrap.servers = [localhost:9092]
	client.dns.lookup = use_all_dns_ips
	client.id = iam-service-admin-0
	connections.max.idle.ms = 300000
	default.api.timeout.ms = 60000
	enable.metrics.push = true
	metadata.max.age.ms = 300000
	metric.reporters = []
	metrics.num.samples = 2
	metrics.recording.level = INFO
	metrics.sample.window.ms = 30000
	receive.buffer.bytes = 65536
	reconnect.backoff.max.ms = 1000
	reconnect.backoff.ms = 50
	request.timeout.ms = 30000
	retries = 2147483647
	retry.backoff.max.ms = 1000
	retry.backoff.ms = 100
	sasl.client.callback.handler.class = null
	sasl.jaas.config = null
	sasl.kerberos.kinit.cmd = /usr/bin/kinit
	sasl.kerberos.min.time.before.relogin = 60000
	sasl.kerberos.service.name = null
	sasl.kerberos.ticket.renew.jitter = 0.05
	sasl.kerberos.ticket.renew.window.factor = 0.8
	sasl.login.callback.handler.class = null
	sasl.login.class = null
	sasl.login.connect.timeout.ms = null
	sasl.login.read.timeout.ms = null
	sasl.login.refresh.buffer.seconds = 300
	sasl.login.refresh.min.period.seconds = 60
	sasl.login.refresh.window.factor = 0.8
	sasl.login.refresh.window.jitter = 0.05
	sasl.login.retry.backoff.max.ms = 10000
	sasl.login.retry.backoff.ms = 100
	sasl.mechanism = GSSAPI
	sasl.oauthbearer.clock.skew.seconds = 30
	sasl.oauthbearer.expected.audience = null
	sasl.oauthbearer.expected.issuer = null
	sasl.oauthbearer.jwks.endpoint.refresh.ms = 3600000
	sasl.oauthbearer.jwks.endpoint.retry.backoff.max.ms = 10000
	sasl.oauthbearer.jwks.endpoint.retry.backoff.ms = 100
	sasl.oauthbearer.jwks.endpoint.url = null
	sasl.oauthbearer.scope.claim.name = scope
	sasl.oauthbearer.sub.claim.name = sub
	sasl.oauthbearer.token.endpoint.url = null
	security.protocol = PLAINTEXT
	security.providers = null
	send.buffer.bytes = 131072
	socket.connection.setup.timeout.max.ms = 30000
	socket.connection.setup.timeout.ms = 10000
	ssl.cipher.suites = null
	ssl.enabled.protocols = [TLSv1.2, TLSv1.3]
	ssl.endpoint.identification.algorithm = https
	ssl.engine.factory.class = null
	ssl.key.password = null
	ssl.keymanager.algorithm = SunX509
	ssl.keystore.certificate.chain = null
	ssl.keystore.key = null
	ssl.keystore.location = null
	ssl.keystore.password = null
	ssl.keystore.type = JKS
	ssl.protocol = TLSv1.3
	ssl.provider = null
	ssl.secure.random.implementation = null
	ssl.trustmanager.algorithm = PKIX
	ssl.truststore.certificates = null
	ssl.truststore.location = null
	ssl.truststore.password = null
	ssl.truststore.type = JKS

2026-06-09 13:42:53.427 [main] INFO  o.a.kafka.common.utils.AppInfoParser
                [service=iam_service]
                [correlationId=]
                [userId=]
                [keyId=]
                [challengeId=]
                - Kafka version: 3.7.1
2026-06-09 13:42:53.427 [main] INFO  o.a.kafka.common.utils.AppInfoParser
                [service=iam_service]
                [correlationId=]
                [userId=]
                [keyId=]
                [challengeId=]
                - Kafka commitId: e2494e6ffb89f828
2026-06-09 13:42:53.427 [main] INFO  o.a.kafka.common.utils.AppInfoParser
                [service=iam_service]
                [correlationId=]
                [userId=]
                [keyId=]
                [challengeId=]
                - Kafka startTimeMs: 1781001773425
2026-06-09 13:42:53.721 [kafka-admin-client-thread | iam-service-admin-0] INFO  o.a.kafka.common.utils.AppInfoParser
                [service=iam_service]
                [correlationId=]
                [userId=]
                [keyId=]
                [challengeId=]
                - App info kafka.admin.client for iam-service-admin-0 unregistered
2026-06-09 13:42:53.727 [kafka-admin-client-thread | iam-service-admin-0] INFO  o.a.kafka.common.metrics.Metrics
                [service=iam_service]
                [correlationId=]
                [userId=]
                [keyId=]
                [challengeId=]
                - Metrics scheduler closed
2026-06-09 13:42:53.728 [kafka-admin-client-thread | iam-service-admin-0] INFO  o.a.kafka.common.metrics.Metrics
                [service=iam_service]
                [correlationId=]
                [userId=]
                [keyId=]
                [challengeId=]
                - Closing reporter org.apache.kafka.common.metrics.JmxReporter
2026-06-09 13:42:53.728 [kafka-admin-client-thread | iam-service-admin-0] INFO  o.a.kafka.common.metrics.Metrics
                [service=iam_service]
                [correlationId=]
                [userId=]
                [keyId=]
                [challengeId=]
                - Metrics reporters closed
2026-06-09 13:42:53.732 [main] INFO  o.a.coyote.http11.Http11NioProtocol
                [service=iam_service]
                [correlationId=]
                [userId=]
                [keyId=]
                [challengeId=]
                - Starting ProtocolHandler ["http-nio-8081"]
2026-06-09 13:42:53.741 [main] INFO  o.s.b.w.e.tomcat.TomcatWebServer
                [service=iam_service]
                [correlationId=]
                [userId=]
                [keyId=]
                [challengeId=]
                - Tomcat started on port 8081 (http) with context path '/'
2026-06-09 13:42:53.758 [main] INFO  c.c.iam.IamServiceApplication
                [service=iam_service]
                [correlationId=]
                [userId=]
                [keyId=]
                [challengeId=]
                - Started IamServiceApplication in 6.989 seconds (process running for 7.236)
2026-06-09 13:43:25.421 [http-nio-8081-exec-1] INFO  o.a.c.c.C.[Tomcat].[localhost].[/]
                [service=iam_service]
                [correlationId=]
                [userId=]
                [keyId=]
                [challengeId=]
                - Initializing Spring DispatcherServlet 'dispatcherServlet'
2026-06-09 13:43:25.422 [http-nio-8081-exec-1] INFO  o.s.web.servlet.DispatcherServlet
                [service=iam_service]
                [correlationId=]
                [userId=]
                [keyId=]
                [challengeId=]
                - Initializing Servlet 'dispatcherServlet'
2026-06-09 13:43:25.423 [http-nio-8081-exec-1] INFO  o.s.web.servlet.DispatcherServlet
                [service=iam_service]
                [correlationId=]
                [userId=]
                [keyId=]
                [challengeId=]
                - Completed initialization in 1 ms
2026-06-09 13:43:25.428 [http-nio-8081-exec-1] INFO  c.c.i.c.filter.RequestLoggingFilter
                [service=iam_service]
                [correlationId=6771a6dd-a752-4c5e-bb6d-6bccba0a92f9]
                [userId=]
                [keyId=]
                [challengeId=]
                - HTTP_REQUEST_STARTED method=GET path=/api/auth/v3/api-docs correlationId=6771a6dd-a752-4c5e-bb6d-6bccba0a92f9
2026-06-09 13:43:25.718 [http-nio-8081-exec-1] INFO  o.s.api.AbstractOpenApiResource
                [service=iam_service]
                [correlationId=6771a6dd-a752-4c5e-bb6d-6bccba0a92f9]
                [userId=]
                [keyId=]
                [challengeId=]
                - Init duration for springdoc-openapi is: 249 ms
2026-06-09 13:43:25.745 [http-nio-8081-exec-1] INFO  c.c.i.c.filter.RequestLoggingFilter
                [service=iam_service]
                [correlationId=6771a6dd-a752-4c5e-bb6d-6bccba0a92f9]
                [userId=]
                [keyId=]
                [challengeId=]
                - HTTP_REQUEST_COMPLETED method=GET path=/api/auth/v3/api-docs status=200 durationMs=317 correlationId=6771a6dd-a752-4c5e-bb6d-6bccba0a92f9
2026-06-09 13:43:30.149 [http-nio-8081-exec-2] INFO  c.c.i.c.filter.RequestLoggingFilter
                [service=iam_service]
                [correlationId=fed7faa0-7eb4-43ce-ac21-169e74c4ff89]
                [userId=]
                [keyId=]
                [challengeId=]
                - HTTP_REQUEST_STARTED method=POST path=/api/auth/dev/sign correlationId=fed7faa0-7eb4-43ce-ac21-169e74c4ff89
2026-06-09 13:43:30.191 [http-nio-8081-exec-2] INFO  c.c.i.c.filter.RequestLoggingFilter
                [service=iam_service]
                [correlationId=fed7faa0-7eb4-43ce-ac21-169e74c4ff89]
                [userId=]
                [keyId=]
                [challengeId=]
                - HTTP_REQUEST_COMPLETED method=POST path=/api/auth/dev/sign status=500 durationMs=42 correlationId=fed7faa0-7eb4-43ce-ac21-169e74c4ff89
2026-06-09 13:43:36.395 [http-nio-8081-exec-3] INFO  c.c.i.c.filter.RequestLoggingFilter
                [service=iam_service]
                [correlationId=24caa73b-5d65-461a-a670-9c2f5f3d403f]
                [userId=]
                [keyId=]
                [challengeId=]
                - HTTP_REQUEST_STARTED method=GET path=/api/auth/dev/keypair correlationId=24caa73b-5d65-461a-a670-9c2f5f3d403f
2026-06-09 13:43:36.412 [http-nio-8081-exec-3] INFO  c.c.i.c.filter.RequestLoggingFilter
                [service=iam_service]
                [correlationId=24caa73b-5d65-461a-a670-9c2f5f3d403f]
                [userId=]
                [keyId=]
                [challengeId=]
                - HTTP_REQUEST_COMPLETED method=GET path=/api/auth/dev/keypair status=200 durationMs=16 correlationId=24caa73b-5d65-461a-a670-9c2f5f3d403f
2026-06-09 13:44:23.741 [http-nio-8081-exec-4] INFO  c.c.i.c.filter.RequestLoggingFilter
                [service=iam_service]
                [correlationId=6f7919cb-6c44-4ba6-800b-d123dfce5a2b]
                [userId=]
                [keyId=]
                [challengeId=]
                - HTTP_REQUEST_STARTED method=POST path=/api/auth/users/register correlationId=6f7919cb-6c44-4ba6-800b-d123dfce5a2b
2026-06-09 13:44:23.807 [http-nio-8081-exec-4] INFO  c.c.i.a.a.u.RegisterUserUseCase
                [service=iam_service]
                [correlationId=6f7919cb-6c44-4ba6-800b-d123dfce5a2b]
                [userId=]
                [keyId=]
                [challengeId=]
                - REGISTER_USER_STARTED email=asmaylbae522@gmail.com
2026-06-09 13:44:23.915 [http-nio-8081-exec-4] INFO  c.c.i.a.a.u.RegisterUserUseCase
                [service=iam_service]
                [correlationId=6f7919cb-6c44-4ba6-800b-d123dfce5a2b]
                [userId=31869073-fa60-4673-807d-99f8e7ac7c44]
                [keyId=ca5c7dfd-2cd3-411f-89d1-505b08d83efc]
                [challengeId=]
                - REGISTER_USER_SUCCESS userId=31869073-fa60-4673-807d-99f8e7ac7c44 keyId=ca5c7dfd-2cd3-411f-89d1-505b08d83efc
2026-06-09 13:44:23.989 [http-nio-8081-exec-4] INFO  c.c.i.c.filter.RequestLoggingFilter
                [service=iam_service]
                [correlationId=6f7919cb-6c44-4ba6-800b-d123dfce5a2b]
                [userId=]
                [keyId=]
                [challengeId=]
                - HTTP_REQUEST_COMPLETED method=POST path=/api/auth/users/register status=200 durationMs=248 correlationId=6f7919cb-6c44-4ba6-800b-d123dfce5a2b
2026-06-09 13:44:26.418 [scheduling-1] INFO  o.a.k.c.producer.ProducerConfig
                [service=iam_service]
                [correlationId=]
                [userId=]
                [keyId=]
                [challengeId=]
                - ProducerConfig values: 
	acks = -1
	auto.include.jmx.reporter = true
	batch.size = 16384
	bootstrap.servers = [localhost:9092]
	buffer.memory = 33554432
	client.dns.lookup = use_all_dns_ips
	client.id = iam-service-producer-1
	compression.type = none
	connections.max.idle.ms = 540000
	delivery.timeout.ms = 120000
	enable.idempotence = true
	enable.metrics.push = true
	interceptor.classes = []
	key.serializer = class org.apache.kafka.common.serialization.StringSerializer
	linger.ms = 0
	max.block.ms = 60000
	max.in.flight.requests.per.connection = 5
	max.request.size = 1048576
	metadata.max.age.ms = 300000
	metadata.max.idle.ms = 300000
	metric.reporters = []
	metrics.num.samples = 2
	metrics.recording.level = INFO
	metrics.sample.window.ms = 30000
	partitioner.adaptive.partitioning.enable = true
	partitioner.availability.timeout.ms = 0
	partitioner.class = null
	partitioner.ignore.keys = false
	receive.buffer.bytes = 32768
	reconnect.backoff.max.ms = 1000
	reconnect.backoff.ms = 50
	request.timeout.ms = 30000
	retries = 10
	retry.backoff.max.ms = 1000
	retry.backoff.ms = 100
	sasl.client.callback.handler.class = null
	sasl.jaas.config = null
	sasl.kerberos.kinit.cmd = /usr/bin/kinit
	sasl.kerberos.min.time.before.relogin = 60000
	sasl.kerberos.service.name = null
	sasl.kerberos.ticket.renew.jitter = 0.05
	sasl.kerberos.ticket.renew.window.factor = 0.8
	sasl.login.callback.handler.class = null
	sasl.login.class = null
	sasl.login.connect.timeout.ms = null
	sasl.login.read.timeout.ms = null
	sasl.login.refresh.buffer.seconds = 300
	sasl.login.refresh.min.period.seconds = 60
	sasl.login.refresh.window.factor = 0.8
	sasl.login.refresh.window.jitter = 0.05
	sasl.login.retry.backoff.max.ms = 10000
	sasl.login.retry.backoff.ms = 100
	sasl.mechanism = GSSAPI
	sasl.oauthbearer.clock.skew.seconds = 30
	sasl.oauthbearer.expected.audience = null
	sasl.oauthbearer.expected.issuer = null
	sasl.oauthbearer.jwks.endpoint.refresh.ms = 3600000
	sasl.oauthbearer.jwks.endpoint.retry.backoff.max.ms = 10000
	sasl.oauthbearer.jwks.endpoint.retry.backoff.ms = 100
	sasl.oauthbearer.jwks.endpoint.url = null
	sasl.oauthbearer.scope.claim.name = scope
	sasl.oauthbearer.sub.claim.name = sub
	sasl.oauthbearer.token.endpoint.url = null
	security.protocol = PLAINTEXT
	security.providers = null
	send.buffer.bytes = 131072
	socket.connection.setup.timeout.max.ms = 30000
	socket.connection.setup.timeout.ms = 10000
	ssl.cipher.suites = null
	ssl.enabled.protocols = [TLSv1.2, TLSv1.3]
	ssl.endpoint.identification.algorithm = https
	ssl.engine.factory.class = null
	ssl.key.password = null
	ssl.keymanager.algorithm = SunX509
	ssl.keystore.certificate.chain = null
	ssl.keystore.key = null
	ssl.keystore.location = null
	ssl.keystore.password = null
	ssl.keystore.type = JKS
	ssl.protocol = TLSv1.3
	ssl.provider = null
	ssl.secure.random.implementation = null
	ssl.trustmanager.algorithm = PKIX
	ssl.truststore.certificates = null
	ssl.truststore.location = null
	ssl.truststore.password = null
	ssl.truststore.type = JKS
	transaction.timeout.ms = 60000
	transactional.id = null
	value.serializer = class org.springframework.kafka.support.serializer.JsonSerializer

2026-06-09 13:44:26.443 [scheduling-1] INFO  o.a.k.c.t.i.KafkaMetricsCollector
                [service=iam_service]
                [correlationId=]
                [userId=]
                [keyId=]
                [challengeId=]
                - initializing Kafka metrics collector
2026-06-09 13:44:26.458 [scheduling-1] INFO  o.a.k.clients.producer.KafkaProducer
                [service=iam_service]
                [correlationId=]
                [userId=]
                [keyId=]
                [challengeId=]
                - [Producer clientId=iam-service-producer-1] Instantiated an idempotent producer.
2026-06-09 13:44:26.480 [scheduling-1] INFO  o.a.kafka.common.utils.AppInfoParser
                [service=iam_service]
                [correlationId=]
                [userId=]
                [keyId=]
                [challengeId=]
                - Kafka version: 3.7.1
2026-06-09 13:44:26.480 [scheduling-1] INFO  o.a.kafka.common.utils.AppInfoParser
                [service=iam_service]
                [correlationId=]
                [userId=]
                [keyId=]
                [challengeId=]
                - Kafka commitId: e2494e6ffb89f828
2026-06-09 13:44:26.480 [scheduling-1] INFO  o.a.kafka.common.utils.AppInfoParser
                [service=iam_service]
                [correlationId=]
                [userId=]
                [keyId=]
                [challengeId=]
                - Kafka startTimeMs: 1781001866480
2026-06-09 13:44:26.490 [kafka-producer-network-thread | iam-service-producer-1] INFO  org.apache.kafka.clients.Metadata
                [service=iam_service]
                [correlationId=]
                [userId=]
                [keyId=]
                [challengeId=]
                - [Producer clientId=iam-service-producer-1] Cluster ID: 5L6g3nShT-eMCtK--X86sw
2026-06-09 13:44:26.603 [kafka-producer-network-thread | iam-service-producer-1] INFO  o.a.k.c.p.i.TransactionManager
                [service=iam_service]
                [correlationId=]
                [userId=]
                [keyId=]
                [challengeId=]
                - [Producer clientId=iam-service-producer-1] ProducerId set to 0 with epoch 0
2026-06-09 13:44:26.642 [scheduling-1] INFO  c.c.i.a.i.m.k.KafkaOutboxPublisher
                [service=iam_service]
                [correlationId=]
                [userId=]
                [keyId=]
                [challengeId=]
                - OUTBOX_EVENT_PUBLISHED eventId=dab8950c-508d-44c4-930c-fd29420b1926 topic=iam.user-public-key.registered.v1 key=31869073-fa60-4673-807d-99f8e7ac7c44
2026-06-09 13:49:50.977 [http-nio-8081-exec-6] INFO  c.c.i.c.filter.RequestLoggingFilter
                [service=iam_service]
                [correlationId=c1a53828-a643-45a8-b810-ce2d81647875]
                [userId=]
                [keyId=]
                [challengeId=]
                - HTTP_REQUEST_STARTED method=POST path=/api/auth/challenges correlationId=c1a53828-a643-45a8-b810-ce2d81647875
2026-06-09 13:49:50.991 [http-nio-8081-exec-6] INFO  c.c.i.c.filter.RequestLoggingFilter
                [service=iam_service]
                [correlationId=c1a53828-a643-45a8-b810-ce2d81647875]
                [userId=3fa85f64-5717-4562-b3fc-2c963f66afa6]
                [keyId=]
                [challengeId=]
                - HTTP_REQUEST_COMPLETED method=POST path=/api/auth/challenges status=404 durationMs=14 correlationId=c1a53828-a643-45a8-b810-ce2d81647875
2026-06-09 13:53:26.576 [kafka-producer-network-thread | iam-service-producer-1] INFO  o.apache.kafka.clients.NetworkClient
                [service=iam_service]
                [correlationId=]
                [userId=]
                [keyId=]
                [challengeId=]
                - [Producer clientId=iam-service-producer-1] Node -1 disconnected.
2026-06-09 14:03:26.581 [kafka-producer-network-thread | iam-service-producer-1] INFO  o.apache.kafka.clients.NetworkClient
                [service=iam_service]
                [correlationId=]
                [userId=]
                [keyId=]
                [challengeId=]
                - [Producer clientId=iam-service-producer-1] Node -1 disconnected.
2026-06-09 14:21:54.615 [SpringApplicationShutdownHook] INFO  o.a.k.clients.producer.KafkaProducer
                [service=iam_service]
                [correlationId=]
                [userId=]
                [keyId=]
                [challengeId=]
                - [Producer clientId=iam-service-producer-1] Closing the Kafka producer with timeoutMillis = 30000 ms.
2026-06-09 14:21:54.621 [SpringApplicationShutdownHook] INFO  o.a.kafka.common.metrics.Metrics
                [service=iam_service]
                [correlationId=]
                [userId=]
                [keyId=]
                [challengeId=]
                - Metrics scheduler closed
2026-06-09 14:21:54.621 [SpringApplicationShutdownHook] INFO  o.a.kafka.common.metrics.Metrics
                [service=iam_service]
                [correlationId=]
                [userId=]
                [keyId=]
                [challengeId=]
                - Closing reporter org.apache.kafka.common.metrics.JmxReporter
2026-06-09 14:21:54.621 [SpringApplicationShutdownHook] INFO  o.a.kafka.common.metrics.Metrics
                [service=iam_service]
                [correlationId=]
                [userId=]
                [keyId=]
                [challengeId=]
                - Closing reporter org.apache.kafka.common.telemetry.internals.ClientTelemetryReporter
2026-06-09 14:21:54.621 [SpringApplicationShutdownHook] INFO  o.a.kafka.common.metrics.Metrics
                [service=iam_service]
                [correlationId=]
                [userId=]
                [keyId=]
                [challengeId=]
                - Metrics reporters closed
2026-06-09 14:21:54.622 [SpringApplicationShutdownHook] INFO  o.a.kafka.common.utils.AppInfoParser
                [service=iam_service]
                [correlationId=]
                [userId=]
                [keyId=]
                [challengeId=]
                - App info kafka.producer for iam-service-producer-1 unregistered
2026-06-09 14:21:54.643 [SpringApplicationShutdownHook] INFO  o.s.o.j.LocalContainerEntityManagerFactoryBean
                [service=iam_service]
                [correlationId=]
                [userId=]
                [keyId=]
                [challengeId=]
                - Closing JPA EntityManagerFactory for persistence unit 'default'
2026-06-09 14:21:54.648 [SpringApplicationShutdownHook] INFO  com.zaxxer.hikari.HikariDataSource
                [service=iam_service]
                [correlationId=]
                [userId=]
                [keyId=]
                [challengeId=]
                - HikariPool-1 - Shutdown initiated...
2026-06-09 14:21:54.650 [SpringApplicationShutdownHook] INFO  com.zaxxer.hikari.HikariDataSource
                [service=iam_service]
                [correlationId=]
                [userId=]
                [keyId=]
                [challengeId=]
                - HikariPool-1 - Shutdown completed.
2026-06-09 14:25:20.655 [background-preinit] INFO  o.h.validator.internal.util.Version
                [service=iam_service]
                [correlationId=]
                [userId=]
                [keyId=]
                [challengeId=]
                - HV000001: Hibernate Validator 8.0.1.Final
2026-06-09 14:25:20.688 [main] INFO  c.c.iam.IamServiceApplication
                [service=iam_service]
                [correlationId=]
                [userId=]
                [keyId=]
                [challengeId=]
                - Starting IamServiceApplication using Java 17.0.19 with PID 20560 (C:\Users\Lenovo\IdeaProjects\5th_Spring_miceoservice\services\iam\target\classes started by Lenovo in C:\Users\Lenovo\IdeaProjects\5th_Spring_miceoservice)
2026-06-09 14:25:20.689 [main] INFO  c.c.iam.IamServiceApplication
                [service=iam_service]
                [correlationId=]
                [userId=]
                [keyId=]
                [challengeId=]
                - No active profile set, falling back to 1 default profile: "default"
2026-06-09 14:25:21.660 [main] INFO  o.s.d.r.c.RepositoryConfigurationDelegate
                [service=iam_service]
                [correlationId=]
                [userId=]
                [keyId=]
                [challengeId=]
                - Bootstrapping Spring Data JPA repositories in DEFAULT mode.
2026-06-09 14:25:21.755 [main] INFO  o.s.d.r.c.RepositoryConfigurationDelegate
                [service=iam_service]
                [correlationId=]
                [userId=]
                [keyId=]
                [challengeId=]
                - Finished Spring Data repository scanning in 89 ms. Found 4 JPA repository interfaces.
2026-06-09 14:25:22.644 [main] INFO  o.s.b.w.e.tomcat.TomcatWebServer
                [service=iam_service]
                [correlationId=]
                [userId=]
                [keyId=]
                [challengeId=]
                - Tomcat initialized with port 8081 (http)
2026-06-09 14:25:22.653 [main] INFO  o.a.coyote.http11.Http11NioProtocol
                [service=iam_service]
                [correlationId=]
                [userId=]
                [keyId=]
                [challengeId=]
                - Initializing ProtocolHandler ["http-nio-8081"]
2026-06-09 14:25:22.655 [main] INFO  o.a.catalina.core.StandardService
                [service=iam_service]
                [correlationId=]
                [userId=]
                [keyId=]
                [challengeId=]
                - Starting service [Tomcat]
2026-06-09 14:25:22.655 [main] INFO  o.a.catalina.core.StandardEngine
                [service=iam_service]
                [correlationId=]
                [userId=]
                [keyId=]
                [challengeId=]
                - Starting Servlet engine: [Apache Tomcat/10.1.31]
2026-06-09 14:25:22.728 [main] INFO  o.a.c.c.C.[Tomcat].[localhost].[/]
                [service=iam_service]
                [correlationId=]
                [userId=]
                [keyId=]
                [challengeId=]
                - Initializing Spring embedded WebApplicationContext
2026-06-09 14:25:22.729 [main] INFO  o.s.b.w.s.c.ServletWebServerApplicationContext
                [service=iam_service]
                [correlationId=]
                [userId=]
                [keyId=]
                [challengeId=]
                - Root WebApplicationContext: initialization completed in 2010 ms
2026-06-09 14:25:23.308 [main] INFO  com.zaxxer.hikari.HikariDataSource
                [service=iam_service]
                [correlationId=]
                [userId=]
                [keyId=]
                [challengeId=]
                - HikariPool-1 - Starting...
2026-06-09 14:25:23.464 [main] INFO  com.zaxxer.hikari.pool.HikariPool
                [service=iam_service]
                [correlationId=]
                [userId=]
                [keyId=]
                [challengeId=]
                - HikariPool-1 - Added connection org.postgresql.jdbc.PgConnection@7079f8f0
2026-06-09 14:25:23.465 [main] INFO  com.zaxxer.hikari.HikariDataSource
                [service=iam_service]
                [correlationId=]
                [userId=]
                [keyId=]
                [challengeId=]
                - HikariPool-1 - Start completed.
2026-06-09 14:25:23.505 [main] INFO  org.flywaydb.core.FlywayExecutor
                [service=iam_service]
                [correlationId=]
                [userId=]
                [keyId=]
                [challengeId=]
                - Database: jdbc:postgresql://localhost:5432/iam_db (PostgreSQL 18.4)
2026-06-09 14:25:23.577 [main] INFO  o.f.core.internal.command.DbValidate
                [service=iam_service]
                [correlationId=]
                [userId=]
                [keyId=]
                [challengeId=]
                - Successfully validated 4 migrations (execution time 00:00.050s)
2026-06-09 14:25:23.733 [main] INFO  o.f.core.internal.command.DbMigrate
                [service=iam_service]
                [correlationId=]
                [userId=]
                [keyId=]
                [challengeId=]
                - Current version of schema "public": 4
2026-06-09 14:25:23.735 [main] INFO  o.f.core.internal.command.DbMigrate
                [service=iam_service]
                [correlationId=]
                [userId=]
                [keyId=]
                [challengeId=]
                - Schema "public" is up to date. No migration necessary.
2026-06-09 14:25:23.892 [main] INFO  o.h.jpa.internal.util.LogHelper
                [service=iam_service]
                [correlationId=]
                [userId=]
                [keyId=]
                [challengeId=]
                - HHH000204: Processing PersistenceUnitInfo [name: default]
2026-06-09 14:25:24.056 [main] INFO  org.hibernate.Version
                [service=iam_service]
                [correlationId=]
                [userId=]
                [keyId=]
                [challengeId=]
                - HHH000412: Hibernate ORM core version 6.5.3.Final
2026-06-09 14:25:24.087 [main] INFO  o.h.c.i.RegionFactoryInitiator
                [service=iam_service]
                [correlationId=]
                [userId=]
                [keyId=]
                [challengeId=]
                - HHH000026: Second-level cache disabled
2026-06-09 14:25:24.293 [main] INFO  o.s.o.j.p.SpringPersistenceUnitInfo
                [service=iam_service]
                [correlationId=]
                [userId=]
                [keyId=]
                [challengeId=]
                - No LoadTimeWeaver setup: ignoring JPA class transformer
2026-06-09 14:25:25.121 [main] INFO  o.h.e.t.j.p.i.JtaPlatformInitiator
                [service=iam_service]
                [correlationId=]
                [userId=]
                [keyId=]
                [challengeId=]
                - HHH000489: No JTA platform available (set 'hibernate.transaction.jta.platform' to enable JTA platform integration)
2026-06-09 14:25:25.153 [main] INFO  o.s.o.j.LocalContainerEntityManagerFactoryBean
                [service=iam_service]
                [correlationId=]
                [userId=]
                [keyId=]
                [challengeId=]
                - Initialized JPA EntityManagerFactory for persistence unit 'default'
2026-06-09 14:25:27.012 [main] INFO  o.s.b.a.e.web.EndpointLinksResolver
                [service=iam_service]
                [correlationId=]
                [userId=]
                [keyId=]
                [challengeId=]
                - Exposing 2 endpoints beneath base path '/actuator'
2026-06-09 14:25:27.098 [main] INFO  o.a.k.c.admin.AdminClientConfig
                [service=iam_service]
                [correlationId=]
                [userId=]
                [keyId=]
                [challengeId=]
                - AdminClientConfig values: 
	auto.include.jmx.reporter = true
	bootstrap.controllers = []
	bootstrap.servers = [localhost:9092]
	client.dns.lookup = use_all_dns_ips
	client.id = iam-service-admin-0
	connections.max.idle.ms = 300000
	default.api.timeout.ms = 60000
	enable.metrics.push = true
	metadata.max.age.ms = 300000
	metric.reporters = []
	metrics.num.samples = 2
	metrics.recording.level = INFO
	metrics.sample.window.ms = 30000
	receive.buffer.bytes = 65536
	reconnect.backoff.max.ms = 1000
	reconnect.backoff.ms = 50
	request.timeout.ms = 30000
	retries = 2147483647
	retry.backoff.max.ms = 1000
	retry.backoff.ms = 100
	sasl.client.callback.handler.class = null
	sasl.jaas.config = null
	sasl.kerberos.kinit.cmd = /usr/bin/kinit
	sasl.kerberos.min.time.before.relogin = 60000
	sasl.kerberos.service.name = null
	sasl.kerberos.ticket.renew.jitter = 0.05
	sasl.kerberos.ticket.renew.window.factor = 0.8
	sasl.login.callback.handler.class = null
	sasl.login.class = null
	sasl.login.connect.timeout.ms = null
	sasl.login.read.timeout.ms = null
	sasl.login.refresh.buffer.seconds = 300
	sasl.login.refresh.min.period.seconds = 60
	sasl.login.refresh.window.factor = 0.8
	sasl.login.refresh.window.jitter = 0.05
	sasl.login.retry.backoff.max.ms = 10000
	sasl.login.retry.backoff.ms = 100
	sasl.mechanism = GSSAPI
	sasl.oauthbearer.clock.skew.seconds = 30
	sasl.oauthbearer.expected.audience = null
	sasl.oauthbearer.expected.issuer = null
	sasl.oauthbearer.jwks.endpoint.refresh.ms = 3600000
	sasl.oauthbearer.jwks.endpoint.retry.backoff.max.ms = 10000
	sasl.oauthbearer.jwks.endpoint.retry.backoff.ms = 100
	sasl.oauthbearer.jwks.endpoint.url = null
	sasl.oauthbearer.scope.claim.name = scope
	sasl.oauthbearer.sub.claim.name = sub
	sasl.oauthbearer.token.endpoint.url = null
	security.protocol = PLAINTEXT
	security.providers = null
	send.buffer.bytes = 131072
	socket.connection.setup.timeout.max.ms = 30000
	socket.connection.setup.timeout.ms = 10000
	ssl.cipher.suites = null
	ssl.enabled.protocols = [TLSv1.2, TLSv1.3]
	ssl.endpoint.identification.algorithm = https
	ssl.engine.factory.class = null
	ssl.key.password = null
	ssl.keymanager.algorithm = SunX509
	ssl.keystore.certificate.chain = null
	ssl.keystore.key = null
	ssl.keystore.location = null
	ssl.keystore.password = null
	ssl.keystore.type = JKS
	ssl.protocol = TLSv1.3
	ssl.provider = null
	ssl.secure.random.implementation = null
	ssl.trustmanager.algorithm = PKIX
	ssl.truststore.certificates = null
	ssl.truststore.location = null
	ssl.truststore.password = null
	ssl.truststore.type = JKS

2026-06-09 14:25:27.197 [main] INFO  o.a.kafka.common.utils.AppInfoParser
                [service=iam_service]
                [correlationId=]
                [userId=]
                [keyId=]
                [challengeId=]
                - Kafka version: 3.7.1
2026-06-09 14:25:27.197 [main] INFO  o.a.kafka.common.utils.AppInfoParser
                [service=iam_service]
                [correlationId=]
                [userId=]
                [keyId=]
                [challengeId=]
                - Kafka commitId: e2494e6ffb89f828
2026-06-09 14:25:27.197 [main] INFO  o.a.kafka.common.utils.AppInfoParser
                [service=iam_service]
                [correlationId=]
                [userId=]
                [keyId=]
                [challengeId=]
                - Kafka startTimeMs: 1781004327196
2026-06-09 14:25:27.409 [kafka-admin-client-thread | iam-service-admin-0] INFO  o.a.kafka.common.utils.AppInfoParser
                [service=iam_service]
                [correlationId=]
                [userId=]
                [keyId=]
                [challengeId=]
                - App info kafka.admin.client for iam-service-admin-0 unregistered
2026-06-09 14:25:27.411 [kafka-admin-client-thread | iam-service-admin-0] INFO  o.a.kafka.common.metrics.Metrics
                [service=iam_service]
                [correlationId=]
                [userId=]
                [keyId=]
                [challengeId=]
                - Metrics scheduler closed
2026-06-09 14:25:27.412 [kafka-admin-client-thread | iam-service-admin-0] INFO  o.a.kafka.common.metrics.Metrics
                [service=iam_service]
                [correlationId=]
                [userId=]
                [keyId=]
                [challengeId=]
                - Closing reporter org.apache.kafka.common.metrics.JmxReporter
2026-06-09 14:25:27.412 [kafka-admin-client-thread | iam-service-admin-0] INFO  o.a.kafka.common.metrics.Metrics
                [service=iam_service]
                [correlationId=]
                [userId=]
                [keyId=]
                [challengeId=]
                - Metrics reporters closed
2026-06-09 14:25:27.415 [main] INFO  o.a.coyote.http11.Http11NioProtocol
                [service=iam_service]
                [correlationId=]
                [userId=]
                [keyId=]
                [challengeId=]
                - Starting ProtocolHandler ["http-nio-8081"]
2026-06-09 14:25:27.427 [main] INFO  o.s.b.w.e.tomcat.TomcatWebServer
                [service=iam_service]
                [correlationId=]
                [userId=]
                [keyId=]
                [challengeId=]
                - Tomcat started on port 8081 (http) with context path '/'
2026-06-09 14:25:27.442 [main] INFO  c.c.iam.IamServiceApplication
                [service=iam_service]
                [correlationId=]
                [userId=]
                [keyId=]
                [challengeId=]
                - Started IamServiceApplication in 7.104 seconds (process running for 7.368)
2026-06-09 14:30:45.983 [SpringApplicationShutdownHook] INFO  o.s.o.j.LocalContainerEntityManagerFactoryBean
                [service=iam_service]
                [correlationId=]
                [userId=]
                [keyId=]
                [challengeId=]
                - Closing JPA EntityManagerFactory for persistence unit 'default'
2026-06-09 14:30:45.986 [SpringApplicationShutdownHook] INFO  com.zaxxer.hikari.HikariDataSource
                [service=iam_service]
                [correlationId=]
                [userId=]
                [keyId=]
                [challengeId=]
                - HikariPool-1 - Shutdown initiated...
2026-06-09 14:30:45.990 [SpringApplicationShutdownHook] INFO  com.zaxxer.hikari.HikariDataSource
                [service=iam_service]
                [correlationId=]
                [userId=]
                [keyId=]
                [challengeId=]
                - HikariPool-1 - Shutdown completed.
2026-06-09 14:33:55.875 [background-preinit] INFO  o.h.validator.internal.util.Version
                [service=iam_service]
                [correlationId=]
                [userId=]
                [keyId=]
                [challengeId=]
                - HV000001: Hibernate Validator 8.0.1.Final
2026-06-09 14:33:55.910 [main] INFO  c.c.iam.IamServiceApplication
                [service=iam_service]
                [correlationId=]
                [userId=]
                [keyId=]
                [challengeId=]
                - Starting IamServiceApplication using Java 17.0.19 with PID 10120 (C:\Users\Lenovo\IdeaProjects\5th_Spring_miceoservice\services\iam\target\classes started by Lenovo in C:\Users\Lenovo\IdeaProjects\5th_Spring_miceoservice)
2026-06-09 14:33:55.911 [main] INFO  c.c.iam.IamServiceApplication
                [service=iam_service]
                [correlationId=]
                [userId=]
                [keyId=]
                [challengeId=]
                - No active profile set, falling back to 1 default profile: "default"
2026-06-09 14:33:56.769 [main] INFO  o.s.d.r.c.RepositoryConfigurationDelegate
                [service=iam_service]
                [correlationId=]
                [userId=]
                [keyId=]
                [challengeId=]
                - Bootstrapping Spring Data JPA repositories in DEFAULT mode.
2026-06-09 14:33:56.844 [main] INFO  o.s.d.r.c.RepositoryConfigurationDelegate
                [service=iam_service]
                [correlationId=]
                [userId=]
                [keyId=]
                [challengeId=]
                - Finished Spring Data repository scanning in 69 ms. Found 4 JPA repository interfaces.
2026-06-09 14:33:57.680 [main] INFO  o.s.b.w.e.tomcat.TomcatWebServer
                [service=iam_service]
                [correlationId=]
                [userId=]
                [keyId=]
                [challengeId=]
                - Tomcat initialized with port 8081 (http)
2026-06-09 14:33:57.694 [main] INFO  o.a.coyote.http11.Http11NioProtocol
                [service=iam_service]
                [correlationId=]
                [userId=]
                [keyId=]
                [challengeId=]
                - Initializing ProtocolHandler ["http-nio-8081"]
2026-06-09 14:33:57.696 [main] INFO  o.a.catalina.core.StandardService
                [service=iam_service]
                [correlationId=]
                [userId=]
                [keyId=]
                [challengeId=]
                - Starting service [Tomcat]
2026-06-09 14:33:57.697 [main] INFO  o.a.catalina.core.StandardEngine
                [service=iam_service]
                [correlationId=]
                [userId=]
                [keyId=]
                [challengeId=]
                - Starting Servlet engine: [Apache Tomcat/10.1.31]
2026-06-09 14:33:57.774 [main] INFO  o.a.c.c.C.[Tomcat].[localhost].[/]
                [service=iam_service]
                [correlationId=]
                [userId=]
                [keyId=]
                [challengeId=]
                - Initializing Spring embedded WebApplicationContext
2026-06-09 14:33:57.776 [main] INFO  o.s.b.w.s.c.ServletWebServerApplicationContext
                [service=iam_service]
                [correlationId=]
                [userId=]
                [keyId=]
                [challengeId=]
                - Root WebApplicationContext: initialization completed in 1833 ms
2026-06-09 14:33:58.366 [main] INFO  com.zaxxer.hikari.HikariDataSource
                [service=iam_service]
                [correlationId=]
                [userId=]
                [keyId=]
                [challengeId=]
                - HikariPool-1 - Starting...
2026-06-09 14:33:58.523 [main] INFO  com.zaxxer.hikari.pool.HikariPool
                [service=iam_service]
                [correlationId=]
                [userId=]
                [keyId=]
                [challengeId=]
                - HikariPool-1 - Added connection org.postgresql.jdbc.PgConnection@1218e12
2026-06-09 14:33:58.525 [main] INFO  com.zaxxer.hikari.HikariDataSource
                [service=iam_service]
                [correlationId=]
                [userId=]
                [keyId=]
                [challengeId=]
                - HikariPool-1 - Start completed.
2026-06-09 14:33:58.555 [main] INFO  org.flywaydb.core.FlywayExecutor
                [service=iam_service]
                [correlationId=]
                [userId=]
                [keyId=]
                [challengeId=]
                - Database: jdbc:postgresql://localhost:5432/iam_db (PostgreSQL 18.4)
2026-06-09 14:33:58.625 [main] INFO  o.f.core.internal.command.DbValidate
                [service=iam_service]
                [correlationId=]
                [userId=]
                [keyId=]
                [challengeId=]
                - Successfully validated 4 migrations (execution time 00:00.046s)
2026-06-09 14:33:58.791 [main] INFO  o.f.core.internal.command.DbMigrate
                [service=iam_service]
                [correlationId=]
                [userId=]
                [keyId=]
                [challengeId=]
                - Current version of schema "public": 4
2026-06-09 14:33:58.796 [main] INFO  o.f.core.internal.command.DbMigrate
                [service=iam_service]
                [correlationId=]
                [userId=]
                [keyId=]
                [challengeId=]
                - Schema "public" is up to date. No migration necessary.
2026-06-09 14:33:58.929 [main] INFO  o.h.jpa.internal.util.LogHelper
                [service=iam_service]
                [correlationId=]
                [userId=]
                [keyId=]
                [challengeId=]
                - HHH000204: Processing PersistenceUnitInfo [name: default]
2026-06-09 14:33:58.979 [main] INFO  org.hibernate.Version
                [service=iam_service]
                [correlationId=]
                [userId=]
                [keyId=]
                [challengeId=]
                - HHH000412: Hibernate ORM core version 6.5.3.Final
2026-06-09 14:33:59.004 [main] INFO  o.h.c.i.RegionFactoryInitiator
                [service=iam_service]
                [correlationId=]
                [userId=]
                [keyId=]
                [challengeId=]
                - HHH000026: Second-level cache disabled
2026-06-09 14:33:59.224 [main] INFO  o.s.o.j.p.SpringPersistenceUnitInfo
                [service=iam_service]
                [correlationId=]
                [userId=]
                [keyId=]
                [challengeId=]
                - No LoadTimeWeaver setup: ignoring JPA class transformer
2026-06-09 14:34:00.065 [main] INFO  o.h.e.t.j.p.i.JtaPlatformInitiator
                [service=iam_service]
                [correlationId=]
                [userId=]
                [keyId=]
                [challengeId=]
                - HHH000489: No JTA platform available (set 'hibernate.transaction.jta.platform' to enable JTA platform integration)
2026-06-09 14:34:00.092 [main] INFO  o.s.o.j.LocalContainerEntityManagerFactoryBean
                [service=iam_service]
                [correlationId=]
                [userId=]
                [keyId=]
                [challengeId=]
                - Initialized JPA EntityManagerFactory for persistence unit 'default'
2026-06-09 14:34:02.249 [main] INFO  o.s.b.a.e.web.EndpointLinksResolver
                [service=iam_service]
                [correlationId=]
                [userId=]
                [keyId=]
                [challengeId=]
                - Exposing 2 endpoints beneath base path '/actuator'
2026-06-09 14:34:02.342 [main] INFO  o.a.k.c.admin.AdminClientConfig
                [service=iam_service]
                [correlationId=]
                [userId=]
                [keyId=]
                [challengeId=]
                - AdminClientConfig values: 
	auto.include.jmx.reporter = true
	bootstrap.controllers = []
	bootstrap.servers = [localhost:9092]
	client.dns.lookup = use_all_dns_ips
	client.id = iam-service-admin-0
	connections.max.idle.ms = 300000
	default.api.timeout.ms = 60000
	enable.metrics.push = true
	metadata.max.age.ms = 300000
	metric.reporters = []
	metrics.num.samples = 2
	metrics.recording.level = INFO
	metrics.sample.window.ms = 30000
	receive.buffer.bytes = 65536
	reconnect.backoff.max.ms = 1000
	reconnect.backoff.ms = 50
	request.timeout.ms = 30000
	retries = 2147483647
	retry.backoff.max.ms = 1000
	retry.backoff.ms = 100
	sasl.client.callback.handler.class = null
	sasl.jaas.config = null
	sasl.kerberos.kinit.cmd = /usr/bin/kinit
	sasl.kerberos.min.time.before.relogin = 60000
	sasl.kerberos.service.name = null
	sasl.kerberos.ticket.renew.jitter = 0.05
	sasl.kerberos.ticket.renew.window.factor = 0.8
	sasl.login.callback.handler.class = null
	sasl.login.class = null
	sasl.login.connect.timeout.ms = null
	sasl.login.read.timeout.ms = null
	sasl.login.refresh.buffer.seconds = 300
	sasl.login.refresh.min.period.seconds = 60
	sasl.login.refresh.window.factor = 0.8
	sasl.login.refresh.window.jitter = 0.05
	sasl.login.retry.backoff.max.ms = 10000
	sasl.login.retry.backoff.ms = 100
	sasl.mechanism = GSSAPI
	sasl.oauthbearer.clock.skew.seconds = 30
	sasl.oauthbearer.expected.audience = null
	sasl.oauthbearer.expected.issuer = null
	sasl.oauthbearer.jwks.endpoint.refresh.ms = 3600000
	sasl.oauthbearer.jwks.endpoint.retry.backoff.max.ms = 10000
	sasl.oauthbearer.jwks.endpoint.retry.backoff.ms = 100
	sasl.oauthbearer.jwks.endpoint.url = null
	sasl.oauthbearer.scope.claim.name = scope
	sasl.oauthbearer.sub.claim.name = sub
	sasl.oauthbearer.token.endpoint.url = null
	security.protocol = PLAINTEXT
	security.providers = null
	send.buffer.bytes = 131072
	socket.connection.setup.timeout.max.ms = 30000
	socket.connection.setup.timeout.ms = 10000
	ssl.cipher.suites = null
	ssl.enabled.protocols = [TLSv1.2, TLSv1.3]
	ssl.endpoint.identification.algorithm = https
	ssl.engine.factory.class = null
	ssl.key.password = null
	ssl.keymanager.algorithm = SunX509
	ssl.keystore.certificate.chain = null
	ssl.keystore.key = null
	ssl.keystore.location = null
	ssl.keystore.password = null
	ssl.keystore.type = JKS
	ssl.protocol = TLSv1.3
	ssl.provider = null
	ssl.secure.random.implementation = null
	ssl.trustmanager.algorithm = PKIX
	ssl.truststore.certificates = null
	ssl.truststore.location = null
	ssl.truststore.password = null
	ssl.truststore.type = JKS

2026-06-09 14:34:02.451 [main] INFO  o.a.kafka.common.utils.AppInfoParser
                [service=iam_service]
                [correlationId=]
                [userId=]
                [keyId=]
                [challengeId=]
                - Kafka version: 3.7.1
2026-06-09 14:34:02.451 [main] INFO  o.a.kafka.common.utils.AppInfoParser
                [service=iam_service]
                [correlationId=]
                [userId=]
                [keyId=]
                [challengeId=]
                - Kafka commitId: e2494e6ffb89f828
2026-06-09 14:34:02.451 [main] INFO  o.a.kafka.common.utils.AppInfoParser
                [service=iam_service]
                [correlationId=]
                [userId=]
                [keyId=]
                [challengeId=]
                - Kafka startTimeMs: 1781004842449
2026-06-09 14:34:02.683 [kafka-admin-client-thread | iam-service-admin-0] INFO  o.a.kafka.common.utils.AppInfoParser
                [service=iam_service]
                [correlationId=]
                [userId=]
                [keyId=]
                [challengeId=]
                - App info kafka.admin.client for iam-service-admin-0 unregistered
2026-06-09 14:34:02.688 [kafka-admin-client-thread | iam-service-admin-0] INFO  o.a.kafka.common.metrics.Metrics
                [service=iam_service]
                [correlationId=]
                [userId=]
                [keyId=]
                [challengeId=]
                - Metrics scheduler closed
2026-06-09 14:34:02.688 [kafka-admin-client-thread | iam-service-admin-0] INFO  o.a.kafka.common.metrics.Metrics
                [service=iam_service]
                [correlationId=]
                [userId=]
                [keyId=]
                [challengeId=]
                - Closing reporter org.apache.kafka.common.metrics.JmxReporter
2026-06-09 14:34:02.689 [kafka-admin-client-thread | iam-service-admin-0] INFO  o.a.kafka.common.metrics.Metrics
                [service=iam_service]
                [correlationId=]
                [userId=]
                [keyId=]
                [challengeId=]
                - Metrics reporters closed
2026-06-09 14:34:02.693 [main] INFO  o.a.coyote.http11.Http11NioProtocol
                [service=iam_service]
                [correlationId=]
                [userId=]
                [keyId=]
                [challengeId=]
                - Starting ProtocolHandler ["http-nio-8081"]
2026-06-09 14:34:02.702 [main] INFO  o.s.b.w.e.tomcat.TomcatWebServer
                [service=iam_service]
                [correlationId=]
                [userId=]
                [keyId=]
                [challengeId=]
                - Tomcat started on port 8081 (http) with context path '/'
2026-06-09 14:34:02.718 [main] INFO  c.c.iam.IamServiceApplication
                [service=iam_service]
                [correlationId=]
                [userId=]
                [keyId=]
                [challengeId=]
                - Started IamServiceApplication in 7.171 seconds (process running for 7.423)
2026-06-09 15:21:22.523 [SpringApplicationShutdownHook] INFO  o.s.o.j.LocalContainerEntityManagerFactoryBean
                [service=iam_service]
                [correlationId=]
                [userId=]
                [keyId=]
                [challengeId=]
                - Closing JPA EntityManagerFactory for persistence unit 'default'
2026-06-09 15:21:22.537 [SpringApplicationShutdownHook] INFO  com.zaxxer.hikari.HikariDataSource
                [service=iam_service]
                [correlationId=]
                [userId=]
                [keyId=]
                [challengeId=]
                - HikariPool-1 - Shutdown initiated...
2026-06-09 15:21:22.539 [SpringApplicationShutdownHook] INFO  com.zaxxer.hikari.HikariDataSource
                [service=iam_service]
                [correlationId=]
                [userId=]
                [keyId=]
                [challengeId=]
                - HikariPool-1 - Shutdown completed.
2026-06-09 20:18:28.919 [background-preinit] INFO  o.h.validator.internal.util.Version
                [service=iam_service]
                [correlationId=]
                [userId=]
                [keyId=]
                [challengeId=]
                - HV000001: Hibernate Validator 8.0.1.Final
2026-06-09 20:18:28.950 [main] INFO  c.c.iam.IamServiceApplication
                [service=iam_service]
                [correlationId=]
                [userId=]
                [keyId=]
                [challengeId=]
                - Starting IamServiceApplication using Java 17.0.19 with PID 22420 (C:\Users\Lenovo\IdeaProjects\5th_Spring_miceoservice\services\iam\target\classes started by Lenovo in C:\Users\Lenovo\IdeaProjects\5th_Spring_miceoservice)
2026-06-09 20:18:28.951 [main] INFO  c.c.iam.IamServiceApplication
                [service=iam_service]
                [correlationId=]
                [userId=]
                [keyId=]
                [challengeId=]
                - No active profile set, falling back to 1 default profile: "default"
2026-06-09 20:18:29.936 [main] INFO  o.s.d.r.c.RepositoryConfigurationDelegate
                [service=iam_service]
                [correlationId=]
                [userId=]
                [keyId=]
                [challengeId=]
                - Bootstrapping Spring Data JPA repositories in DEFAULT mode.
2026-06-09 20:18:30.034 [main] INFO  o.s.d.r.c.RepositoryConfigurationDelegate
                [service=iam_service]
                [correlationId=]
                [userId=]
                [keyId=]
                [challengeId=]
                - Finished Spring Data repository scanning in 91 ms. Found 4 JPA repository interfaces.
2026-06-09 20:18:30.820 [main] INFO  o.s.b.w.e.tomcat.TomcatWebServer
                [service=iam_service]
                [correlationId=]
                [userId=]
                [keyId=]
                [challengeId=]
                - Tomcat initialized with port 8081 (http)
2026-06-09 20:18:30.835 [main] INFO  o.a.coyote.http11.Http11NioProtocol
                [service=iam_service]
                [correlationId=]
                [userId=]
                [keyId=]
                [challengeId=]
                - Initializing ProtocolHandler ["http-nio-8081"]
2026-06-09 20:18:30.839 [main] INFO  o.a.catalina.core.StandardService
                [service=iam_service]
                [correlationId=]
                [userId=]
                [keyId=]
                [challengeId=]
                - Starting service [Tomcat]
2026-06-09 20:18:30.839 [main] INFO  o.a.catalina.core.StandardEngine
                [service=iam_service]
                [correlationId=]
                [userId=]
                [keyId=]
                [challengeId=]
                - Starting Servlet engine: [Apache Tomcat/10.1.31]
2026-06-09 20:18:30.917 [main] INFO  o.a.c.c.C.[Tomcat].[localhost].[/]
                [service=iam_service]
                [correlationId=]
                [userId=]
                [keyId=]
                [challengeId=]
                - Initializing Spring embedded WebApplicationContext
2026-06-09 20:18:30.919 [main] INFO  o.s.b.w.s.c.ServletWebServerApplicationContext
                [service=iam_service]
                [correlationId=]
                [userId=]
                [keyId=]
                [challengeId=]
                - Root WebApplicationContext: initialization completed in 1936 ms
2026-06-09 20:18:31.378 [main] INFO  com.zaxxer.hikari.HikariDataSource
                [service=iam_service]
                [correlationId=]
                [userId=]
                [keyId=]
                [challengeId=]
                - HikariPool-1 - Starting...
2026-06-09 20:18:31.546 [main] INFO  com.zaxxer.hikari.pool.HikariPool
                [service=iam_service]
                [correlationId=]
                [userId=]
                [keyId=]
                [challengeId=]
                - HikariPool-1 - Added connection org.postgresql.jdbc.PgConnection@553fbe94
2026-06-09 20:18:31.552 [main] INFO  com.zaxxer.hikari.HikariDataSource
                [service=iam_service]
                [correlationId=]
                [userId=]
                [keyId=]
                [challengeId=]
                - HikariPool-1 - Start completed.
2026-06-09 20:18:31.583 [main] INFO  org.flywaydb.core.FlywayExecutor
                [service=iam_service]
                [correlationId=]
                [userId=]
                [keyId=]
                [challengeId=]
                - Database: jdbc:postgresql://localhost:5432/iam_db (PostgreSQL 18.4)
2026-06-09 20:18:31.664 [main] INFO  o.f.core.internal.command.DbValidate
                [service=iam_service]
                [correlationId=]
                [userId=]
                [keyId=]
                [challengeId=]
                - Successfully validated 4 migrations (execution time 00:00.054s)
2026-06-09 20:18:31.689 [main] INFO  o.f.core.internal.command.DbMigrate
                [service=iam_service]
                [correlationId=]
                [userId=]
                [keyId=]
                [challengeId=]
                - Current version of schema "public": 4
2026-06-09 20:18:31.692 [main] INFO  o.f.core.internal.command.DbMigrate
                [service=iam_service]
                [correlationId=]
                [userId=]
                [keyId=]
                [challengeId=]
                - Schema "public" is up to date. No migration necessary.
2026-06-09 20:18:31.793 [main] INFO  o.h.jpa.internal.util.LogHelper
                [service=iam_service]
                [correlationId=]
                [userId=]
                [keyId=]
                [challengeId=]
                - HHH000204: Processing PersistenceUnitInfo [name: default]
2026-06-09 20:18:31.873 [main] INFO  org.hibernate.Version
                [service=iam_service]
                [correlationId=]
                [userId=]
                [keyId=]
                [challengeId=]
                - HHH000412: Hibernate ORM core version 6.5.3.Final
2026-06-09 20:18:31.900 [main] INFO  o.h.c.i.RegionFactoryInitiator
                [service=iam_service]
                [correlationId=]
                [userId=]
                [keyId=]
                [challengeId=]
                - HHH000026: Second-level cache disabled
2026-06-09 20:18:32.077 [main] INFO  o.s.o.j.p.SpringPersistenceUnitInfo
                [service=iam_service]
                [correlationId=]
                [userId=]
                [keyId=]
                [challengeId=]
                - No LoadTimeWeaver setup: ignoring JPA class transformer
2026-06-09 20:18:32.825 [main] INFO  o.h.e.t.j.p.i.JtaPlatformInitiator
                [service=iam_service]
                [correlationId=]
                [userId=]
                [keyId=]
                [challengeId=]
                - HHH000489: No JTA platform available (set 'hibernate.transaction.jta.platform' to enable JTA platform integration)
2026-06-09 20:18:32.877 [main] INFO  o.s.o.j.LocalContainerEntityManagerFactoryBean
                [service=iam_service]
                [correlationId=]
                [userId=]
                [keyId=]
                [challengeId=]
                - Initialized JPA EntityManagerFactory for persistence unit 'default'
2026-06-09 20:18:34.382 [main] INFO  o.s.b.a.e.web.EndpointLinksResolver
                [service=iam_service]
                [correlationId=]
                [userId=]
                [keyId=]
                [challengeId=]
                - Exposing 2 endpoints beneath base path '/actuator'
2026-06-09 20:18:34.466 [main] INFO  o.a.k.c.admin.AdminClientConfig
                [service=iam_service]
                [correlationId=]
                [userId=]
                [keyId=]
                [challengeId=]
                - AdminClientConfig values: 
	auto.include.jmx.reporter = true
	bootstrap.controllers = []
	bootstrap.servers = [localhost:9092]
	client.dns.lookup = use_all_dns_ips
	client.id = iam-service-admin-0
	connections.max.idle.ms = 300000
	default.api.timeout.ms = 60000
	enable.metrics.push = true
	metadata.max.age.ms = 300000
	metric.reporters = []
	metrics.num.samples = 2
	metrics.recording.level = INFO
	metrics.sample.window.ms = 30000
	receive.buffer.bytes = 65536
	reconnect.backoff.max.ms = 1000
	reconnect.backoff.ms = 50
	request.timeout.ms = 30000
	retries = 2147483647
	retry.backoff.max.ms = 1000
	retry.backoff.ms = 100
	sasl.client.callback.handler.class = null
	sasl.jaas.config = null
	sasl.kerberos.kinit.cmd = /usr/bin/kinit
	sasl.kerberos.min.time.before.relogin = 60000
	sasl.kerberos.service.name = null
	sasl.kerberos.ticket.renew.jitter = 0.05
	sasl.kerberos.ticket.renew.window.factor = 0.8
	sasl.login.callback.handler.class = null
	sasl.login.class = null
	sasl.login.connect.timeout.ms = null
	sasl.login.read.timeout.ms = null
	sasl.login.refresh.buffer.seconds = 300
	sasl.login.refresh.min.period.seconds = 60
	sasl.login.refresh.window.factor = 0.8
	sasl.login.refresh.window.jitter = 0.05
	sasl.login.retry.backoff.max.ms = 10000
	sasl.login.retry.backoff.ms = 100
	sasl.mechanism = GSSAPI
	sasl.oauthbearer.clock.skew.seconds = 30
	sasl.oauthbearer.expected.audience = null
	sasl.oauthbearer.expected.issuer = null
	sasl.oauthbearer.jwks.endpoint.refresh.ms = 3600000
	sasl.oauthbearer.jwks.endpoint.retry.backoff.max.ms = 10000
	sasl.oauthbearer.jwks.endpoint.retry.backoff.ms = 100
	sasl.oauthbearer.jwks.endpoint.url = null
	sasl.oauthbearer.scope.claim.name = scope
	sasl.oauthbearer.sub.claim.name = sub
	sasl.oauthbearer.token.endpoint.url = null
	security.protocol = PLAINTEXT
	security.providers = null
	send.buffer.bytes = 131072
	socket.connection.setup.timeout.max.ms = 30000
	socket.connection.setup.timeout.ms = 10000
	ssl.cipher.suites = null
	ssl.enabled.protocols = [TLSv1.2, TLSv1.3]
	ssl.endpoint.identification.algorithm = https
	ssl.engine.factory.class = null
	ssl.key.password = null
	ssl.keymanager.algorithm = SunX509
	ssl.keystore.certificate.chain = null
	ssl.keystore.key = null
	ssl.keystore.location = null
	ssl.keystore.password = null
	ssl.keystore.type = JKS
	ssl.protocol = TLSv1.3
	ssl.provider = null
	ssl.secure.random.implementation = null
	ssl.trustmanager.algorithm = PKIX
	ssl.truststore.certificates = null
	ssl.truststore.location = null
	ssl.truststore.password = null
	ssl.truststore.type = JKS

2026-06-09 20:18:34.540 [main] INFO  o.a.kafka.common.utils.AppInfoParser
                [service=iam_service]
                [correlationId=]
                [userId=]
                [keyId=]
                [challengeId=]
                - Kafka version: 3.7.1
2026-06-09 20:18:34.540 [main] INFO  o.a.kafka.common.utils.AppInfoParser
                [service=iam_service]
                [correlationId=]
                [userId=]
                [keyId=]
                [challengeId=]
                - Kafka commitId: e2494e6ffb89f828
2026-06-09 20:18:34.540 [main] INFO  o.a.kafka.common.utils.AppInfoParser
                [service=iam_service]
                [correlationId=]
                [userId=]
                [keyId=]
                [challengeId=]
                - Kafka startTimeMs: 1781025514539
2026-06-09 20:18:34.791 [kafka-admin-client-thread | iam-service-admin-0] INFO  o.a.kafka.common.utils.AppInfoParser
                [service=iam_service]
                [correlationId=]
                [userId=]
                [keyId=]
                [challengeId=]
                - App info kafka.admin.client for iam-service-admin-0 unregistered
2026-06-09 20:18:34.793 [kafka-admin-client-thread | iam-service-admin-0] INFO  o.a.kafka.common.metrics.Metrics
                [service=iam_service]
                [correlationId=]
                [userId=]
                [keyId=]
                [challengeId=]
                - Metrics scheduler closed
2026-06-09 20:18:34.793 [kafka-admin-client-thread | iam-service-admin-0] INFO  o.a.kafka.common.metrics.Metrics
                [service=iam_service]
                [correlationId=]
                [userId=]
                [keyId=]
                [challengeId=]
                - Closing reporter org.apache.kafka.common.metrics.JmxReporter
2026-06-09 20:18:34.793 [kafka-admin-client-thread | iam-service-admin-0] INFO  o.a.kafka.common.metrics.Metrics
                [service=iam_service]
                [correlationId=]
                [userId=]
                [keyId=]
                [challengeId=]
                - Metrics reporters closed
2026-06-09 20:18:34.797 [main] INFO  o.a.coyote.http11.Http11NioProtocol
                [service=iam_service]
                [correlationId=]
                [userId=]
                [keyId=]
                [challengeId=]
                - Starting ProtocolHandler ["http-nio-8081"]
2026-06-09 20:18:34.804 [main] INFO  o.s.b.w.e.tomcat.TomcatWebServer
                [service=iam_service]
                [correlationId=]
                [userId=]
                [keyId=]
                [challengeId=]
                - Tomcat started on port 8081 (http) with context path '/'
2026-06-09 20:18:34.818 [main] INFO  c.c.iam.IamServiceApplication
                [service=iam_service]
                [correlationId=]
                [userId=]
                [keyId=]
                [challengeId=]
                - Started IamServiceApplication in 6.231 seconds (process running for 6.493)
2026-06-09 20:19:35.773 [http-nio-8081-exec-1] INFO  o.a.c.c.C.[Tomcat].[localhost].[/]
                [service=iam_service]
                [correlationId=]
                [userId=]
                [keyId=]
                [challengeId=]
                - Initializing Spring DispatcherServlet 'dispatcherServlet'
2026-06-09 20:19:35.773 [http-nio-8081-exec-1] INFO  o.s.web.servlet.DispatcherServlet
                [service=iam_service]
                [correlationId=]
                [userId=]
                [keyId=]
                [challengeId=]
                - Initializing Servlet 'dispatcherServlet'
2026-06-09 20:19:35.775 [http-nio-8081-exec-1] INFO  o.s.web.servlet.DispatcherServlet
                [service=iam_service]
                [correlationId=]
                [userId=]
                [keyId=]
                [challengeId=]
                - Completed initialization in 2 ms
2026-06-09 20:19:35.782 [http-nio-8081-exec-1] INFO  c.c.i.c.filter.RequestLoggingFilter
                [service=iam_service]
                [correlationId=f70a9119-b651-4a24-95ab-1d44c223adbd]
                [userId=]
                [keyId=]
                [challengeId=]
                - HTTP_REQUEST_STARTED method=GET path=/api/auth/v3/api-docs correlationId=f70a9119-b651-4a24-95ab-1d44c223adbd
2026-06-09 20:19:36.172 [http-nio-8081-exec-1] INFO  o.s.api.AbstractOpenApiResource
                [service=iam_service]
                [correlationId=f70a9119-b651-4a24-95ab-1d44c223adbd]
                [userId=]
                [keyId=]
                [challengeId=]
                - Init duration for springdoc-openapi is: 348 ms
2026-06-09 20:19:36.198 [http-nio-8081-exec-1] INFO  c.c.i.c.filter.RequestLoggingFilter
                [service=iam_service]
                [correlationId=f70a9119-b651-4a24-95ab-1d44c223adbd]
                [userId=]
                [keyId=]
                [challengeId=]
                - HTTP_REQUEST_COMPLETED method=GET path=/api/auth/v3/api-docs status=200 durationMs=416 correlationId=f70a9119-b651-4a24-95ab-1d44c223adbd
2026-06-09 20:19:43.416 [http-nio-8081-exec-2] INFO  c.c.i.c.filter.RequestLoggingFilter
                [service=iam_service]
                [correlationId=0afe788d-7718-4d32-a4c7-6cbb7bea0476]
                [userId=]
                [keyId=]
                [challengeId=]
                - HTTP_REQUEST_STARTED method=GET path=/api/auth/dev/keypair correlationId=0afe788d-7718-4d32-a4c7-6cbb7bea0476
2026-06-09 20:19:43.446 [http-nio-8081-exec-2] INFO  c.c.i.c.filter.RequestLoggingFilter
                [service=iam_service]
                [correlationId=0afe788d-7718-4d32-a4c7-6cbb7bea0476]
                [userId=]
                [keyId=]
                [challengeId=]
                - HTTP_REQUEST_COMPLETED method=GET path=/api/auth/dev/keypair status=200 durationMs=30 correlationId=0afe788d-7718-4d32-a4c7-6cbb7bea0476
2026-06-09 20:20:16.798 [http-nio-8081-exec-8] INFO  c.c.i.c.filter.RequestLoggingFilter
                [service=iam_service]
                [correlationId=45391bc9-eb49-468c-98ec-8da398cd7cd0]
                [userId=]
                [keyId=]
                [challengeId=]
                - HTTP_REQUEST_STARTED method=POST path=/api/auth/users/register correlationId=45391bc9-eb49-468c-98ec-8da398cd7cd0
2026-06-09 20:20:16.868 [http-nio-8081-exec-8] INFO  c.c.i.a.a.u.RegisterUserUseCase
                [service=iam_service]
                [correlationId=45391bc9-eb49-468c-98ec-8da398cd7cd0]
                [userId=]
                [keyId=]
                [challengeId=]
                - REGISTER_USER_STARTED email=ali@gmail.com
2026-06-09 20:20:16.975 [http-nio-8081-exec-8] INFO  c.c.i.a.a.u.RegisterUserUseCase
                [service=iam_service]
                [correlationId=45391bc9-eb49-468c-98ec-8da398cd7cd0]
                [userId=f8969750-0e34-45df-af00-d71125f5f366]
                [keyId=191a11bb-b160-4431-943f-1fc381976366]
                [challengeId=]
                - REGISTER_USER_SUCCESS userId=f8969750-0e34-45df-af00-d71125f5f366 keyId=191a11bb-b160-4431-943f-1fc381976366
2026-06-09 20:20:17.058 [http-nio-8081-exec-8] INFO  c.c.i.c.filter.RequestLoggingFilter
                [service=iam_service]
                [correlationId=45391bc9-eb49-468c-98ec-8da398cd7cd0]
                [userId=]
                [keyId=]
                [challengeId=]
                - HTTP_REQUEST_COMPLETED method=POST path=/api/auth/users/register status=200 durationMs=260 correlationId=45391bc9-eb49-468c-98ec-8da398cd7cd0
2026-06-09 20:20:19.497 [scheduling-1] INFO  o.a.k.c.producer.ProducerConfig
                [service=iam_service]
                [correlationId=]
                [userId=]
                [keyId=]
                [challengeId=]
                - ProducerConfig values: 
	acks = -1
	auto.include.jmx.reporter = true
	batch.size = 16384
	bootstrap.servers = [localhost:9092]
	buffer.memory = 33554432
	client.dns.lookup = use_all_dns_ips
	client.id = iam-service-producer-1
	compression.type = none
	connections.max.idle.ms = 540000
	delivery.timeout.ms = 120000
	enable.idempotence = true
	enable.metrics.push = true
	interceptor.classes = []
	key.serializer = class org.apache.kafka.common.serialization.StringSerializer
	linger.ms = 0
	max.block.ms = 60000
	max.in.flight.requests.per.connection = 5
	max.request.size = 1048576
	metadata.max.age.ms = 300000
	metadata.max.idle.ms = 300000
	metric.reporters = []
	metrics.num.samples = 2
	metrics.recording.level = INFO
	metrics.sample.window.ms = 30000
	partitioner.adaptive.partitioning.enable = true
	partitioner.availability.timeout.ms = 0
	partitioner.class = null
	partitioner.ignore.keys = false
	receive.buffer.bytes = 32768
	reconnect.backoff.max.ms = 1000
	reconnect.backoff.ms = 50
	request.timeout.ms = 30000
	retries = 10
	retry.backoff.max.ms = 1000
	retry.backoff.ms = 100
	sasl.client.callback.handler.class = null
	sasl.jaas.config = null
	sasl.kerberos.kinit.cmd = /usr/bin/kinit
	sasl.kerberos.min.time.before.relogin = 60000
	sasl.kerberos.service.name = null
	sasl.kerberos.ticket.renew.jitter = 0.05
	sasl.kerberos.ticket.renew.window.factor = 0.8
	sasl.login.callback.handler.class = null
	sasl.login.class = null
	sasl.login.connect.timeout.ms = null
	sasl.login.read.timeout.ms = null
	sasl.login.refresh.buffer.seconds = 300
	sasl.login.refresh.min.period.seconds = 60
	sasl.login.refresh.window.factor = 0.8
	sasl.login.refresh.window.jitter = 0.05
	sasl.login.retry.backoff.max.ms = 10000
	sasl.login.retry.backoff.ms = 100
	sasl.mechanism = GSSAPI
	sasl.oauthbearer.clock.skew.seconds = 30
	sasl.oauthbearer.expected.audience = null
	sasl.oauthbearer.expected.issuer = null
	sasl.oauthbearer.jwks.endpoint.refresh.ms = 3600000
	sasl.oauthbearer.jwks.endpoint.retry.backoff.max.ms = 10000
	sasl.oauthbearer.jwks.endpoint.retry.backoff.ms = 100
	sasl.oauthbearer.jwks.endpoint.url = null
	sasl.oauthbearer.scope.claim.name = scope
	sasl.oauthbearer.sub.claim.name = sub
	sasl.oauthbearer.token.endpoint.url = null
	security.protocol = PLAINTEXT
	security.providers = null
	send.buffer.bytes = 131072
	socket.connection.setup.timeout.max.ms = 30000
	socket.connection.setup.timeout.ms = 10000
	ssl.cipher.suites = null
	ssl.enabled.protocols = [TLSv1.2, TLSv1.3]
	ssl.endpoint.identification.algorithm = https
	ssl.engine.factory.class = null
	ssl.key.password = null
	ssl.keymanager.algorithm = SunX509
	ssl.keystore.certificate.chain = null
	ssl.keystore.key = null
	ssl.keystore.location = null
	ssl.keystore.password = null
	ssl.keystore.type = JKS
	ssl.protocol = TLSv1.3
	ssl.provider = null
	ssl.secure.random.implementation = null
	ssl.trustmanager.algorithm = PKIX
	ssl.truststore.certificates = null
	ssl.truststore.location = null
	ssl.truststore.password = null
	ssl.truststore.type = JKS
	transaction.timeout.ms = 60000
	transactional.id = null
	value.serializer = class org.springframework.kafka.support.serializer.JsonSerializer

2026-06-09 20:20:19.538 [scheduling-1] INFO  o.a.k.c.t.i.KafkaMetricsCollector
                [service=iam_service]
                [correlationId=]
                [userId=]
                [keyId=]
                [challengeId=]
                - initializing Kafka metrics collector
2026-06-09 20:20:19.551 [scheduling-1] INFO  o.a.k.clients.producer.KafkaProducer
                [service=iam_service]
                [correlationId=]
                [userId=]
                [keyId=]
                [challengeId=]
                - [Producer clientId=iam-service-producer-1] Instantiated an idempotent producer.
2026-06-09 20:20:19.598 [scheduling-1] INFO  o.a.kafka.common.utils.AppInfoParser
                [service=iam_service]
                [correlationId=]
                [userId=]
                [keyId=]
                [challengeId=]
                - Kafka version: 3.7.1
2026-06-09 20:20:19.598 [scheduling-1] INFO  o.a.kafka.common.utils.AppInfoParser
                [service=iam_service]
                [correlationId=]
                [userId=]
                [keyId=]
                [challengeId=]
                - Kafka commitId: e2494e6ffb89f828
2026-06-09 20:20:19.598 [scheduling-1] INFO  o.a.kafka.common.utils.AppInfoParser
                [service=iam_service]
                [correlationId=]
                [userId=]
                [keyId=]
                [challengeId=]
                - Kafka startTimeMs: 1781025619597
2026-06-09 20:20:19.612 [kafka-producer-network-thread | iam-service-producer-1] INFO  org.apache.kafka.clients.Metadata
                [service=iam_service]
                [correlationId=]
                [userId=]
                [keyId=]
                [challengeId=]
                - [Producer clientId=iam-service-producer-1] Cluster ID: 5L6g3nShT-eMCtK--X86sw
2026-06-09 20:20:19.737 [kafka-producer-network-thread | iam-service-producer-1] INFO  o.a.k.c.p.i.TransactionManager
                [service=iam_service]
                [correlationId=]
                [userId=]
                [keyId=]
                [challengeId=]
                - [Producer clientId=iam-service-producer-1] ProducerId set to 0 with epoch 0
2026-06-09 20:20:19.782 [scheduling-1] INFO  c.c.i.a.i.m.k.KafkaOutboxPublisher
                [service=iam_service]
                [correlationId=]
                [userId=]
                [keyId=]
                [challengeId=]
                - OUTBOX_EVENT_PUBLISHED eventId=a2376a5f-0f99-4f7e-8b7b-3b241003c901 topic=iam.user-public-key.registered.v1 key=f8969750-0e34-45df-af00-d71125f5f366
2026-06-09 20:29:19.675 [kafka-producer-network-thread | iam-service-producer-1] INFO  o.apache.kafka.clients.NetworkClient
                [service=iam_service]
                [correlationId=]
                [userId=]
                [keyId=]
                [challengeId=]
                - [Producer clientId=iam-service-producer-1] Node -1 disconnected.
2026-06-09 20:38:40.597 [http-nio-8081-exec-5] INFO  c.c.i.c.filter.RequestLoggingFilter
                [service=iam_service]
                [correlationId=f3b3736c-02d6-453b-ab56-310ef0938361]
                [userId=]
                [keyId=]
                [challengeId=]
                - HTTP_REQUEST_STARTED method=POST path=/api/auth/challenges correlationId=f3b3736c-02d6-453b-ab56-310ef0938361
2026-06-09 20:38:40.614 [http-nio-8081-exec-5] INFO  c.c.i.c.filter.RequestLoggingFilter
                [service=iam_service]
                [correlationId=f3b3736c-02d6-453b-ab56-310ef0938361]
                [userId=3fa85f64-5717-4562-b3fc-2c963f66afa6]
                [keyId=]
                [challengeId=]
                - HTTP_REQUEST_COMPLETED method=POST path=/api/auth/challenges status=404 durationMs=17 correlationId=f3b3736c-02d6-453b-ab56-310ef0938361
2026-06-09 20:39:04.518 [http-nio-8081-exec-7] INFO  c.c.i.c.filter.RequestLoggingFilter
                [service=iam_service]
                [correlationId=dcb07aa4-74d4-4279-8b5e-dfa8d5d67723]
                [userId=]
                [keyId=]
                [challengeId=]
                - HTTP_REQUEST_STARTED method=POST path=/api/auth/challenges correlationId=dcb07aa4-74d4-4279-8b5e-dfa8d5d67723
2026-06-09 20:39:04.535 [http-nio-8081-exec-7] INFO  c.c.i.a.a.u.CreateChallengeUseCase
                [service=iam_service]
                [correlationId=dcb07aa4-74d4-4279-8b5e-dfa8d5d67723]
                [userId=f8969750-0e34-45df-af00-d71125f5f366]
                [keyId=]
                [challengeId=fe2fd547-1769-408f-b0b3-7539a7707e09]
                - CREATE_CHALLENGE_SUCCESS userId=f8969750-0e34-45df-af00-d71125f5f366 challengeId=fe2fd547-1769-408f-b0b3-7539a7707e09
2026-06-09 20:39:04.540 [http-nio-8081-exec-7] INFO  c.c.i.c.filter.RequestLoggingFilter
                [service=iam_service]
                [correlationId=dcb07aa4-74d4-4279-8b5e-dfa8d5d67723]
                [userId=f8969750-0e34-45df-af00-d71125f5f366]
                [keyId=]
                [challengeId=fe2fd547-1769-408f-b0b3-7539a7707e09]
                - HTTP_REQUEST_COMPLETED method=POST path=/api/auth/challenges status=200 durationMs=22 correlationId=dcb07aa4-74d4-4279-8b5e-dfa8d5d67723
2026-06-09 20:39:19.682 [kafka-producer-network-thread | iam-service-producer-1] INFO  o.apache.kafka.clients.NetworkClient
                [service=iam_service]
                [correlationId=]
                [userId=]
                [keyId=]
                [challengeId=]
                - [Producer clientId=iam-service-producer-1] Node -1 disconnected.
2026-06-09 20:40:39.928 [http-nio-8081-exec-3] INFO  c.c.i.c.filter.RequestLoggingFilter
                [service=iam_service]
                [correlationId=84a5b4d3-ae62-4fb7-9c91-6ff46f24075a]
                [userId=]
                [keyId=]
                [challengeId=]
                - HTTP_REQUEST_STARTED method=POST path=/api/auth/dev/sign correlationId=84a5b4d3-ae62-4fb7-9c91-6ff46f24075a
2026-06-09 20:40:39.945 [http-nio-8081-exec-3] INFO  c.c.i.c.filter.RequestLoggingFilter
                [service=iam_service]
                [correlationId=84a5b4d3-ae62-4fb7-9c91-6ff46f24075a]
                [userId=]
                [keyId=]
                [challengeId=]
                - HTTP_REQUEST_COMPLETED method=POST path=/api/auth/dev/sign status=200 durationMs=17 correlationId=84a5b4d3-ae62-4fb7-9c91-6ff46f24075a
2026-06-09 20:41:38.620 [http-nio-8081-exec-9] INFO  c.c.i.c.filter.RequestLoggingFilter
                [service=iam_service]
                [correlationId=eb186127-1f40-46d7-aa48-fb5fa2ff0f3a]
                [userId=]
                [keyId=]
                [challengeId=]
                - HTTP_REQUEST_STARTED method=POST path=/api/auth/signatures/verify correlationId=eb186127-1f40-46d7-aa48-fb5fa2ff0f3a
2026-06-09 20:41:38.626 [http-nio-8081-exec-9] INFO  c.c.i.a.a.u.VerifySignatureUseCase
                [service=iam_service]
                [correlationId=eb186127-1f40-46d7-aa48-fb5fa2ff0f3a]
                [userId=f8969750-0e34-45df-af00-d71125f5f366]
                [keyId=191a11bb-b160-4431-943f-1fc381976366]
                [challengeId=fe2fd547-1769-408f-b0b3-7539a7707e09]
                - VERIFY_SIGNATURE_STARTED userId=f8969750-0e34-45df-af00-d71125f5f366 keyId=191a11bb-b160-4431-943f-1fc381976366 challengeId=fe2fd547-1769-408f-b0b3-7539a7707e09
2026-06-09 20:41:38.650 [http-nio-8081-exec-9] INFO  c.c.i.a.i.c.Ed25519SignatureVerifier
                [service=iam_service]
                [correlationId=eb186127-1f40-46d7-aa48-fb5fa2ff0f3a]
                [userId=f8969750-0e34-45df-af00-d71125f5f366]
                [keyId=191a11bb-b160-4431-943f-1fc381976366]
                [challengeId=fe2fd547-1769-408f-b0b3-7539a7707e09]
                - ED25519_SIGNATURE_VERIFICATION valid=true
2026-06-09 20:41:38.741 [http-nio-8081-exec-9] INFO  c.c.i.a.a.u.VerifySignatureUseCase
                [service=iam_service]
                [correlationId=eb186127-1f40-46d7-aa48-fb5fa2ff0f3a]
                [userId=f8969750-0e34-45df-af00-d71125f5f366]
                [keyId=191a11bb-b160-4431-943f-1fc381976366]
                [challengeId=fe2fd547-1769-408f-b0b3-7539a7707e09]
                - VERIFY_SIGNATURE_SUCCESS userId=f8969750-0e34-45df-af00-d71125f5f366 keyId=191a11bb-b160-4431-943f-1fc381976366 challengeId=fe2fd547-1769-408f-b0b3-7539a7707e09
2026-06-09 20:41:38.746 [http-nio-8081-exec-9] INFO  c.c.i.c.filter.RequestLoggingFilter
                [service=iam_service]
                [correlationId=eb186127-1f40-46d7-aa48-fb5fa2ff0f3a]
                [userId=f8969750-0e34-45df-af00-d71125f5f366]
                [keyId=191a11bb-b160-4431-943f-1fc381976366]
                [challengeId=fe2fd547-1769-408f-b0b3-7539a7707e09]
                - HTTP_REQUEST_COMPLETED method=POST path=/api/auth/signatures/verify status=200 durationMs=126 correlationId=eb186127-1f40-46d7-aa48-fb5fa2ff0f3a
2026-06-09 21:27:26.350 [http-nio-8081-exec-1] INFO  c.c.i.c.filter.RequestLoggingFilter
                [service=iam_service]
                [correlationId=79d73a0c-3073-4817-ab60-e3b65d095481]
                [userId=]
                [keyId=]
                [challengeId=]
                - HTTP_REQUEST_STARTED method=GET path=/api/auth/v3/api-docs correlationId=79d73a0c-3073-4817-ab60-e3b65d095481
2026-06-09 21:27:26.502 [http-nio-8081-exec-1] INFO  c.c.i.c.filter.RequestLoggingFilter
                [service=iam_service]
                [correlationId=79d73a0c-3073-4817-ab60-e3b65d095481]
                [userId=]
                [keyId=]
                [challengeId=]
                - HTTP_REQUEST_COMPLETED method=GET path=/api/auth/v3/api-docs status=200 durationMs=153 correlationId=79d73a0c-3073-4817-ab60-e3b65d095481
2026-06-09 21:48:00.705 [http-nio-8081-exec-8] INFO  c.c.i.c.filter.RequestLoggingFilter
                [service=iam_service]
                [correlationId=373cbfd4-ec2b-4621-8e75-edc5ee945578]
                [userId=]
                [keyId=]
                [challengeId=]
                - HTTP_REQUEST_STARTED method=GET path=/api/auth/v3/api-docs correlationId=373cbfd4-ec2b-4621-8e75-edc5ee945578
2026-06-09 21:48:00.711 [http-nio-8081-exec-8] INFO  c.c.i.c.filter.RequestLoggingFilter
                [service=iam_service]
                [correlationId=373cbfd4-ec2b-4621-8e75-edc5ee945578]
                [userId=]
                [keyId=]
                [challengeId=]
                - HTTP_REQUEST_COMPLETED method=GET path=/api/auth/v3/api-docs status=200 durationMs=6 correlationId=373cbfd4-ec2b-4621-8e75-edc5ee945578
2026-06-09 21:48:33.965 [http-nio-8081-exec-4] INFO  c.c.i.c.filter.RequestLoggingFilter
                [service=iam_service]
                [correlationId=71270148-6c30-4493-9aa1-d33c1cddfc93]
                [userId=]
                [keyId=]
                [challengeId=]
                - HTTP_REQUEST_STARTED method=POST path=/api/auth/challenges correlationId=71270148-6c30-4493-9aa1-d33c1cddfc93
2026-06-09 21:48:34.053 [http-nio-8081-exec-4] INFO  c.c.i.a.a.u.CreateChallengeUseCase
                [service=iam_service]
                [correlationId=71270148-6c30-4493-9aa1-d33c1cddfc93]
                [userId=f8969750-0e34-45df-af00-d71125f5f366]
                [keyId=]
                [challengeId=0e4d4b28-61a9-4439-b20c-2b1a952d907a]
                - CREATE_CHALLENGE_SUCCESS userId=f8969750-0e34-45df-af00-d71125f5f366 challengeId=0e4d4b28-61a9-4439-b20c-2b1a952d907a
2026-06-09 21:48:34.070 [http-nio-8081-exec-4] INFO  c.c.i.c.filter.RequestLoggingFilter
                [service=iam_service]
                [correlationId=71270148-6c30-4493-9aa1-d33c1cddfc93]
                [userId=f8969750-0e34-45df-af00-d71125f5f366]
                [keyId=]
                [challengeId=0e4d4b28-61a9-4439-b20c-2b1a952d907a]
                - HTTP_REQUEST_COMPLETED method=POST path=/api/auth/challenges status=200 durationMs=105 correlationId=71270148-6c30-4493-9aa1-d33c1cddfc93
2026-06-09 21:49:28.914 [http-nio-8081-exec-5] INFO  c.c.i.c.filter.RequestLoggingFilter
                [service=iam_service]
                [correlationId=13de2568-68d4-4a29-9770-d784bbc4a327]
                [userId=]
                [keyId=]
                [challengeId=]
                - HTTP_REQUEST_STARTED method=POST path=/api/auth/dev/sign correlationId=13de2568-68d4-4a29-9770-d784bbc4a327
2026-06-09 21:49:28.929 [http-nio-8081-exec-5] INFO  c.c.i.c.filter.RequestLoggingFilter
                [service=iam_service]
                [correlationId=13de2568-68d4-4a29-9770-d784bbc4a327]
                [userId=]
                [keyId=]
                [challengeId=]
                - HTTP_REQUEST_COMPLETED method=POST path=/api/auth/dev/sign status=200 durationMs=15 correlationId=13de2568-68d4-4a29-9770-d784bbc4a327
2026-06-09 21:50:08.104 [http-nio-8081-exec-7] INFO  c.c.i.c.filter.RequestLoggingFilter
                [service=iam_service]
                [correlationId=d9d8f498-c821-457a-a0e3-2d18279529b9]
                [userId=]
                [keyId=]
                [challengeId=]
                - HTTP_REQUEST_STARTED method=POST path=/api/auth/signatures/verify correlationId=d9d8f498-c821-457a-a0e3-2d18279529b9
2026-06-09 21:50:08.110 [http-nio-8081-exec-7] INFO  c.c.i.a.a.u.VerifySignatureUseCase
                [service=iam_service]
                [correlationId=d9d8f498-c821-457a-a0e3-2d18279529b9]
                [userId=f8969750-0e34-45df-af00-d71125f5f366]
                [keyId=191a11bb-b160-4431-943f-1fc381976366]
                [challengeId=0e4d4b28-61a9-4439-b20c-2b1a952d907a]
                - VERIFY_SIGNATURE_STARTED userId=f8969750-0e34-45df-af00-d71125f5f366 keyId=191a11bb-b160-4431-943f-1fc381976366 challengeId=0e4d4b28-61a9-4439-b20c-2b1a952d907a
2026-06-09 21:50:08.137 [http-nio-8081-exec-7] INFO  c.c.i.a.i.c.Ed25519SignatureVerifier
                [service=iam_service]
                [correlationId=d9d8f498-c821-457a-a0e3-2d18279529b9]
                [userId=f8969750-0e34-45df-af00-d71125f5f366]
                [keyId=191a11bb-b160-4431-943f-1fc381976366]
                [challengeId=0e4d4b28-61a9-4439-b20c-2b1a952d907a]
                - ED25519_SIGNATURE_VERIFICATION valid=true
2026-06-09 21:50:08.149 [http-nio-8081-exec-7] INFO  c.c.i.a.a.u.VerifySignatureUseCase
                [service=iam_service]
                [correlationId=d9d8f498-c821-457a-a0e3-2d18279529b9]
                [userId=f8969750-0e34-45df-af00-d71125f5f366]
                [keyId=191a11bb-b160-4431-943f-1fc381976366]
                [challengeId=0e4d4b28-61a9-4439-b20c-2b1a952d907a]
                - VERIFY_SIGNATURE_SUCCESS userId=f8969750-0e34-45df-af00-d71125f5f366 keyId=191a11bb-b160-4431-943f-1fc381976366 challengeId=0e4d4b28-61a9-4439-b20c-2b1a952d907a
2026-06-09 21:50:08.156 [http-nio-8081-exec-7] INFO  c.c.i.c.filter.RequestLoggingFilter
                [service=iam_service]
                [correlationId=d9d8f498-c821-457a-a0e3-2d18279529b9]
                [userId=f8969750-0e34-45df-af00-d71125f5f366]
                [keyId=191a11bb-b160-4431-943f-1fc381976366]
                [challengeId=0e4d4b28-61a9-4439-b20c-2b1a952d907a]
                - HTTP_REQUEST_COMPLETED method=POST path=/api/auth/signatures/verify status=200 durationMs=52 correlationId=d9d8f498-c821-457a-a0e3-2d18279529b9
2026-06-09 23:20:16.221 [kafka-producer-network-thread | iam-service-producer-1] INFO  o.apache.kafka.clients.NetworkClient
                [service=iam_service]
                [correlationId=]
                [userId=]
                [keyId=]
                [challengeId=]
                - [Producer clientId=iam-service-producer-1] Node 1 disconnected.
2026-06-09 23:20:16.314 [kafka-producer-network-thread | iam-service-producer-1] INFO  o.apache.kafka.clients.NetworkClient
                [service=iam_service]
                [correlationId=]
                [userId=]
                [keyId=]
                [challengeId=]
                - [Producer clientId=iam-service-producer-1] Node 1 disconnected.
2026-06-09 23:20:16.314 [kafka-producer-network-thread | iam-service-producer-1] INFO  o.apache.kafka.clients.NetworkClient
                [service=iam_service]
                [correlationId=]
                [userId=]
                [keyId=]
                [challengeId=]
                - [Producer clientId=iam-service-producer-1] Cancelled in-flight API_VERSIONS request with correlation id 80 due to node 1 being disconnected (elapsed time since creation: 12ms, elapsed time since send: 12ms, request timeout: 30000ms)
2026-06-09 23:20:16.425 [kafka-producer-network-thread | iam-service-producer-1] INFO  o.apache.kafka.clients.NetworkClient
                [service=iam_service]
                [correlationId=]
                [userId=]
                [keyId=]
                [challengeId=]
                - [Producer clientId=iam-service-producer-1] Node 1 disconnected.
2026-06-09 23:20:16.426 [kafka-producer-network-thread | iam-service-producer-1] INFO  o.apache.kafka.clients.NetworkClient
                [service=iam_service]
                [correlationId=]
                [userId=]
                [keyId=]
                [challengeId=]
                - [Producer clientId=iam-service-producer-1] Cancelled in-flight API_VERSIONS request with correlation id 81 due to node 1 being disconnected (elapsed time since creation: 2ms, elapsed time since send: 2ms, request timeout: 30000ms)
2026-06-09 23:20:16.626 [kafka-producer-network-thread | iam-service-producer-1] INFO  o.apache.kafka.clients.NetworkClient
                [service=iam_service]
                [correlationId=]
                [userId=]
                [keyId=]
                [challengeId=]
                - [Producer clientId=iam-service-producer-1] Node 1 disconnected.
2026-06-09 23:20:16.627 [kafka-producer-network-thread | iam-service-producer-1] INFO  o.apache.kafka.clients.NetworkClient
                [service=iam_service]
                [correlationId=]
                [userId=]
                [keyId=]
                [challengeId=]
                - [Producer clientId=iam-service-producer-1] Cancelled in-flight API_VERSIONS request with correlation id 82 due to node 1 being disconnected (elapsed time since creation: 3ms, elapsed time since send: 3ms, request timeout: 30000ms)
2026-06-09 23:20:17.178 [kafka-producer-network-thread | iam-service-producer-1] INFO  o.apache.kafka.clients.NetworkClient
                [service=iam_service]
                [correlationId=]
                [userId=]
                [keyId=]
                [challengeId=]
                - [Producer clientId=iam-service-producer-1] Node 1 disconnected.
2026-06-09 23:20:18.138 [kafka-producer-network-thread | iam-service-producer-1] INFO  o.apache.kafka.clients.NetworkClient
                [service=iam_service]
                [correlationId=]
                [userId=]
                [keyId=]
                [challengeId=]
                - [Producer clientId=iam-service-producer-1] Node 1 disconnected.
2026-06-09 23:20:19.154 [kafka-producer-network-thread | iam-service-producer-1] INFO  o.apache.kafka.clients.NetworkClient
                [service=iam_service]
                [correlationId=]
                [userId=]
                [keyId=]
                [challengeId=]
                - [Producer clientId=iam-service-producer-1] Node 1 disconnected.
2026-06-09 23:20:20.105 [kafka-producer-network-thread | iam-service-producer-1] INFO  o.apache.kafka.clients.NetworkClient
                [service=iam_service]
                [correlationId=]
                [userId=]
                [keyId=]
                [challengeId=]
                - [Producer clientId=iam-service-producer-1] Node 1 disconnected.
2026-06-09 23:20:20.975 [kafka-producer-network-thread | iam-service-producer-1] INFO  o.apache.kafka.clients.NetworkClient
                [service=iam_service]
                [correlationId=]
                [userId=]
                [keyId=]
                [challengeId=]
                - [Producer clientId=iam-service-producer-1] Node 1 disconnected.
2026-06-09 23:20:21.978 [kafka-producer-network-thread | iam-service-producer-1] INFO  o.apache.kafka.clients.NetworkClient
                [service=iam_service]
                [correlationId=]
                [userId=]
                [keyId=]
                [challengeId=]
                - [Producer clientId=iam-service-producer-1] Node 1 disconnected.
2026-06-09 23:20:22.543 [SpringApplicationShutdownHook] INFO  o.a.k.clients.producer.KafkaProducer
                [service=iam_service]
                [correlationId=]
                [userId=]
                [keyId=]
                [challengeId=]
                - [Producer clientId=iam-service-producer-1] Closing the Kafka producer with timeoutMillis = 30000 ms.
2026-06-09 23:20:22.571 [SpringApplicationShutdownHook] INFO  o.a.kafka.common.metrics.Metrics
                [service=iam_service]
                [correlationId=]
                [userId=]
                [keyId=]
                [challengeId=]
                - Metrics scheduler closed
2026-06-09 23:20:22.571 [SpringApplicationShutdownHook] INFO  o.a.kafka.common.metrics.Metrics
                [service=iam_service]
                [correlationId=]
                [userId=]
                [keyId=]
                [challengeId=]
                - Closing reporter org.apache.kafka.common.metrics.JmxReporter
2026-06-09 23:20:22.571 [SpringApplicationShutdownHook] INFO  o.a.kafka.common.metrics.Metrics
                [service=iam_service]
                [correlationId=]
                [userId=]
                [keyId=]
                [challengeId=]
                - Closing reporter org.apache.kafka.common.telemetry.internals.ClientTelemetryReporter
2026-06-09 23:20:22.571 [SpringApplicationShutdownHook] INFO  o.a.kafka.common.metrics.Metrics
                [service=iam_service]
                [correlationId=]
                [userId=]
                [keyId=]
                [challengeId=]
                - Metrics reporters closed
2026-06-09 23:20:22.574 [SpringApplicationShutdownHook] INFO  o.a.kafka.common.utils.AppInfoParser
                [service=iam_service]
                [correlationId=]
                [userId=]
                [keyId=]
                [challengeId=]
                - App info kafka.producer for iam-service-producer-1 unregistered
2026-06-09 23:20:22.615 [SpringApplicationShutdownHook] INFO  o.s.o.j.LocalContainerEntityManagerFactoryBean
                [service=iam_service]
                [correlationId=]
                [userId=]
                [keyId=]
                [challengeId=]
                - Closing JPA EntityManagerFactory for persistence unit 'default'
2026-06-09 23:20:22.643 [SpringApplicationShutdownHook] INFO  com.zaxxer.hikari.HikariDataSource
                [service=iam_service]
                [correlationId=]
                [userId=]
                [keyId=]
                [challengeId=]
                - HikariPool-1 - Shutdown initiated...
2026-06-09 23:20:22.651 [SpringApplicationShutdownHook] INFO  com.zaxxer.hikari.HikariDataSource
                [service=iam_service]
                [correlationId=]
                [userId=]
                [keyId=]
                [challengeId=]
                - HikariPool-1 - Shutdown completed.
