2026-05-17 20:33:20.888 [main] ERROR o.s.kafka.core.KafkaAdmin
                [service=iam_service]
                [correlationId=]
                [userId=]
                [keyId=]
                [challengeId=]
                - Could not configure topics
org.springframework.kafka.KafkaException: Timed out waiting to get existing topics
	at org.springframework.kafka.core.KafkaAdmin.lambda$checkPartitions$13(KafkaAdmin.java:550)
	at java.base/java.util.HashMap.forEach(HashMap.java:1421)
	at org.springframework.kafka.core.KafkaAdmin.checkPartitions(KafkaAdmin.java:529)
	at org.springframework.kafka.core.KafkaAdmin.addOrModifyTopicsIfNeeded(KafkaAdmin.java:422)
	at org.springframework.kafka.core.KafkaAdmin.initialize(KafkaAdmin.java:274)
	at org.springframework.kafka.core.KafkaAdmin.afterSingletonsInstantiated(KafkaAdmin.java:238)
	at org.springframework.beans.factory.support.DefaultListableBeanFactory.preInstantiateSingletons(DefaultListableBeanFactory.java:986)
	at org.springframework.context.support.AbstractApplicationContext.finishBeanFactoryInitialization(AbstractApplicationContext.java:971)
	at org.springframework.context.support.AbstractApplicationContext.refresh(AbstractApplicationContext.java:625)
	at org.springframework.boot.web.servlet.context.ServletWebServerApplicationContext.refresh(ServletWebServerApplicationContext.java:146)
	at org.springframework.boot.SpringApplication.refresh(SpringApplication.java:754)
	at org.springframework.boot.SpringApplication.refreshContext(SpringApplication.java:456)
	at org.springframework.boot.SpringApplication.run(SpringApplication.java:335)
	at org.springframework.boot.SpringApplication.run(SpringApplication.java:1363)
	at org.springframework.boot.SpringApplication.run(SpringApplication.java:1352)
	at com.cyphervault.iam.IamServiceApplication.main(IamServiceApplication.java:10)
Caused by: java.util.concurrent.TimeoutException: null
	at java.base/java.util.concurrent.CompletableFuture.timedGet(CompletableFuture.java:1960)
	at java.base/java.util.concurrent.CompletableFuture.get(CompletableFuture.java:2095)
	at org.apache.kafka.common.internals.KafkaFutureImpl.get(KafkaFutureImpl.java:180)
	at org.springframework.kafka.core.KafkaAdmin.lambda$checkPartitions$13(KafkaAdmin.java:532)
	... 15 common frames omitted
2026-05-17 21:21:29.836 [main] ERROR o.s.boot.SpringApplication
                [service=iam_service]
                [correlationId=]
                [userId=]
                [keyId=]
                [challengeId=]
                - Application run failed
java.lang.IllegalStateException: Error processing condition on org.springdoc.webmvc.ui.SwaggerConfig.springWebProvider
	at org.springframework.boot.autoconfigure.condition.SpringBootCondition.matches(SpringBootCondition.java:60)
	at org.springframework.context.annotation.ConditionEvaluator.shouldSkip(ConditionEvaluator.java:108)
	at org.springframework.context.annotation.ConfigurationClassBeanDefinitionReader.loadBeanDefinitionsForBeanMethod(ConfigurationClassBeanDefinitionReader.java:183)
	at org.springframework.context.annotation.ConfigurationClassBeanDefinitionReader.loadBeanDefinitionsForConfigurationClass(ConfigurationClassBeanDefinitionReader.java:144)
	at org.springframework.context.annotation.ConfigurationClassBeanDefinitionReader.loadBeanDefinitions(ConfigurationClassBeanDefinitionReader.java:120)
	at org.springframework.context.annotation.ConfigurationClassPostProcessor.processConfigBeanDefinitions(ConfigurationClassPostProcessor.java:429)
	at org.springframework.context.annotation.ConfigurationClassPostProcessor.postProcessBeanDefinitionRegistry(ConfigurationClassPostProcessor.java:290)
	at org.springframework.context.support.PostProcessorRegistrationDelegate.invokeBeanDefinitionRegistryPostProcessors(PostProcessorRegistrationDelegate.java:349)
	at org.springframework.context.support.PostProcessorRegistrationDelegate.invokeBeanFactoryPostProcessors(PostProcessorRegistrationDelegate.java:118)
	at org.springframework.context.support.AbstractApplicationContext.invokeBeanFactoryPostProcessors(AbstractApplicationContext.java:789)
	at org.springframework.context.support.AbstractApplicationContext.refresh(AbstractApplicationContext.java:607)
	at org.springframework.boot.web.servlet.context.ServletWebServerApplicationContext.refresh(ServletWebServerApplicationContext.java:146)
	at org.springframework.boot.SpringApplication.refresh(SpringApplication.java:754)
	at org.springframework.boot.SpringApplication.refreshContext(SpringApplication.java:456)
	at org.springframework.boot.SpringApplication.run(SpringApplication.java:335)
	at org.springframework.boot.SpringApplication.run(SpringApplication.java:1363)
	at org.springframework.boot.SpringApplication.run(SpringApplication.java:1352)
	at com.cyphervault.iam.IamServiceApplication.main(IamServiceApplication.java:10)
Caused by: java.lang.IllegalStateException: Failed to introspect Class [org.springdoc.webmvc.ui.SwaggerConfig] from ClassLoader [jdk.internal.loader.ClassLoaders$AppClassLoader@1d44bcfa]
	at org.springframework.util.ReflectionUtils.getDeclaredMethods(ReflectionUtils.java:483)
	at org.springframework.util.ReflectionUtils.doWithMethods(ReflectionUtils.java:360)
	at org.springframework.util.ReflectionUtils.getUniqueDeclaredMethods(ReflectionUtils.java:417)
	at org.springframework.beans.factory.support.AbstractAutowireCapableBeanFactory.lambda$getTypeForFactoryMethod$1(AbstractAutowireCapableBeanFactory.java:750)
	at java.base/java.util.concurrent.ConcurrentHashMap.computeIfAbsent(ConcurrentHashMap.java:1708)
	at org.springframework.beans.factory.support.AbstractAutowireCapableBeanFactory.getTypeForFactoryMethod(AbstractAutowireCapableBeanFactory.java:749)
	at org.springframework.beans.factory.support.AbstractAutowireCapableBeanFactory.determineTargetType(AbstractAutowireCapableBeanFactory.java:682)
	at org.springframework.beans.factory.support.AbstractAutowireCapableBeanFactory.predictBeanType(AbstractAutowireCapableBeanFactory.java:653)
	at org.springframework.beans.factory.support.AbstractBeanFactory.isFactoryBean(AbstractBeanFactory.java:1687)
	at org.springframework.beans.factory.support.DefaultListableBeanFactory.doGetBeanNamesForType(DefaultListableBeanFactory.java:562)
	at org.springframework.beans.factory.support.DefaultListableBeanFactory.getBeanNamesForType(DefaultListableBeanFactory.java:534)
	at org.springframework.boot.autoconfigure.condition.OnBeanCondition.collectBeanNamesForType(OnBeanCondition.java:247)
	at org.springframework.boot.autoconfigure.condition.OnBeanCondition.getBeanNamesForType(OnBeanCondition.java:240)
	at org.springframework.boot.autoconfigure.condition.OnBeanCondition.getBeanNamesForType(OnBeanCondition.java:230)
	at org.springframework.boot.autoconfigure.condition.OnBeanCondition.getMatchingBeans(OnBeanCondition.java:183)
	at org.springframework.boot.autoconfigure.condition.OnBeanCondition.getMatchOutcome(OnBeanCondition.java:158)
	at org.springframework.boot.autoconfigure.condition.SpringBootCondition.matches(SpringBootCondition.java:47)
	... 17 common frames omitted
Caused by: java.lang.NoClassDefFoundError: org/springframework/web/servlet/resource/LiteWebJarsResourceResolver
	at java.base/java.lang.ClassLoader.defineClass1(Native Method)
	at java.base/java.lang.ClassLoader.defineClass(ClassLoader.java:1017)
	at java.base/java.security.SecureClassLoader.defineClass(SecureClassLoader.java:150)
	at java.base/jdk.internal.loader.BuiltinClassLoader.defineClass(BuiltinClassLoader.java:862)
	at java.base/jdk.internal.loader.BuiltinClassLoader.findClassOnClassPathOrNull(BuiltinClassLoader.java:760)
	at java.base/jdk.internal.loader.BuiltinClassLoader.loadClassOrNull(BuiltinClassLoader.java:681)
	at java.base/jdk.internal.loader.BuiltinClassLoader.loadClass(BuiltinClassLoader.java:639)
	at java.base/jdk.internal.loader.ClassLoaders$AppClassLoader.loadClass(ClassLoaders.java:188)
	at java.base/java.lang.ClassLoader.loadClass(ClassLoader.java:525)
	at java.base/java.lang.Class.getDeclaredMethods0(Native Method)
	at java.base/java.lang.Class.privateGetDeclaredMethods(Class.java:3404)
	at java.base/java.lang.Class.getDeclaredMethods(Class.java:2506)
	at org.springframework.util.ReflectionUtils.getDeclaredMethods(ReflectionUtils.java:465)
	... 33 common frames omitted
Caused by: java.lang.ClassNotFoundException: org.springframework.web.servlet.resource.LiteWebJarsResourceResolver
	at java.base/jdk.internal.loader.BuiltinClassLoader.loadClass(BuiltinClassLoader.java:641)
	at java.base/jdk.internal.loader.ClassLoaders$AppClassLoader.loadClass(ClassLoaders.java:188)
	at java.base/java.lang.ClassLoader.loadClass(ClassLoader.java:525)
	... 46 common frames omitted
2026-05-17 21:24:27.266 [main] ERROR o.s.kafka.core.KafkaAdmin
                [service=iam_service]
                [correlationId=]
                [userId=]
                [keyId=]
                [challengeId=]
                - Could not configure topics
org.springframework.kafka.KafkaException: Timed out waiting to get existing topics
	at org.springframework.kafka.core.KafkaAdmin.lambda$checkPartitions$13(KafkaAdmin.java:550)
	at java.base/java.util.HashMap.forEach(HashMap.java:1421)
	at org.springframework.kafka.core.KafkaAdmin.checkPartitions(KafkaAdmin.java:529)
	at org.springframework.kafka.core.KafkaAdmin.addOrModifyTopicsIfNeeded(KafkaAdmin.java:422)
	at org.springframework.kafka.core.KafkaAdmin.initialize(KafkaAdmin.java:274)
	at org.springframework.kafka.core.KafkaAdmin.afterSingletonsInstantiated(KafkaAdmin.java:238)
	at org.springframework.beans.factory.support.DefaultListableBeanFactory.preInstantiateSingletons(DefaultListableBeanFactory.java:986)
	at org.springframework.context.support.AbstractApplicationContext.finishBeanFactoryInitialization(AbstractApplicationContext.java:971)
	at org.springframework.context.support.AbstractApplicationContext.refresh(AbstractApplicationContext.java:625)
	at org.springframework.boot.web.servlet.context.ServletWebServerApplicationContext.refresh(ServletWebServerApplicationContext.java:146)
	at org.springframework.boot.SpringApplication.refresh(SpringApplication.java:754)
	at org.springframework.boot.SpringApplication.refreshContext(SpringApplication.java:456)
	at org.springframework.boot.SpringApplication.run(SpringApplication.java:335)
	at org.springframework.boot.SpringApplication.run(SpringApplication.java:1363)
	at org.springframework.boot.SpringApplication.run(SpringApplication.java:1352)
	at com.cyphervault.iam.IamServiceApplication.main(IamServiceApplication.java:10)
Caused by: java.util.concurrent.TimeoutException: null
	at java.base/java.util.concurrent.CompletableFuture.timedGet(CompletableFuture.java:1960)
	at java.base/java.util.concurrent.CompletableFuture.get(CompletableFuture.java:2095)
	at org.apache.kafka.common.internals.KafkaFutureImpl.get(KafkaFutureImpl.java:180)
	at org.springframework.kafka.core.KafkaAdmin.lambda$checkPartitions$13(KafkaAdmin.java:532)
	... 15 common frames omitted
2026-06-07 16:19:47.458 [main] ERROR o.s.boot.SpringApplication
                [service=iam_service]
                [correlationId=]
                [userId=]
                [keyId=]
                [challengeId=]
                - Application run failed
org.springframework.beans.factory.BeanCreationException: Error creating bean with name 'entityManagerFactory' defined in class path resource [org/springframework/boot/autoconfigure/orm/jpa/HibernateJpaConfiguration.class]: Failed to initialize dependency 'flywayInitializer' of LoadTimeWeaverAware bean 'entityManagerFactory': Error creating bean with name 'flywayInitializer' defined in class path resource [org/springframework/boot/autoconfigure/flyway/FlywayAutoConfiguration$FlywayConfiguration.class]: Unable to obtain connection from database: FATAL: database "iam_db" does not exist
----------------------------------------------------------------------------------
SQL State  : 3D000
Error Code : 0
Message    : FATAL: database "iam_db" does not exist

	at org.springframework.beans.factory.support.AbstractBeanFactory.doGetBean(AbstractBeanFactory.java:326)
	at org.springframework.beans.factory.support.AbstractBeanFactory.getBean(AbstractBeanFactory.java:205)
	at org.springframework.context.support.AbstractApplicationContext.finishBeanFactoryInitialization(AbstractApplicationContext.java:954)
	at org.springframework.context.support.AbstractApplicationContext.refresh(AbstractApplicationContext.java:625)
	at org.springframework.boot.web.servlet.context.ServletWebServerApplicationContext.refresh(ServletWebServerApplicationContext.java:146)
	at org.springframework.boot.SpringApplication.refresh(SpringApplication.java:754)
	at org.springframework.boot.SpringApplication.refreshContext(SpringApplication.java:456)
	at org.springframework.boot.SpringApplication.run(SpringApplication.java:335)
	at org.springframework.boot.SpringApplication.run(SpringApplication.java:1363)
	at org.springframework.boot.SpringApplication.run(SpringApplication.java:1352)
	at com.cyphervault.iam.IamServiceApplication.main(IamServiceApplication.java:13)
Caused by: org.springframework.beans.factory.BeanCreationException: Error creating bean with name 'flywayInitializer' defined in class path resource [org/springframework/boot/autoconfigure/flyway/FlywayAutoConfiguration$FlywayConfiguration.class]: Unable to obtain connection from database: FATAL: database "iam_db" does not exist
----------------------------------------------------------------------------------
SQL State  : 3D000
Error Code : 0
Message    : FATAL: database "iam_db" does not exist

	at org.springframework.beans.factory.support.AbstractAutowireCapableBeanFactory.initializeBean(AbstractAutowireCapableBeanFactory.java:1806)
	at org.springframework.beans.factory.support.AbstractAutowireCapableBeanFactory.doCreateBean(AbstractAutowireCapableBeanFactory.java:600)
	at org.springframework.beans.factory.support.AbstractAutowireCapableBeanFactory.createBean(AbstractAutowireCapableBeanFactory.java:522)
	at org.springframework.beans.factory.support.AbstractBeanFactory.lambda$doGetBean$0(AbstractBeanFactory.java:337)
	at org.springframework.beans.factory.support.DefaultSingletonBeanRegistry.getSingleton(DefaultSingletonBeanRegistry.java:234)
	at org.springframework.beans.factory.support.AbstractBeanFactory.doGetBean(AbstractBeanFactory.java:335)
	at org.springframework.beans.factory.support.AbstractBeanFactory.getBean(AbstractBeanFactory.java:200)
	at org.springframework.beans.factory.support.AbstractBeanFactory.doGetBean(AbstractBeanFactory.java:313)
	... 10 common frames omitted
Caused by: org.flywaydb.core.internal.exception.FlywaySqlException: Unable to obtain connection from database: FATAL: database "iam_db" does not exist
----------------------------------------------------------------------------------
SQL State  : 3D000
Error Code : 0
Message    : FATAL: database "iam_db" does not exist

	at org.flywaydb.core.internal.jdbc.JdbcUtils.openConnection(JdbcUtils.java:60)
	at org.flywaydb.core.internal.jdbc.JdbcConnectionFactory.<init>(JdbcConnectionFactory.java:72)
	at org.flywaydb.core.FlywayExecutor.execute(FlywayExecutor.java:134)
	at org.flywaydb.core.Flyway.migrate(Flyway.java:147)
	at org.springframework.boot.autoconfigure.flyway.FlywayMigrationInitializer.afterPropertiesSet(FlywayMigrationInitializer.java:66)
	at org.springframework.beans.factory.support.AbstractAutowireCapableBeanFactory.invokeInitMethods(AbstractAutowireCapableBeanFactory.java:1853)
	at org.springframework.beans.factory.support.AbstractAutowireCapableBeanFactory.initializeBean(AbstractAutowireCapableBeanFactory.java:1802)
	... 17 common frames omitted
Caused by: org.postgresql.util.PSQLException: FATAL: database "iam_db" does not exist
	at org.postgresql.core.v3.QueryExecutorImpl.receiveErrorResponse(QueryExecutorImpl.java:2733)
	at org.postgresql.core.v3.QueryExecutorImpl.readStartupMessages(QueryExecutorImpl.java:2845)
	at org.postgresql.core.v3.QueryExecutorImpl.<init>(QueryExecutorImpl.java:176)
	at org.postgresql.core.v3.ConnectionFactoryImpl.openConnectionImpl(ConnectionFactoryImpl.java:323)
	at org.postgresql.core.ConnectionFactory.openConnection(ConnectionFactory.java:54)
	at org.postgresql.jdbc.PgConnection.<init>(PgConnection.java:273)
	at org.postgresql.Driver.makeConnection(Driver.java:446)
	at org.postgresql.Driver.connect(Driver.java:298)
	at com.zaxxer.hikari.util.DriverDataSource.getConnection(DriverDataSource.java:137)
	at com.zaxxer.hikari.pool.PoolBase.newConnection(PoolBase.java:360)
	at com.zaxxer.hikari.pool.PoolBase.newPoolEntry(PoolBase.java:202)
	at com.zaxxer.hikari.pool.HikariPool.createPoolEntry(HikariPool.java:461)
	at com.zaxxer.hikari.pool.HikariPool.checkFailFast(HikariPool.java:550)
	at com.zaxxer.hikari.pool.HikariPool.<init>(HikariPool.java:98)
	at com.zaxxer.hikari.HikariDataSource.getConnection(HikariDataSource.java:111)
	at org.flywaydb.core.internal.jdbc.JdbcUtils.openConnection(JdbcUtils.java:48)
	... 23 common frames omitted
2026-06-07 16:30:44.639 [main] ERROR o.f.core.internal.command.DbMigrate
                [service=iam_service]
                [correlationId=]
                [userId=]
                [keyId=]
                [challengeId=]
                - Migration of schema "public" to version "5 - create outbox events" failed! Changes successfully rolled back.
2026-06-07 16:30:44.688 [main] ERROR o.s.boot.SpringApplication
                [service=iam_service]
                [correlationId=]
                [userId=]
                [keyId=]
                [challengeId=]
                - Application run failed
org.springframework.beans.factory.BeanCreationException: Error creating bean with name 'entityManagerFactory' defined in class path resource [org/springframework/boot/autoconfigure/orm/jpa/HibernateJpaConfiguration.class]: Failed to initialize dependency 'flywayInitializer' of LoadTimeWeaverAware bean 'entityManagerFactory': Error creating bean with name 'flywayInitializer' defined in class path resource [org/springframework/boot/autoconfigure/flyway/FlywayAutoConfiguration$FlywayConfiguration.class]: Migration V5__create_outbox_events.sql failed
---------------------------------------------
SQL State  : 42P07
Error Code : 0
Message    : ERROR: relation "outbox_events" already exists
Location   : db/migration/V5__create_outbox_events.sql (C:\Users\Lenovo\IdeaProjects\5th_Spring_miceoservice\services\iam\target\classes\db\migration\V5__create_outbox_events.sql)
Line       : 1
Statement  : CREATE TABLE outbox_events (
    id UUID PRIMARY KEY,

    event_id VARCHAR(100) NOT NULL UNIQUE,

    aggregate_type VARCHAR(100) NOT NULL,
    aggregate_id VARCHAR(100) NOT NULL,

    event_type VARCHAR(150) NOT NULL,
    event_version VARCHAR(20) NOT NULL,

    topic VARCHAR(255) NOT NULL,
    kafka_key VARCHAR(255) NOT NULL,

    payload TEXT NOT NULL,

    status VARCHAR(30) NOT NULL,
    attempts INT NOT NULL DEFAULT 0,

    next_attempt_at TIMESTAMPTZ NOT NULL,
    locked_at TIMESTAMPTZ NULL,
    published_at TIMESTAMPTZ NULL,

    last_error TEXT NULL,

    created_at TIMESTAMPTZ NOT NULL,
    updated_at TIMESTAMPTZ NOT NULL,

    version BIGINT DEFAULT 0
)

	at org.springframework.beans.factory.support.AbstractBeanFactory.doGetBean(AbstractBeanFactory.java:326)
	at org.springframework.beans.factory.support.AbstractBeanFactory.getBean(AbstractBeanFactory.java:205)
	at org.springframework.context.support.AbstractApplicationContext.finishBeanFactoryInitialization(AbstractApplicationContext.java:954)
	at org.springframework.context.support.AbstractApplicationContext.refresh(AbstractApplicationContext.java:625)
	at org.springframework.boot.web.servlet.context.ServletWebServerApplicationContext.refresh(ServletWebServerApplicationContext.java:146)
	at org.springframework.boot.SpringApplication.refresh(SpringApplication.java:754)
	at org.springframework.boot.SpringApplication.refreshContext(SpringApplication.java:456)
	at org.springframework.boot.SpringApplication.run(SpringApplication.java:335)
	at org.springframework.boot.SpringApplication.run(SpringApplication.java:1363)
	at org.springframework.boot.SpringApplication.run(SpringApplication.java:1352)
	at com.cyphervault.iam.IamServiceApplication.main(IamServiceApplication.java:13)
Caused by: org.springframework.beans.factory.BeanCreationException: Error creating bean with name 'flywayInitializer' defined in class path resource [org/springframework/boot/autoconfigure/flyway/FlywayAutoConfiguration$FlywayConfiguration.class]: Migration V5__create_outbox_events.sql failed
---------------------------------------------
SQL State  : 42P07
Error Code : 0
Message    : ERROR: relation "outbox_events" already exists
Location   : db/migration/V5__create_outbox_events.sql (C:\Users\Lenovo\IdeaProjects\5th_Spring_miceoservice\services\iam\target\classes\db\migration\V5__create_outbox_events.sql)
Line       : 1
Statement  : CREATE TABLE outbox_events (
    id UUID PRIMARY KEY,

    event_id VARCHAR(100) NOT NULL UNIQUE,

    aggregate_type VARCHAR(100) NOT NULL,
    aggregate_id VARCHAR(100) NOT NULL,

    event_type VARCHAR(150) NOT NULL,
    event_version VARCHAR(20) NOT NULL,

    topic VARCHAR(255) NOT NULL,
    kafka_key VARCHAR(255) NOT NULL,

    payload TEXT NOT NULL,

    status VARCHAR(30) NOT NULL,
    attempts INT NOT NULL DEFAULT 0,

    next_attempt_at TIMESTAMPTZ NOT NULL,
    locked_at TIMESTAMPTZ NULL,
    published_at TIMESTAMPTZ NULL,

    last_error TEXT NULL,

    created_at TIMESTAMPTZ NOT NULL,
    updated_at TIMESTAMPTZ NOT NULL,

    version BIGINT DEFAULT 0
)

	at org.springframework.beans.factory.support.AbstractAutowireCapableBeanFactory.initializeBean(AbstractAutowireCapableBeanFactory.java:1806)
	at org.springframework.beans.factory.support.AbstractAutowireCapableBeanFactory.doCreateBean(AbstractAutowireCapableBeanFactory.java:600)
	at org.springframework.beans.factory.support.AbstractAutowireCapableBeanFactory.createBean(AbstractAutowireCapableBeanFactory.java:522)
	at org.springframework.beans.factory.support.AbstractBeanFactory.lambda$doGetBean$0(AbstractBeanFactory.java:337)
	at org.springframework.beans.factory.support.DefaultSingletonBeanRegistry.getSingleton(DefaultSingletonBeanRegistry.java:234)
	at org.springframework.beans.factory.support.AbstractBeanFactory.doGetBean(AbstractBeanFactory.java:335)
	at org.springframework.beans.factory.support.AbstractBeanFactory.getBean(AbstractBeanFactory.java:200)
	at org.springframework.beans.factory.support.AbstractBeanFactory.doGetBean(AbstractBeanFactory.java:313)
	... 10 common frames omitted
Caused by: org.flywaydb.core.internal.command.DbMigrate$FlywayMigrateException: Migration V5__create_outbox_events.sql failed
---------------------------------------------
SQL State  : 42P07
Error Code : 0
Message    : ERROR: relation "outbox_events" already exists
Location   : db/migration/V5__create_outbox_events.sql (C:\Users\Lenovo\IdeaProjects\5th_Spring_miceoservice\services\iam\target\classes\db\migration\V5__create_outbox_events.sql)
Line       : 1
Statement  : CREATE TABLE outbox_events (
    id UUID PRIMARY KEY,

    event_id VARCHAR(100) NOT NULL UNIQUE,

    aggregate_type VARCHAR(100) NOT NULL,
    aggregate_id VARCHAR(100) NOT NULL,

    event_type VARCHAR(150) NOT NULL,
    event_version VARCHAR(20) NOT NULL,

    topic VARCHAR(255) NOT NULL,
    kafka_key VARCHAR(255) NOT NULL,

    payload TEXT NOT NULL,

    status VARCHAR(30) NOT NULL,
    attempts INT NOT NULL DEFAULT 0,

    next_attempt_at TIMESTAMPTZ NOT NULL,
    locked_at TIMESTAMPTZ NULL,
    published_at TIMESTAMPTZ NULL,

    last_error TEXT NULL,

    created_at TIMESTAMPTZ NOT NULL,
    updated_at TIMESTAMPTZ NOT NULL,

    version BIGINT DEFAULT 0
)

	at org.flywaydb.core.internal.command.DbMigrate.doMigrateGroup(DbMigrate.java:382)
	at org.flywaydb.core.internal.command.DbMigrate.lambda$applyMigrations$1(DbMigrate.java:272)
	at org.flywaydb.core.internal.jdbc.TransactionalExecutionTemplate.execute(TransactionalExecutionTemplate.java:55)
	at org.flywaydb.core.internal.command.DbMigrate.applyMigrations(DbMigrate.java:271)
	at org.flywaydb.core.internal.command.DbMigrate.migrateGroup(DbMigrate.java:244)
	at org.flywaydb.core.internal.command.DbMigrate.lambda$migrateAll$0(DbMigrate.java:139)
	at org.flywaydb.database.postgresql.PostgreSQLAdvisoryLockTemplate.execute(PostgreSQLAdvisoryLockTemplate.java:73)
	at org.flywaydb.database.postgresql.PostgreSQLAdvisoryLockTemplate.lambda$execute$0(PostgreSQLAdvisoryLockTemplate.java:56)
	at org.flywaydb.core.internal.jdbc.TransactionalExecutionTemplate.execute(TransactionalExecutionTemplate.java:55)
	at org.flywaydb.database.postgresql.PostgreSQLAdvisoryLockTemplate.execute(PostgreSQLAdvisoryLockTemplate.java:56)
	at org.flywaydb.database.postgresql.PostgreSQLConnection.lock(PostgreSQLConnection.java:96)
	at org.flywaydb.core.internal.schemahistory.JdbcTableSchemaHistory.lock(JdbcTableSchemaHistory.java:145)
	at org.flywaydb.core.internal.command.DbMigrate.migrateAll(DbMigrate.java:139)
	at org.flywaydb.core.internal.command.DbMigrate.migrate(DbMigrate.java:97)
	at org.flywaydb.core.Flyway.lambda$migrate$0(Flyway.java:202)
	at org.flywaydb.core.FlywayExecutor.execute(FlywayExecutor.java:205)
	at org.flywaydb.core.Flyway.migrate(Flyway.java:147)
	at org.springframework.boot.autoconfigure.flyway.FlywayMigrationInitializer.afterPropertiesSet(FlywayMigrationInitializer.java:66)
	at org.springframework.beans.factory.support.AbstractAutowireCapableBeanFactory.invokeInitMethods(AbstractAutowireCapableBeanFactory.java:1853)
	at org.springframework.beans.factory.support.AbstractAutowireCapableBeanFactory.initializeBean(AbstractAutowireCapableBeanFactory.java:1802)
	... 17 common frames omitted
Caused by: org.flywaydb.core.internal.sqlscript.FlywaySqlScriptException: Migration V5__create_outbox_events.sql failed
---------------------------------------------
SQL State  : 42P07
Error Code : 0
Message    : ERROR: relation "outbox_events" already exists
Location   : db/migration/V5__create_outbox_events.sql (C:\Users\Lenovo\IdeaProjects\5th_Spring_miceoservice\services\iam\target\classes\db\migration\V5__create_outbox_events.sql)
Line       : 1
Statement  : CREATE TABLE outbox_events (
    id UUID PRIMARY KEY,

    event_id VARCHAR(100) NOT NULL UNIQUE,

    aggregate_type VARCHAR(100) NOT NULL,
    aggregate_id VARCHAR(100) NOT NULL,

    event_type VARCHAR(150) NOT NULL,
    event_version VARCHAR(20) NOT NULL,

    topic VARCHAR(255) NOT NULL,
    kafka_key VARCHAR(255) NOT NULL,

    payload TEXT NOT NULL,

    status VARCHAR(30) NOT NULL,
    attempts INT NOT NULL DEFAULT 0,

    next_attempt_at TIMESTAMPTZ NOT NULL,
    locked_at TIMESTAMPTZ NULL,
    published_at TIMESTAMPTZ NULL,

    last_error TEXT NULL,

    created_at TIMESTAMPTZ NOT NULL,
    updated_at TIMESTAMPTZ NOT NULL,

    version BIGINT DEFAULT 0
)

	at org.flywaydb.core.internal.sqlscript.DefaultSqlScriptExecutor.handleException(DefaultSqlScriptExecutor.java:252)
	at org.flywaydb.core.internal.sqlscript.DefaultSqlScriptExecutor.executeStatement(DefaultSqlScriptExecutor.java:214)
	at org.flywaydb.core.internal.sqlscript.DefaultSqlScriptExecutor.execute(DefaultSqlScriptExecutor.java:133)
	at org.flywaydb.core.internal.resolver.sql.SqlMigrationExecutor.executeOnce(SqlMigrationExecutor.java:65)
	at org.flywaydb.core.internal.resolver.sql.SqlMigrationExecutor.lambda$execute$0(SqlMigrationExecutor.java:57)
	at org.flywaydb.core.internal.database.DefaultExecutionStrategy.execute(DefaultExecutionStrategy.java:27)
	at org.flywaydb.core.internal.resolver.sql.SqlMigrationExecutor.execute(SqlMigrationExecutor.java:56)
	at org.flywaydb.core.internal.command.DbMigrate.doMigrateGroup(DbMigrate.java:374)
	... 36 common frames omitted
Caused by: org.postgresql.util.PSQLException: ERROR: relation "outbox_events" already exists
	at org.postgresql.core.v3.QueryExecutorImpl.receiveErrorResponse(QueryExecutorImpl.java:2733)
	at org.postgresql.core.v3.QueryExecutorImpl.processResults(QueryExecutorImpl.java:2420)
	at org.postgresql.core.v3.QueryExecutorImpl.execute(QueryExecutorImpl.java:372)
	at org.postgresql.jdbc.PgStatement.executeInternal(PgStatement.java:517)
	at org.postgresql.jdbc.PgStatement.execute(PgStatement.java:434)
	at org.postgresql.jdbc.PgStatement.executeWithFlags(PgStatement.java:356)
	at org.postgresql.jdbc.PgStatement.executeCachedSql(PgStatement.java:341)
	at org.postgresql.jdbc.PgStatement.executeWithFlags(PgStatement.java:317)
	at org.postgresql.jdbc.PgStatement.execute(PgStatement.java:312)
	at com.zaxxer.hikari.pool.ProxyStatement.execute(ProxyStatement.java:94)
	at com.zaxxer.hikari.pool.HikariProxyStatement.execute(HikariProxyStatement.java)
	at org.flywaydb.core.internal.jdbc.JdbcTemplate.executeStatement(JdbcTemplate.java:210)
	at org.flywaydb.core.internal.sqlscript.ParsedSqlStatement.execute(ParsedSqlStatement.java:89)
	at org.flywaydb.core.internal.sqlscript.DefaultSqlScriptExecutor.executeStatement(DefaultSqlScriptExecutor.java:206)
	... 42 common frames omitted
2026-06-07 16:31:20.007 [main] ERROR o.f.core.internal.command.DbMigrate
                [service=iam_service]
                [correlationId=]
                [userId=]
                [keyId=]
                [challengeId=]
                - Migration of schema "public" to version "5 - create outbox events" failed! Changes successfully rolled back.
2026-06-07 16:31:20.089 [main] ERROR o.s.boot.SpringApplication
                [service=iam_service]
                [correlationId=]
                [userId=]
                [keyId=]
                [challengeId=]
                - Application run failed
org.springframework.beans.factory.BeanCreationException: Error creating bean with name 'entityManagerFactory' defined in class path resource [org/springframework/boot/autoconfigure/orm/jpa/HibernateJpaConfiguration.class]: Failed to initialize dependency 'flywayInitializer' of LoadTimeWeaverAware bean 'entityManagerFactory': Error creating bean with name 'flywayInitializer' defined in class path resource [org/springframework/boot/autoconfigure/flyway/FlywayAutoConfiguration$FlywayConfiguration.class]: Migration V5__create_outbox_events.sql failed
---------------------------------------------
SQL State  : 42P07
Error Code : 0
Message    : ERROR: relation "outbox_events" already exists
Location   : db/migration/V5__create_outbox_events.sql (C:\Users\Lenovo\IdeaProjects\5th_Spring_miceoservice\services\iam\target\classes\db\migration\V5__create_outbox_events.sql)
Line       : 1
Statement  : CREATE TABLE outbox_events (
    id UUID PRIMARY KEY,

    event_id VARCHAR(100) NOT NULL UNIQUE,

    aggregate_type VARCHAR(100) NOT NULL,
    aggregate_id VARCHAR(100) NOT NULL,

    event_type VARCHAR(150) NOT NULL,
    event_version VARCHAR(20) NOT NULL,

    topic VARCHAR(255) NOT NULL,
    kafka_key VARCHAR(255) NOT NULL,

    payload TEXT NOT NULL,

    status VARCHAR(30) NOT NULL,
    attempts INT NOT NULL DEFAULT 0,

    next_attempt_at TIMESTAMPTZ NOT NULL,
    locked_at TIMESTAMPTZ NULL,
    published_at TIMESTAMPTZ NULL,

    last_error TEXT NULL,

    created_at TIMESTAMPTZ NOT NULL,
    updated_at TIMESTAMPTZ NOT NULL,

    version BIGINT DEFAULT 0
)

	at org.springframework.beans.factory.support.AbstractBeanFactory.doGetBean(AbstractBeanFactory.java:326)
	at org.springframework.beans.factory.support.AbstractBeanFactory.getBean(AbstractBeanFactory.java:205)
	at org.springframework.context.support.AbstractApplicationContext.finishBeanFactoryInitialization(AbstractApplicationContext.java:954)
	at org.springframework.context.support.AbstractApplicationContext.refresh(AbstractApplicationContext.java:625)
	at org.springframework.boot.web.servlet.context.ServletWebServerApplicationContext.refresh(ServletWebServerApplicationContext.java:146)
	at org.springframework.boot.SpringApplication.refresh(SpringApplication.java:754)
	at org.springframework.boot.SpringApplication.refreshContext(SpringApplication.java:456)
	at org.springframework.boot.SpringApplication.run(SpringApplication.java:335)
	at org.springframework.boot.SpringApplication.run(SpringApplication.java:1363)
	at org.springframework.boot.SpringApplication.run(SpringApplication.java:1352)
	at com.cyphervault.iam.IamServiceApplication.main(IamServiceApplication.java:13)
Caused by: org.springframework.beans.factory.BeanCreationException: Error creating bean with name 'flywayInitializer' defined in class path resource [org/springframework/boot/autoconfigure/flyway/FlywayAutoConfiguration$FlywayConfiguration.class]: Migration V5__create_outbox_events.sql failed
---------------------------------------------
SQL State  : 42P07
Error Code : 0
Message    : ERROR: relation "outbox_events" already exists
Location   : db/migration/V5__create_outbox_events.sql (C:\Users\Lenovo\IdeaProjects\5th_Spring_miceoservice\services\iam\target\classes\db\migration\V5__create_outbox_events.sql)
Line       : 1
Statement  : CREATE TABLE outbox_events (
    id UUID PRIMARY KEY,

    event_id VARCHAR(100) NOT NULL UNIQUE,

    aggregate_type VARCHAR(100) NOT NULL,
    aggregate_id VARCHAR(100) NOT NULL,

    event_type VARCHAR(150) NOT NULL,
    event_version VARCHAR(20) NOT NULL,

    topic VARCHAR(255) NOT NULL,
    kafka_key VARCHAR(255) NOT NULL,

    payload TEXT NOT NULL,

    status VARCHAR(30) NOT NULL,
    attempts INT NOT NULL DEFAULT 0,

    next_attempt_at TIMESTAMPTZ NOT NULL,
    locked_at TIMESTAMPTZ NULL,
    published_at TIMESTAMPTZ NULL,

    last_error TEXT NULL,

    created_at TIMESTAMPTZ NOT NULL,
    updated_at TIMESTAMPTZ NOT NULL,

    version BIGINT DEFAULT 0
)

	at org.springframework.beans.factory.support.AbstractAutowireCapableBeanFactory.initializeBean(AbstractAutowireCapableBeanFactory.java:1806)
	at org.springframework.beans.factory.support.AbstractAutowireCapableBeanFactory.doCreateBean(AbstractAutowireCapableBeanFactory.java:600)
	at org.springframework.beans.factory.support.AbstractAutowireCapableBeanFactory.createBean(AbstractAutowireCapableBeanFactory.java:522)
	at org.springframework.beans.factory.support.AbstractBeanFactory.lambda$doGetBean$0(AbstractBeanFactory.java:337)
	at org.springframework.beans.factory.support.DefaultSingletonBeanRegistry.getSingleton(DefaultSingletonBeanRegistry.java:234)
	at org.springframework.beans.factory.support.AbstractBeanFactory.doGetBean(AbstractBeanFactory.java:335)
	at org.springframework.beans.factory.support.AbstractBeanFactory.getBean(AbstractBeanFactory.java:200)
	at org.springframework.beans.factory.support.AbstractBeanFactory.doGetBean(AbstractBeanFactory.java:313)
	... 10 common frames omitted
Caused by: org.flywaydb.core.internal.command.DbMigrate$FlywayMigrateException: Migration V5__create_outbox_events.sql failed
---------------------------------------------
SQL State  : 42P07
Error Code : 0
Message    : ERROR: relation "outbox_events" already exists
Location   : db/migration/V5__create_outbox_events.sql (C:\Users\Lenovo\IdeaProjects\5th_Spring_miceoservice\services\iam\target\classes\db\migration\V5__create_outbox_events.sql)
Line       : 1
Statement  : CREATE TABLE outbox_events (
    id UUID PRIMARY KEY,

    event_id VARCHAR(100) NOT NULL UNIQUE,

    aggregate_type VARCHAR(100) NOT NULL,
    aggregate_id VARCHAR(100) NOT NULL,

    event_type VARCHAR(150) NOT NULL,
    event_version VARCHAR(20) NOT NULL,

    topic VARCHAR(255) NOT NULL,
    kafka_key VARCHAR(255) NOT NULL,

    payload TEXT NOT NULL,

    status VARCHAR(30) NOT NULL,
    attempts INT NOT NULL DEFAULT 0,

    next_attempt_at TIMESTAMPTZ NOT NULL,
    locked_at TIMESTAMPTZ NULL,
    published_at TIMESTAMPTZ NULL,

    last_error TEXT NULL,

    created_at TIMESTAMPTZ NOT NULL,
    updated_at TIMESTAMPTZ NOT NULL,

    version BIGINT DEFAULT 0
)

	at org.flywaydb.core.internal.command.DbMigrate.doMigrateGroup(DbMigrate.java:382)
	at org.flywaydb.core.internal.command.DbMigrate.lambda$applyMigrations$1(DbMigrate.java:272)
	at org.flywaydb.core.internal.jdbc.TransactionalExecutionTemplate.execute(TransactionalExecutionTemplate.java:55)
	at org.flywaydb.core.internal.command.DbMigrate.applyMigrations(DbMigrate.java:271)
	at org.flywaydb.core.internal.command.DbMigrate.migrateGroup(DbMigrate.java:244)
	at org.flywaydb.core.internal.command.DbMigrate.lambda$migrateAll$0(DbMigrate.java:139)
	at org.flywaydb.database.postgresql.PostgreSQLAdvisoryLockTemplate.execute(PostgreSQLAdvisoryLockTemplate.java:73)
	at org.flywaydb.database.postgresql.PostgreSQLAdvisoryLockTemplate.lambda$execute$0(PostgreSQLAdvisoryLockTemplate.java:56)
	at org.flywaydb.core.internal.jdbc.TransactionalExecutionTemplate.execute(TransactionalExecutionTemplate.java:55)
	at org.flywaydb.database.postgresql.PostgreSQLAdvisoryLockTemplate.execute(PostgreSQLAdvisoryLockTemplate.java:56)
	at org.flywaydb.database.postgresql.PostgreSQLConnection.lock(PostgreSQLConnection.java:96)
	at org.flywaydb.core.internal.schemahistory.JdbcTableSchemaHistory.lock(JdbcTableSchemaHistory.java:145)
	at org.flywaydb.core.internal.command.DbMigrate.migrateAll(DbMigrate.java:139)
	at org.flywaydb.core.internal.command.DbMigrate.migrate(DbMigrate.java:97)
	at org.flywaydb.core.Flyway.lambda$migrate$0(Flyway.java:202)
	at org.flywaydb.core.FlywayExecutor.execute(FlywayExecutor.java:205)
	at org.flywaydb.core.Flyway.migrate(Flyway.java:147)
	at org.springframework.boot.autoconfigure.flyway.FlywayMigrationInitializer.afterPropertiesSet(FlywayMigrationInitializer.java:66)
	at org.springframework.beans.factory.support.AbstractAutowireCapableBeanFactory.invokeInitMethods(AbstractAutowireCapableBeanFactory.java:1853)
	at org.springframework.beans.factory.support.AbstractAutowireCapableBeanFactory.initializeBean(AbstractAutowireCapableBeanFactory.java:1802)
	... 17 common frames omitted
Caused by: org.flywaydb.core.internal.sqlscript.FlywaySqlScriptException: Migration V5__create_outbox_events.sql failed
---------------------------------------------
SQL State  : 42P07
Error Code : 0
Message    : ERROR: relation "outbox_events" already exists
Location   : db/migration/V5__create_outbox_events.sql (C:\Users\Lenovo\IdeaProjects\5th_Spring_miceoservice\services\iam\target\classes\db\migration\V5__create_outbox_events.sql)
Line       : 1
Statement  : CREATE TABLE outbox_events (
    id UUID PRIMARY KEY,

    event_id VARCHAR(100) NOT NULL UNIQUE,

    aggregate_type VARCHAR(100) NOT NULL,
    aggregate_id VARCHAR(100) NOT NULL,

    event_type VARCHAR(150) NOT NULL,
    event_version VARCHAR(20) NOT NULL,

    topic VARCHAR(255) NOT NULL,
    kafka_key VARCHAR(255) NOT NULL,

    payload TEXT NOT NULL,

    status VARCHAR(30) NOT NULL,
    attempts INT NOT NULL DEFAULT 0,

    next_attempt_at TIMESTAMPTZ NOT NULL,
    locked_at TIMESTAMPTZ NULL,
    published_at TIMESTAMPTZ NULL,

    last_error TEXT NULL,

    created_at TIMESTAMPTZ NOT NULL,
    updated_at TIMESTAMPTZ NOT NULL,

    version BIGINT DEFAULT 0
)

	at org.flywaydb.core.internal.sqlscript.DefaultSqlScriptExecutor.handleException(DefaultSqlScriptExecutor.java:252)
	at org.flywaydb.core.internal.sqlscript.DefaultSqlScriptExecutor.executeStatement(DefaultSqlScriptExecutor.java:214)
	at org.flywaydb.core.internal.sqlscript.DefaultSqlScriptExecutor.execute(DefaultSqlScriptExecutor.java:133)
	at org.flywaydb.core.internal.resolver.sql.SqlMigrationExecutor.executeOnce(SqlMigrationExecutor.java:65)
	at org.flywaydb.core.internal.resolver.sql.SqlMigrationExecutor.lambda$execute$0(SqlMigrationExecutor.java:57)
	at org.flywaydb.core.internal.database.DefaultExecutionStrategy.execute(DefaultExecutionStrategy.java:27)
	at org.flywaydb.core.internal.resolver.sql.SqlMigrationExecutor.execute(SqlMigrationExecutor.java:56)
	at org.flywaydb.core.internal.command.DbMigrate.doMigrateGroup(DbMigrate.java:374)
	... 36 common frames omitted
Caused by: org.postgresql.util.PSQLException: ERROR: relation "outbox_events" already exists
	at org.postgresql.core.v3.QueryExecutorImpl.receiveErrorResponse(QueryExecutorImpl.java:2733)
	at org.postgresql.core.v3.QueryExecutorImpl.processResults(QueryExecutorImpl.java:2420)
	at org.postgresql.core.v3.QueryExecutorImpl.execute(QueryExecutorImpl.java:372)
	at org.postgresql.jdbc.PgStatement.executeInternal(PgStatement.java:517)
	at org.postgresql.jdbc.PgStatement.execute(PgStatement.java:434)
	at org.postgresql.jdbc.PgStatement.executeWithFlags(PgStatement.java:356)
	at org.postgresql.jdbc.PgStatement.executeCachedSql(PgStatement.java:341)
	at org.postgresql.jdbc.PgStatement.executeWithFlags(PgStatement.java:317)
	at org.postgresql.jdbc.PgStatement.execute(PgStatement.java:312)
	at com.zaxxer.hikari.pool.ProxyStatement.execute(ProxyStatement.java:94)
	at com.zaxxer.hikari.pool.HikariProxyStatement.execute(HikariProxyStatement.java)
	at org.flywaydb.core.internal.jdbc.JdbcTemplate.executeStatement(JdbcTemplate.java:210)
	at org.flywaydb.core.internal.sqlscript.ParsedSqlStatement.execute(ParsedSqlStatement.java:89)
	at org.flywaydb.core.internal.sqlscript.DefaultSqlScriptExecutor.executeStatement(DefaultSqlScriptExecutor.java:206)
	... 42 common frames omitted
2026-06-07 16:49:20.671 [main] ERROR o.f.core.internal.command.DbMigrate
                [service=iam_service]
                [correlationId=]
                [userId=]
                [keyId=]
                [challengeId=]
                - Migration of schema "public" to version "5 - create outbox events" failed! Changes successfully rolled back.
2026-06-07 16:49:20.714 [main] ERROR o.s.boot.SpringApplication
                [service=iam_service]
                [correlationId=]
                [userId=]
                [keyId=]
                [challengeId=]
                - Application run failed
org.springframework.beans.factory.BeanCreationException: Error creating bean with name 'entityManagerFactory' defined in class path resource [org/springframework/boot/autoconfigure/orm/jpa/HibernateJpaConfiguration.class]: Failed to initialize dependency 'flywayInitializer' of LoadTimeWeaverAware bean 'entityManagerFactory': Error creating bean with name 'flywayInitializer' defined in class path resource [org/springframework/boot/autoconfigure/flyway/FlywayAutoConfiguration$FlywayConfiguration.class]: Migration V5__create_outbox_events.sql failed
---------------------------------------------
SQL State  : 42P07
Error Code : 0
Message    : ERROR: relation "outbox_events" already exists
Location   : db/migration/V5__create_outbox_events.sql (C:\Users\Lenovo\IdeaProjects\5th_Spring_miceoservice\services\iam\target\classes\db\migration\V5__create_outbox_events.sql)
Line       : 1
Statement  : CREATE TABLE outbox_events (
    id UUID PRIMARY KEY,

    event_id VARCHAR(100) NOT NULL UNIQUE,

    aggregate_type VARCHAR(100) NOT NULL,
    aggregate_id VARCHAR(100) NOT NULL,

    event_type VARCHAR(150) NOT NULL,
    event_version VARCHAR(20) NOT NULL,

    topic VARCHAR(255) NOT NULL,
    kafka_key VARCHAR(255) NOT NULL,

    payload TEXT NOT NULL,

    status VARCHAR(30) NOT NULL,
    attempts INT NOT NULL DEFAULT 0,

    next_attempt_at TIMESTAMPTZ NOT NULL,
    locked_at TIMESTAMPTZ NULL,
    published_at TIMESTAMPTZ NULL,

    last_error TEXT NULL,

    created_at TIMESTAMPTZ NOT NULL,
    updated_at TIMESTAMPTZ NOT NULL,

    version BIGINT DEFAULT 0
)

	at org.springframework.beans.factory.support.AbstractBeanFactory.doGetBean(AbstractBeanFactory.java:326)
	at org.springframework.beans.factory.support.AbstractBeanFactory.getBean(AbstractBeanFactory.java:205)
	at org.springframework.context.support.AbstractApplicationContext.finishBeanFactoryInitialization(AbstractApplicationContext.java:954)
	at org.springframework.context.support.AbstractApplicationContext.refresh(AbstractApplicationContext.java:625)
	at org.springframework.boot.web.servlet.context.ServletWebServerApplicationContext.refresh(ServletWebServerApplicationContext.java:146)
	at org.springframework.boot.SpringApplication.refresh(SpringApplication.java:754)
	at org.springframework.boot.SpringApplication.refreshContext(SpringApplication.java:456)
	at org.springframework.boot.SpringApplication.run(SpringApplication.java:335)
	at org.springframework.boot.SpringApplication.run(SpringApplication.java:1363)
	at org.springframework.boot.SpringApplication.run(SpringApplication.java:1352)
	at com.cyphervault.iam.IamServiceApplication.main(IamServiceApplication.java:13)
Caused by: org.springframework.beans.factory.BeanCreationException: Error creating bean with name 'flywayInitializer' defined in class path resource [org/springframework/boot/autoconfigure/flyway/FlywayAutoConfiguration$FlywayConfiguration.class]: Migration V5__create_outbox_events.sql failed
---------------------------------------------
SQL State  : 42P07
Error Code : 0
Message    : ERROR: relation "outbox_events" already exists
Location   : db/migration/V5__create_outbox_events.sql (C:\Users\Lenovo\IdeaProjects\5th_Spring_miceoservice\services\iam\target\classes\db\migration\V5__create_outbox_events.sql)
Line       : 1
Statement  : CREATE TABLE outbox_events (
    id UUID PRIMARY KEY,

    event_id VARCHAR(100) NOT NULL UNIQUE,

    aggregate_type VARCHAR(100) NOT NULL,
    aggregate_id VARCHAR(100) NOT NULL,

    event_type VARCHAR(150) NOT NULL,
    event_version VARCHAR(20) NOT NULL,

    topic VARCHAR(255) NOT NULL,
    kafka_key VARCHAR(255) NOT NULL,

    payload TEXT NOT NULL,

    status VARCHAR(30) NOT NULL,
    attempts INT NOT NULL DEFAULT 0,

    next_attempt_at TIMESTAMPTZ NOT NULL,
    locked_at TIMESTAMPTZ NULL,
    published_at TIMESTAMPTZ NULL,

    last_error TEXT NULL,

    created_at TIMESTAMPTZ NOT NULL,
    updated_at TIMESTAMPTZ NOT NULL,

    version BIGINT DEFAULT 0
)

	at org.springframework.beans.factory.support.AbstractAutowireCapableBeanFactory.initializeBean(AbstractAutowireCapableBeanFactory.java:1806)
	at org.springframework.beans.factory.support.AbstractAutowireCapableBeanFactory.doCreateBean(AbstractAutowireCapableBeanFactory.java:600)
	at org.springframework.beans.factory.support.AbstractAutowireCapableBeanFactory.createBean(AbstractAutowireCapableBeanFactory.java:522)
	at org.springframework.beans.factory.support.AbstractBeanFactory.lambda$doGetBean$0(AbstractBeanFactory.java:337)
	at org.springframework.beans.factory.support.DefaultSingletonBeanRegistry.getSingleton(DefaultSingletonBeanRegistry.java:234)
	at org.springframework.beans.factory.support.AbstractBeanFactory.doGetBean(AbstractBeanFactory.java:335)
	at org.springframework.beans.factory.support.AbstractBeanFactory.getBean(AbstractBeanFactory.java:200)
	at org.springframework.beans.factory.support.AbstractBeanFactory.doGetBean(AbstractBeanFactory.java:313)
	... 10 common frames omitted
Caused by: org.flywaydb.core.internal.command.DbMigrate$FlywayMigrateException: Migration V5__create_outbox_events.sql failed
---------------------------------------------
SQL State  : 42P07
Error Code : 0
Message    : ERROR: relation "outbox_events" already exists
Location   : db/migration/V5__create_outbox_events.sql (C:\Users\Lenovo\IdeaProjects\5th_Spring_miceoservice\services\iam\target\classes\db\migration\V5__create_outbox_events.sql)
Line       : 1
Statement  : CREATE TABLE outbox_events (
    id UUID PRIMARY KEY,

    event_id VARCHAR(100) NOT NULL UNIQUE,

    aggregate_type VARCHAR(100) NOT NULL,
    aggregate_id VARCHAR(100) NOT NULL,

    event_type VARCHAR(150) NOT NULL,
    event_version VARCHAR(20) NOT NULL,

    topic VARCHAR(255) NOT NULL,
    kafka_key VARCHAR(255) NOT NULL,

    payload TEXT NOT NULL,

    status VARCHAR(30) NOT NULL,
    attempts INT NOT NULL DEFAULT 0,

    next_attempt_at TIMESTAMPTZ NOT NULL,
    locked_at TIMESTAMPTZ NULL,
    published_at TIMESTAMPTZ NULL,

    last_error TEXT NULL,

    created_at TIMESTAMPTZ NOT NULL,
    updated_at TIMESTAMPTZ NOT NULL,

    version BIGINT DEFAULT 0
)

	at org.flywaydb.core.internal.command.DbMigrate.doMigrateGroup(DbMigrate.java:382)
	at org.flywaydb.core.internal.command.DbMigrate.lambda$applyMigrations$1(DbMigrate.java:272)
	at org.flywaydb.core.internal.jdbc.TransactionalExecutionTemplate.execute(TransactionalExecutionTemplate.java:55)
	at org.flywaydb.core.internal.command.DbMigrate.applyMigrations(DbMigrate.java:271)
	at org.flywaydb.core.internal.command.DbMigrate.migrateGroup(DbMigrate.java:244)
	at org.flywaydb.core.internal.command.DbMigrate.lambda$migrateAll$0(DbMigrate.java:139)
	at org.flywaydb.database.postgresql.PostgreSQLAdvisoryLockTemplate.execute(PostgreSQLAdvisoryLockTemplate.java:73)
	at org.flywaydb.database.postgresql.PostgreSQLAdvisoryLockTemplate.lambda$execute$0(PostgreSQLAdvisoryLockTemplate.java:56)
	at org.flywaydb.core.internal.jdbc.TransactionalExecutionTemplate.execute(TransactionalExecutionTemplate.java:55)
	at org.flywaydb.database.postgresql.PostgreSQLAdvisoryLockTemplate.execute(PostgreSQLAdvisoryLockTemplate.java:56)
	at org.flywaydb.database.postgresql.PostgreSQLConnection.lock(PostgreSQLConnection.java:96)
	at org.flywaydb.core.internal.schemahistory.JdbcTableSchemaHistory.lock(JdbcTableSchemaHistory.java:145)
	at org.flywaydb.core.internal.command.DbMigrate.migrateAll(DbMigrate.java:139)
	at org.flywaydb.core.internal.command.DbMigrate.migrate(DbMigrate.java:97)
	at org.flywaydb.core.Flyway.lambda$migrate$0(Flyway.java:202)
	at org.flywaydb.core.FlywayExecutor.execute(FlywayExecutor.java:205)
	at org.flywaydb.core.Flyway.migrate(Flyway.java:147)
	at org.springframework.boot.autoconfigure.flyway.FlywayMigrationInitializer.afterPropertiesSet(FlywayMigrationInitializer.java:66)
	at org.springframework.beans.factory.support.AbstractAutowireCapableBeanFactory.invokeInitMethods(AbstractAutowireCapableBeanFactory.java:1853)
	at org.springframework.beans.factory.support.AbstractAutowireCapableBeanFactory.initializeBean(AbstractAutowireCapableBeanFactory.java:1802)
	... 17 common frames omitted
Caused by: org.flywaydb.core.internal.sqlscript.FlywaySqlScriptException: Migration V5__create_outbox_events.sql failed
---------------------------------------------
SQL State  : 42P07
Error Code : 0
Message    : ERROR: relation "outbox_events" already exists
Location   : db/migration/V5__create_outbox_events.sql (C:\Users\Lenovo\IdeaProjects\5th_Spring_miceoservice\services\iam\target\classes\db\migration\V5__create_outbox_events.sql)
Line       : 1
Statement  : CREATE TABLE outbox_events (
    id UUID PRIMARY KEY,

    event_id VARCHAR(100) NOT NULL UNIQUE,

    aggregate_type VARCHAR(100) NOT NULL,
    aggregate_id VARCHAR(100) NOT NULL,

    event_type VARCHAR(150) NOT NULL,
    event_version VARCHAR(20) NOT NULL,

    topic VARCHAR(255) NOT NULL,
    kafka_key VARCHAR(255) NOT NULL,

    payload TEXT NOT NULL,

    status VARCHAR(30) NOT NULL,
    attempts INT NOT NULL DEFAULT 0,

    next_attempt_at TIMESTAMPTZ NOT NULL,
    locked_at TIMESTAMPTZ NULL,
    published_at TIMESTAMPTZ NULL,

    last_error TEXT NULL,

    created_at TIMESTAMPTZ NOT NULL,
    updated_at TIMESTAMPTZ NOT NULL,

    version BIGINT DEFAULT 0
)

	at org.flywaydb.core.internal.sqlscript.DefaultSqlScriptExecutor.handleException(DefaultSqlScriptExecutor.java:252)
	at org.flywaydb.core.internal.sqlscript.DefaultSqlScriptExecutor.executeStatement(DefaultSqlScriptExecutor.java:214)
	at org.flywaydb.core.internal.sqlscript.DefaultSqlScriptExecutor.execute(DefaultSqlScriptExecutor.java:133)
	at org.flywaydb.core.internal.resolver.sql.SqlMigrationExecutor.executeOnce(SqlMigrationExecutor.java:65)
	at org.flywaydb.core.internal.resolver.sql.SqlMigrationExecutor.lambda$execute$0(SqlMigrationExecutor.java:57)
	at org.flywaydb.core.internal.database.DefaultExecutionStrategy.execute(DefaultExecutionStrategy.java:27)
	at org.flywaydb.core.internal.resolver.sql.SqlMigrationExecutor.execute(SqlMigrationExecutor.java:56)
	at org.flywaydb.core.internal.command.DbMigrate.doMigrateGroup(DbMigrate.java:374)
	... 36 common frames omitted
Caused by: org.postgresql.util.PSQLException: ERROR: relation "outbox_events" already exists
	at org.postgresql.core.v3.QueryExecutorImpl.receiveErrorResponse(QueryExecutorImpl.java:2733)
	at org.postgresql.core.v3.QueryExecutorImpl.processResults(QueryExecutorImpl.java:2420)
	at org.postgresql.core.v3.QueryExecutorImpl.execute(QueryExecutorImpl.java:372)
	at org.postgresql.jdbc.PgStatement.executeInternal(PgStatement.java:517)
	at org.postgresql.jdbc.PgStatement.execute(PgStatement.java:434)
	at org.postgresql.jdbc.PgStatement.executeWithFlags(PgStatement.java:356)
	at org.postgresql.jdbc.PgStatement.executeCachedSql(PgStatement.java:341)
	at org.postgresql.jdbc.PgStatement.executeWithFlags(PgStatement.java:317)
	at org.postgresql.jdbc.PgStatement.execute(PgStatement.java:312)
	at com.zaxxer.hikari.pool.ProxyStatement.execute(ProxyStatement.java:94)
	at com.zaxxer.hikari.pool.HikariProxyStatement.execute(HikariProxyStatement.java)
	at org.flywaydb.core.internal.jdbc.JdbcTemplate.executeStatement(JdbcTemplate.java:210)
	at org.flywaydb.core.internal.sqlscript.ParsedSqlStatement.execute(ParsedSqlStatement.java:89)
	at org.flywaydb.core.internal.sqlscript.DefaultSqlScriptExecutor.executeStatement(DefaultSqlScriptExecutor.java:206)
	... 42 common frames omitted
2026-06-07 17:01:25.396 [main] ERROR o.f.core.internal.command.DbMigrate
                [service=iam_service]
                [correlationId=]
                [userId=]
                [keyId=]
                [challengeId=]
                - Migration of schema "public" to version "5 - create outbox events" failed! Changes successfully rolled back.
2026-06-07 17:01:25.448 [main] ERROR o.s.boot.SpringApplication
                [service=iam_service]
                [correlationId=]
                [userId=]
                [keyId=]
                [challengeId=]
                - Application run failed
org.springframework.beans.factory.BeanCreationException: Error creating bean with name 'entityManagerFactory' defined in class path resource [org/springframework/boot/autoconfigure/orm/jpa/HibernateJpaConfiguration.class]: Failed to initialize dependency 'flywayInitializer' of LoadTimeWeaverAware bean 'entityManagerFactory': Error creating bean with name 'flywayInitializer' defined in class path resource [org/springframework/boot/autoconfigure/flyway/FlywayAutoConfiguration$FlywayConfiguration.class]: Migration V5__create_outbox_events.sql failed
---------------------------------------------
SQL State  : 42P07
Error Code : 0
Message    : ERROR: relation "outbox_events" already exists
Location   : db/migration/V5__create_outbox_events.sql (C:\Users\Lenovo\IdeaProjects\5th_Spring_miceoservice\services\iam\target\classes\db\migration\V5__create_outbox_events.sql)
Line       : 1
Statement  : CREATE TABLE outbox_events (
    id UUID PRIMARY KEY,

    event_id VARCHAR(100) NOT NULL UNIQUE,

    aggregate_type VARCHAR(100) NOT NULL,
    aggregate_id VARCHAR(100) NOT NULL,

    event_type VARCHAR(150) NOT NULL,
    event_version VARCHAR(20) NOT NULL,

    topic VARCHAR(255) NOT NULL,
    kafka_key VARCHAR(255) NOT NULL,

    payload TEXT NOT NULL,

    status VARCHAR(30) NOT NULL,
    attempts INT NOT NULL DEFAULT 0,

    next_attempt_at TIMESTAMPTZ NOT NULL,
    locked_at TIMESTAMPTZ NULL,
    published_at TIMESTAMPTZ NULL,

    last_error TEXT NULL,

    created_at TIMESTAMPTZ NOT NULL,
    updated_at TIMESTAMPTZ NOT NULL,

    version BIGINT DEFAULT 0
)

	at org.springframework.beans.factory.support.AbstractBeanFactory.doGetBean(AbstractBeanFactory.java:326)
	at org.springframework.beans.factory.support.AbstractBeanFactory.getBean(AbstractBeanFactory.java:205)
	at org.springframework.context.support.AbstractApplicationContext.finishBeanFactoryInitialization(AbstractApplicationContext.java:954)
	at org.springframework.context.support.AbstractApplicationContext.refresh(AbstractApplicationContext.java:625)
	at org.springframework.boot.web.servlet.context.ServletWebServerApplicationContext.refresh(ServletWebServerApplicationContext.java:146)
	at org.springframework.boot.SpringApplication.refresh(SpringApplication.java:754)
	at org.springframework.boot.SpringApplication.refreshContext(SpringApplication.java:456)
	at org.springframework.boot.SpringApplication.run(SpringApplication.java:335)
	at org.springframework.boot.SpringApplication.run(SpringApplication.java:1363)
	at org.springframework.boot.SpringApplication.run(SpringApplication.java:1352)
	at com.cyphervault.iam.IamServiceApplication.main(IamServiceApplication.java:13)
Caused by: org.springframework.beans.factory.BeanCreationException: Error creating bean with name 'flywayInitializer' defined in class path resource [org/springframework/boot/autoconfigure/flyway/FlywayAutoConfiguration$FlywayConfiguration.class]: Migration V5__create_outbox_events.sql failed
---------------------------------------------
SQL State  : 42P07
Error Code : 0
Message    : ERROR: relation "outbox_events" already exists
Location   : db/migration/V5__create_outbox_events.sql (C:\Users\Lenovo\IdeaProjects\5th_Spring_miceoservice\services\iam\target\classes\db\migration\V5__create_outbox_events.sql)
Line       : 1
Statement  : CREATE TABLE outbox_events (
    id UUID PRIMARY KEY,

    event_id VARCHAR(100) NOT NULL UNIQUE,

    aggregate_type VARCHAR(100) NOT NULL,
    aggregate_id VARCHAR(100) NOT NULL,

    event_type VARCHAR(150) NOT NULL,
    event_version VARCHAR(20) NOT NULL,

    topic VARCHAR(255) NOT NULL,
    kafka_key VARCHAR(255) NOT NULL,

    payload TEXT NOT NULL,

    status VARCHAR(30) NOT NULL,
    attempts INT NOT NULL DEFAULT 0,

    next_attempt_at TIMESTAMPTZ NOT NULL,
    locked_at TIMESTAMPTZ NULL,
    published_at TIMESTAMPTZ NULL,

    last_error TEXT NULL,

    created_at TIMESTAMPTZ NOT NULL,
    updated_at TIMESTAMPTZ NOT NULL,

    version BIGINT DEFAULT 0
)

	at org.springframework.beans.factory.support.AbstractAutowireCapableBeanFactory.initializeBean(AbstractAutowireCapableBeanFactory.java:1806)
	at org.springframework.beans.factory.support.AbstractAutowireCapableBeanFactory.doCreateBean(AbstractAutowireCapableBeanFactory.java:600)
	at org.springframework.beans.factory.support.AbstractAutowireCapableBeanFactory.createBean(AbstractAutowireCapableBeanFactory.java:522)
	at org.springframework.beans.factory.support.AbstractBeanFactory.lambda$doGetBean$0(AbstractBeanFactory.java:337)
	at org.springframework.beans.factory.support.DefaultSingletonBeanRegistry.getSingleton(DefaultSingletonBeanRegistry.java:234)
	at org.springframework.beans.factory.support.AbstractBeanFactory.doGetBean(AbstractBeanFactory.java:335)
	at org.springframework.beans.factory.support.AbstractBeanFactory.getBean(AbstractBeanFactory.java:200)
	at org.springframework.beans.factory.support.AbstractBeanFactory.doGetBean(AbstractBeanFactory.java:313)
	... 10 common frames omitted
Caused by: org.flywaydb.core.internal.command.DbMigrate$FlywayMigrateException: Migration V5__create_outbox_events.sql failed
---------------------------------------------
SQL State  : 42P07
Error Code : 0
Message    : ERROR: relation "outbox_events" already exists
Location   : db/migration/V5__create_outbox_events.sql (C:\Users\Lenovo\IdeaProjects\5th_Spring_miceoservice\services\iam\target\classes\db\migration\V5__create_outbox_events.sql)
Line       : 1
Statement  : CREATE TABLE outbox_events (
    id UUID PRIMARY KEY,

    event_id VARCHAR(100) NOT NULL UNIQUE,

    aggregate_type VARCHAR(100) NOT NULL,
    aggregate_id VARCHAR(100) NOT NULL,

    event_type VARCHAR(150) NOT NULL,
    event_version VARCHAR(20) NOT NULL,

    topic VARCHAR(255) NOT NULL,
    kafka_key VARCHAR(255) NOT NULL,

    payload TEXT NOT NULL,

    status VARCHAR(30) NOT NULL,
    attempts INT NOT NULL DEFAULT 0,

    next_attempt_at TIMESTAMPTZ NOT NULL,
    locked_at TIMESTAMPTZ NULL,
    published_at TIMESTAMPTZ NULL,

    last_error TEXT NULL,

    created_at TIMESTAMPTZ NOT NULL,
    updated_at TIMESTAMPTZ NOT NULL,

    version BIGINT DEFAULT 0
)

	at org.flywaydb.core.internal.command.DbMigrate.doMigrateGroup(DbMigrate.java:382)
	at org.flywaydb.core.internal.command.DbMigrate.lambda$applyMigrations$1(DbMigrate.java:272)
	at org.flywaydb.core.internal.jdbc.TransactionalExecutionTemplate.execute(TransactionalExecutionTemplate.java:55)
	at org.flywaydb.core.internal.command.DbMigrate.applyMigrations(DbMigrate.java:271)
	at org.flywaydb.core.internal.command.DbMigrate.migrateGroup(DbMigrate.java:244)
	at org.flywaydb.core.internal.command.DbMigrate.lambda$migrateAll$0(DbMigrate.java:139)
	at org.flywaydb.database.postgresql.PostgreSQLAdvisoryLockTemplate.execute(PostgreSQLAdvisoryLockTemplate.java:73)
	at org.flywaydb.database.postgresql.PostgreSQLAdvisoryLockTemplate.lambda$execute$0(PostgreSQLAdvisoryLockTemplate.java:56)
	at org.flywaydb.core.internal.jdbc.TransactionalExecutionTemplate.execute(TransactionalExecutionTemplate.java:55)
	at org.flywaydb.database.postgresql.PostgreSQLAdvisoryLockTemplate.execute(PostgreSQLAdvisoryLockTemplate.java:56)
	at org.flywaydb.database.postgresql.PostgreSQLConnection.lock(PostgreSQLConnection.java:96)
	at org.flywaydb.core.internal.schemahistory.JdbcTableSchemaHistory.lock(JdbcTableSchemaHistory.java:145)
	at org.flywaydb.core.internal.command.DbMigrate.migrateAll(DbMigrate.java:139)
	at org.flywaydb.core.internal.command.DbMigrate.migrate(DbMigrate.java:97)
	at org.flywaydb.core.Flyway.lambda$migrate$0(Flyway.java:202)
	at org.flywaydb.core.FlywayExecutor.execute(FlywayExecutor.java:205)
	at org.flywaydb.core.Flyway.migrate(Flyway.java:147)
	at org.springframework.boot.autoconfigure.flyway.FlywayMigrationInitializer.afterPropertiesSet(FlywayMigrationInitializer.java:66)
	at org.springframework.beans.factory.support.AbstractAutowireCapableBeanFactory.invokeInitMethods(AbstractAutowireCapableBeanFactory.java:1853)
	at org.springframework.beans.factory.support.AbstractAutowireCapableBeanFactory.initializeBean(AbstractAutowireCapableBeanFactory.java:1802)
	... 17 common frames omitted
Caused by: org.flywaydb.core.internal.sqlscript.FlywaySqlScriptException: Migration V5__create_outbox_events.sql failed
---------------------------------------------
SQL State  : 42P07
Error Code : 0
Message    : ERROR: relation "outbox_events" already exists
Location   : db/migration/V5__create_outbox_events.sql (C:\Users\Lenovo\IdeaProjects\5th_Spring_miceoservice\services\iam\target\classes\db\migration\V5__create_outbox_events.sql)
Line       : 1
Statement  : CREATE TABLE outbox_events (
    id UUID PRIMARY KEY,

    event_id VARCHAR(100) NOT NULL UNIQUE,

    aggregate_type VARCHAR(100) NOT NULL,
    aggregate_id VARCHAR(100) NOT NULL,

    event_type VARCHAR(150) NOT NULL,
    event_version VARCHAR(20) NOT NULL,

    topic VARCHAR(255) NOT NULL,
    kafka_key VARCHAR(255) NOT NULL,

    payload TEXT NOT NULL,

    status VARCHAR(30) NOT NULL,
    attempts INT NOT NULL DEFAULT 0,

    next_attempt_at TIMESTAMPTZ NOT NULL,
    locked_at TIMESTAMPTZ NULL,
    published_at TIMESTAMPTZ NULL,

    last_error TEXT NULL,

    created_at TIMESTAMPTZ NOT NULL,
    updated_at TIMESTAMPTZ NOT NULL,

    version BIGINT DEFAULT 0
)

	at org.flywaydb.core.internal.sqlscript.DefaultSqlScriptExecutor.handleException(DefaultSqlScriptExecutor.java:252)
	at org.flywaydb.core.internal.sqlscript.DefaultSqlScriptExecutor.executeStatement(DefaultSqlScriptExecutor.java:214)
	at org.flywaydb.core.internal.sqlscript.DefaultSqlScriptExecutor.execute(DefaultSqlScriptExecutor.java:133)
	at org.flywaydb.core.internal.resolver.sql.SqlMigrationExecutor.executeOnce(SqlMigrationExecutor.java:65)
	at org.flywaydb.core.internal.resolver.sql.SqlMigrationExecutor.lambda$execute$0(SqlMigrationExecutor.java:57)
	at org.flywaydb.core.internal.database.DefaultExecutionStrategy.execute(DefaultExecutionStrategy.java:27)
	at org.flywaydb.core.internal.resolver.sql.SqlMigrationExecutor.execute(SqlMigrationExecutor.java:56)
	at org.flywaydb.core.internal.command.DbMigrate.doMigrateGroup(DbMigrate.java:374)
	... 36 common frames omitted
Caused by: org.postgresql.util.PSQLException: ERROR: relation "outbox_events" already exists
	at org.postgresql.core.v3.QueryExecutorImpl.receiveErrorResponse(QueryExecutorImpl.java:2733)
	at org.postgresql.core.v3.QueryExecutorImpl.processResults(QueryExecutorImpl.java:2420)
	at org.postgresql.core.v3.QueryExecutorImpl.execute(QueryExecutorImpl.java:372)
	at org.postgresql.jdbc.PgStatement.executeInternal(PgStatement.java:517)
	at org.postgresql.jdbc.PgStatement.execute(PgStatement.java:434)
	at org.postgresql.jdbc.PgStatement.executeWithFlags(PgStatement.java:356)
	at org.postgresql.jdbc.PgStatement.executeCachedSql(PgStatement.java:341)
	at org.postgresql.jdbc.PgStatement.executeWithFlags(PgStatement.java:317)
	at org.postgresql.jdbc.PgStatement.execute(PgStatement.java:312)
	at com.zaxxer.hikari.pool.ProxyStatement.execute(ProxyStatement.java:94)
	at com.zaxxer.hikari.pool.HikariProxyStatement.execute(HikariProxyStatement.java)
	at org.flywaydb.core.internal.jdbc.JdbcTemplate.executeStatement(JdbcTemplate.java:210)
	at org.flywaydb.core.internal.sqlscript.ParsedSqlStatement.execute(ParsedSqlStatement.java:89)
	at org.flywaydb.core.internal.sqlscript.DefaultSqlScriptExecutor.executeStatement(DefaultSqlScriptExecutor.java:206)
	... 42 common frames omitted
2026-06-07 17:03:48.727 [main] ERROR o.s.o.j.LocalContainerEntityManagerFactoryBean
                [service=iam_service]
                [correlationId=]
                [userId=]
                [keyId=]
                [challengeId=]
                - Failed to initialize JPA EntityManagerFactory: [PersistenceUnit: default] Unable to build Hibernate SessionFactory; nested exception is org.hibernate.tool.schema.spi.SchemaManagementException: Schema-validation: missing column [aggregate_type] in table [outbox_events]
2026-06-07 17:03:48.756 [main] ERROR o.s.boot.SpringApplication
                [service=iam_service]
                [correlationId=]
                [userId=]
                [keyId=]
                [challengeId=]
                - Application run failed
org.springframework.beans.factory.BeanCreationException: Error creating bean with name 'entityManagerFactory' defined in class path resource [org/springframework/boot/autoconfigure/orm/jpa/HibernateJpaConfiguration.class]: [PersistenceUnit: default] Unable to build Hibernate SessionFactory; nested exception is org.hibernate.tool.schema.spi.SchemaManagementException: Schema-validation: missing column [aggregate_type] in table [outbox_events]
	at org.springframework.beans.factory.support.AbstractAutowireCapableBeanFactory.initializeBean(AbstractAutowireCapableBeanFactory.java:1806)
	at org.springframework.beans.factory.support.AbstractAutowireCapableBeanFactory.doCreateBean(AbstractAutowireCapableBeanFactory.java:600)
	at org.springframework.beans.factory.support.AbstractAutowireCapableBeanFactory.createBean(AbstractAutowireCapableBeanFactory.java:522)
	at org.springframework.beans.factory.support.AbstractBeanFactory.lambda$doGetBean$0(AbstractBeanFactory.java:337)
	at org.springframework.beans.factory.support.DefaultSingletonBeanRegistry.getSingleton(DefaultSingletonBeanRegistry.java:234)
	at org.springframework.beans.factory.support.AbstractBeanFactory.doGetBean(AbstractBeanFactory.java:335)
	at org.springframework.beans.factory.support.AbstractBeanFactory.getBean(AbstractBeanFactory.java:205)
	at org.springframework.context.support.AbstractApplicationContext.finishBeanFactoryInitialization(AbstractApplicationContext.java:954)
	at org.springframework.context.support.AbstractApplicationContext.refresh(AbstractApplicationContext.java:625)
	at org.springframework.boot.web.servlet.context.ServletWebServerApplicationContext.refresh(ServletWebServerApplicationContext.java:146)
	at org.springframework.boot.SpringApplication.refresh(SpringApplication.java:754)
	at org.springframework.boot.SpringApplication.refreshContext(SpringApplication.java:456)
	at org.springframework.boot.SpringApplication.run(SpringApplication.java:335)
	at org.springframework.boot.SpringApplication.run(SpringApplication.java:1363)
	at org.springframework.boot.SpringApplication.run(SpringApplication.java:1352)
	at com.cyphervault.iam.IamServiceApplication.main(IamServiceApplication.java:13)
Caused by: jakarta.persistence.PersistenceException: [PersistenceUnit: default] Unable to build Hibernate SessionFactory; nested exception is org.hibernate.tool.schema.spi.SchemaManagementException: Schema-validation: missing column [aggregate_type] in table [outbox_events]
	at org.springframework.orm.jpa.AbstractEntityManagerFactoryBean.buildNativeEntityManagerFactory(AbstractEntityManagerFactoryBean.java:421)
	at org.springframework.orm.jpa.AbstractEntityManagerFactoryBean.afterPropertiesSet(AbstractEntityManagerFactoryBean.java:396)
	at org.springframework.orm.jpa.LocalContainerEntityManagerFactoryBean.afterPropertiesSet(LocalContainerEntityManagerFactoryBean.java:366)
	at org.springframework.beans.factory.support.AbstractAutowireCapableBeanFactory.invokeInitMethods(AbstractAutowireCapableBeanFactory.java:1853)
	at org.springframework.beans.factory.support.AbstractAutowireCapableBeanFactory.initializeBean(AbstractAutowireCapableBeanFactory.java:1802)
	... 15 common frames omitted
Caused by: org.hibernate.tool.schema.spi.SchemaManagementException: Schema-validation: missing column [aggregate_type] in table [outbox_events]
	at org.hibernate.tool.schema.internal.AbstractSchemaValidator.validateTable(AbstractSchemaValidator.java:148)
	at org.hibernate.tool.schema.internal.GroupedSchemaValidatorImpl.validateTables(GroupedSchemaValidatorImpl.java:46)
	at org.hibernate.tool.schema.internal.AbstractSchemaValidator.performValidation(AbstractSchemaValidator.java:98)
	at org.hibernate.tool.schema.internal.AbstractSchemaValidator.doValidation(AbstractSchemaValidator.java:76)
	at org.hibernate.tool.schema.spi.SchemaManagementToolCoordinator.performDatabaseAction(SchemaManagementToolCoordinator.java:289)
	at org.hibernate.tool.schema.spi.SchemaManagementToolCoordinator.lambda$process$5(SchemaManagementToolCoordinator.java:144)
	at java.base/java.util.HashMap.forEach(HashMap.java:1421)
	at org.hibernate.tool.schema.spi.SchemaManagementToolCoordinator.process(SchemaManagementToolCoordinator.java:141)
	at org.hibernate.boot.internal.SessionFactoryObserverForSchemaExport.sessionFactoryCreated(SessionFactoryObserverForSchemaExport.java:37)
	at org.hibernate.internal.SessionFactoryObserverChain.sessionFactoryCreated(SessionFactoryObserverChain.java:35)
	at org.hibernate.internal.SessionFactoryImpl.<init>(SessionFactoryImpl.java:322)
	at org.hibernate.boot.internal.SessionFactoryBuilderImpl.build(SessionFactoryBuilderImpl.java:457)
	at org.hibernate.jpa.boot.internal.EntityManagerFactoryBuilderImpl.build(EntityManagerFactoryBuilderImpl.java:1506)
	at org.springframework.orm.jpa.vendor.SpringHibernateJpaPersistenceProvider.createContainerEntityManagerFactory(SpringHibernateJpaPersistenceProvider.java:75)
	at org.springframework.orm.jpa.LocalContainerEntityManagerFactoryBean.createNativeEntityManagerFactory(LocalContainerEntityManagerFactoryBean.java:390)
	at org.springframework.orm.jpa.AbstractEntityManagerFactoryBean.buildNativeEntityManagerFactory(AbstractEntityManagerFactoryBean.java:409)
	... 19 common frames omitted
2026-06-07 17:06:23.606 [main] ERROR o.s.boot.SpringApplication
                [service=iam_service]
                [correlationId=]
                [userId=]
                [keyId=]
                [challengeId=]
                - Application run failed
org.springframework.beans.factory.BeanCreationException: Error creating bean with name 'entityManagerFactory' defined in class path resource [org/springframework/boot/autoconfigure/orm/jpa/HibernateJpaConfiguration.class]: Failed to initialize dependency 'flywayInitializer' of LoadTimeWeaverAware bean 'entityManagerFactory': Error creating bean with name 'flywayInitializer' defined in class path resource [org/springframework/boot/autoconfigure/flyway/FlywayAutoConfiguration$FlywayConfiguration.class]: Unable to obtain connection from database: FATAL: database "iam_db" does not exist
----------------------------------------------------------------------------------
SQL State  : 3D000
Error Code : 0
Message    : FATAL: database "iam_db" does not exist

	at org.springframework.beans.factory.support.AbstractBeanFactory.doGetBean(AbstractBeanFactory.java:326)
	at org.springframework.beans.factory.support.AbstractBeanFactory.getBean(AbstractBeanFactory.java:205)
	at org.springframework.context.support.AbstractApplicationContext.finishBeanFactoryInitialization(AbstractApplicationContext.java:954)
	at org.springframework.context.support.AbstractApplicationContext.refresh(AbstractApplicationContext.java:625)
	at org.springframework.boot.web.servlet.context.ServletWebServerApplicationContext.refresh(ServletWebServerApplicationContext.java:146)
	at org.springframework.boot.SpringApplication.refresh(SpringApplication.java:754)
	at org.springframework.boot.SpringApplication.refreshContext(SpringApplication.java:456)
	at org.springframework.boot.SpringApplication.run(SpringApplication.java:335)
	at org.springframework.boot.SpringApplication.run(SpringApplication.java:1363)
	at org.springframework.boot.SpringApplication.run(SpringApplication.java:1352)
	at com.cyphervault.iam.IamServiceApplication.main(IamServiceApplication.java:13)
Caused by: org.springframework.beans.factory.BeanCreationException: Error creating bean with name 'flywayInitializer' defined in class path resource [org/springframework/boot/autoconfigure/flyway/FlywayAutoConfiguration$FlywayConfiguration.class]: Unable to obtain connection from database: FATAL: database "iam_db" does not exist
----------------------------------------------------------------------------------
SQL State  : 3D000
Error Code : 0
Message    : FATAL: database "iam_db" does not exist

	at org.springframework.beans.factory.support.AbstractAutowireCapableBeanFactory.initializeBean(AbstractAutowireCapableBeanFactory.java:1806)
	at org.springframework.beans.factory.support.AbstractAutowireCapableBeanFactory.doCreateBean(AbstractAutowireCapableBeanFactory.java:600)
	at org.springframework.beans.factory.support.AbstractAutowireCapableBeanFactory.createBean(AbstractAutowireCapableBeanFactory.java:522)
	at org.springframework.beans.factory.support.AbstractBeanFactory.lambda$doGetBean$0(AbstractBeanFactory.java:337)
	at org.springframework.beans.factory.support.DefaultSingletonBeanRegistry.getSingleton(DefaultSingletonBeanRegistry.java:234)
	at org.springframework.beans.factory.support.AbstractBeanFactory.doGetBean(AbstractBeanFactory.java:335)
	at org.springframework.beans.factory.support.AbstractBeanFactory.getBean(AbstractBeanFactory.java:200)
	at org.springframework.beans.factory.support.AbstractBeanFactory.doGetBean(AbstractBeanFactory.java:313)
	... 10 common frames omitted
Caused by: org.flywaydb.core.internal.exception.FlywaySqlException: Unable to obtain connection from database: FATAL: database "iam_db" does not exist
----------------------------------------------------------------------------------
SQL State  : 3D000
Error Code : 0
Message    : FATAL: database "iam_db" does not exist

	at org.flywaydb.core.internal.jdbc.JdbcUtils.openConnection(JdbcUtils.java:60)
	at org.flywaydb.core.internal.jdbc.JdbcConnectionFactory.<init>(JdbcConnectionFactory.java:72)
	at org.flywaydb.core.FlywayExecutor.execute(FlywayExecutor.java:134)
	at org.flywaydb.core.Flyway.migrate(Flyway.java:147)
	at org.springframework.boot.autoconfigure.flyway.FlywayMigrationInitializer.afterPropertiesSet(FlywayMigrationInitializer.java:66)
	at org.springframework.beans.factory.support.AbstractAutowireCapableBeanFactory.invokeInitMethods(AbstractAutowireCapableBeanFactory.java:1853)
	at org.springframework.beans.factory.support.AbstractAutowireCapableBeanFactory.initializeBean(AbstractAutowireCapableBeanFactory.java:1802)
	... 17 common frames omitted
Caused by: org.postgresql.util.PSQLException: FATAL: database "iam_db" does not exist
	at org.postgresql.core.v3.QueryExecutorImpl.receiveErrorResponse(QueryExecutorImpl.java:2733)
	at org.postgresql.core.v3.QueryExecutorImpl.readStartupMessages(QueryExecutorImpl.java:2845)
	at org.postgresql.core.v3.QueryExecutorImpl.<init>(QueryExecutorImpl.java:176)
	at org.postgresql.core.v3.ConnectionFactoryImpl.openConnectionImpl(ConnectionFactoryImpl.java:323)
	at org.postgresql.core.ConnectionFactory.openConnection(ConnectionFactory.java:54)
	at org.postgresql.jdbc.PgConnection.<init>(PgConnection.java:273)
	at org.postgresql.Driver.makeConnection(Driver.java:446)
	at org.postgresql.Driver.connect(Driver.java:298)
	at com.zaxxer.hikari.util.DriverDataSource.getConnection(DriverDataSource.java:137)
	at com.zaxxer.hikari.pool.PoolBase.newConnection(PoolBase.java:360)
	at com.zaxxer.hikari.pool.PoolBase.newPoolEntry(PoolBase.java:202)
	at com.zaxxer.hikari.pool.HikariPool.createPoolEntry(HikariPool.java:461)
	at com.zaxxer.hikari.pool.HikariPool.checkFailFast(HikariPool.java:550)
	at com.zaxxer.hikari.pool.HikariPool.<init>(HikariPool.java:98)
	at com.zaxxer.hikari.HikariDataSource.getConnection(HikariDataSource.java:111)
	at org.flywaydb.core.internal.jdbc.JdbcUtils.openConnection(JdbcUtils.java:48)
	... 23 common frames omitted
2026-06-07 17:07:39.683 [main] ERROR o.s.o.j.LocalContainerEntityManagerFactoryBean
                [service=iam_service]
                [correlationId=]
                [userId=]
                [keyId=]
                [challengeId=]
                - Failed to initialize JPA EntityManagerFactory: [PersistenceUnit: default] Unable to build Hibernate SessionFactory; nested exception is org.hibernate.tool.schema.spi.SchemaManagementException: Schema-validation: missing column [aggregate_type] in table [outbox_events]
2026-06-07 17:07:39.715 [main] ERROR o.s.boot.SpringApplication
                [service=iam_service]
                [correlationId=]
                [userId=]
                [keyId=]
                [challengeId=]
                - Application run failed
org.springframework.beans.factory.BeanCreationException: Error creating bean with name 'entityManagerFactory' defined in class path resource [org/springframework/boot/autoconfigure/orm/jpa/HibernateJpaConfiguration.class]: [PersistenceUnit: default] Unable to build Hibernate SessionFactory; nested exception is org.hibernate.tool.schema.spi.SchemaManagementException: Schema-validation: missing column [aggregate_type] in table [outbox_events]
	at org.springframework.beans.factory.support.AbstractAutowireCapableBeanFactory.initializeBean(AbstractAutowireCapableBeanFactory.java:1806)
	at org.springframework.beans.factory.support.AbstractAutowireCapableBeanFactory.doCreateBean(AbstractAutowireCapableBeanFactory.java:600)
	at org.springframework.beans.factory.support.AbstractAutowireCapableBeanFactory.createBean(AbstractAutowireCapableBeanFactory.java:522)
	at org.springframework.beans.factory.support.AbstractBeanFactory.lambda$doGetBean$0(AbstractBeanFactory.java:337)
	at org.springframework.beans.factory.support.DefaultSingletonBeanRegistry.getSingleton(DefaultSingletonBeanRegistry.java:234)
	at org.springframework.beans.factory.support.AbstractBeanFactory.doGetBean(AbstractBeanFactory.java:335)
	at org.springframework.beans.factory.support.AbstractBeanFactory.getBean(AbstractBeanFactory.java:205)
	at org.springframework.context.support.AbstractApplicationContext.finishBeanFactoryInitialization(AbstractApplicationContext.java:954)
	at org.springframework.context.support.AbstractApplicationContext.refresh(AbstractApplicationContext.java:625)
	at org.springframework.boot.web.servlet.context.ServletWebServerApplicationContext.refresh(ServletWebServerApplicationContext.java:146)
	at org.springframework.boot.SpringApplication.refresh(SpringApplication.java:754)
	at org.springframework.boot.SpringApplication.refreshContext(SpringApplication.java:456)
	at org.springframework.boot.SpringApplication.run(SpringApplication.java:335)
	at org.springframework.boot.SpringApplication.run(SpringApplication.java:1363)
	at org.springframework.boot.SpringApplication.run(SpringApplication.java:1352)
	at com.cyphervault.iam.IamServiceApplication.main(IamServiceApplication.java:13)
Caused by: jakarta.persistence.PersistenceException: [PersistenceUnit: default] Unable to build Hibernate SessionFactory; nested exception is org.hibernate.tool.schema.spi.SchemaManagementException: Schema-validation: missing column [aggregate_type] in table [outbox_events]
	at org.springframework.orm.jpa.AbstractEntityManagerFactoryBean.buildNativeEntityManagerFactory(AbstractEntityManagerFactoryBean.java:421)
	at org.springframework.orm.jpa.AbstractEntityManagerFactoryBean.afterPropertiesSet(AbstractEntityManagerFactoryBean.java:396)
	at org.springframework.orm.jpa.LocalContainerEntityManagerFactoryBean.afterPropertiesSet(LocalContainerEntityManagerFactoryBean.java:366)
	at org.springframework.beans.factory.support.AbstractAutowireCapableBeanFactory.invokeInitMethods(AbstractAutowireCapableBeanFactory.java:1853)
	at org.springframework.beans.factory.support.AbstractAutowireCapableBeanFactory.initializeBean(AbstractAutowireCapableBeanFactory.java:1802)
	... 15 common frames omitted
Caused by: org.hibernate.tool.schema.spi.SchemaManagementException: Schema-validation: missing column [aggregate_type] in table [outbox_events]
	at org.hibernate.tool.schema.internal.AbstractSchemaValidator.validateTable(AbstractSchemaValidator.java:148)
	at org.hibernate.tool.schema.internal.GroupedSchemaValidatorImpl.validateTables(GroupedSchemaValidatorImpl.java:46)
	at org.hibernate.tool.schema.internal.AbstractSchemaValidator.performValidation(AbstractSchemaValidator.java:98)
	at org.hibernate.tool.schema.internal.AbstractSchemaValidator.doValidation(AbstractSchemaValidator.java:76)
	at org.hibernate.tool.schema.spi.SchemaManagementToolCoordinator.performDatabaseAction(SchemaManagementToolCoordinator.java:289)
	at org.hibernate.tool.schema.spi.SchemaManagementToolCoordinator.lambda$process$5(SchemaManagementToolCoordinator.java:144)
	at java.base/java.util.HashMap.forEach(HashMap.java:1421)
	at org.hibernate.tool.schema.spi.SchemaManagementToolCoordinator.process(SchemaManagementToolCoordinator.java:141)
	at org.hibernate.boot.internal.SessionFactoryObserverForSchemaExport.sessionFactoryCreated(SessionFactoryObserverForSchemaExport.java:37)
	at org.hibernate.internal.SessionFactoryObserverChain.sessionFactoryCreated(SessionFactoryObserverChain.java:35)
	at org.hibernate.internal.SessionFactoryImpl.<init>(SessionFactoryImpl.java:322)
	at org.hibernate.boot.internal.SessionFactoryBuilderImpl.build(SessionFactoryBuilderImpl.java:457)
	at org.hibernate.jpa.boot.internal.EntityManagerFactoryBuilderImpl.build(EntityManagerFactoryBuilderImpl.java:1506)
	at org.springframework.orm.jpa.vendor.SpringHibernateJpaPersistenceProvider.createContainerEntityManagerFactory(SpringHibernateJpaPersistenceProvider.java:75)
	at org.springframework.orm.jpa.LocalContainerEntityManagerFactoryBean.createNativeEntityManagerFactory(LocalContainerEntityManagerFactoryBean.java:390)
	at org.springframework.orm.jpa.AbstractEntityManagerFactoryBean.buildNativeEntityManagerFactory(AbstractEntityManagerFactoryBean.java:409)
	... 19 common frames omitted
2026-06-07 17:16:53.560 [http-nio-8081-exec-5] ERROR o.h.e.jdbc.spi.SqlExceptionHelper
                [service=iam_service]
                [correlationId=b69b0c9b-29b7-4bbd-8d31-2e9310cd385d]
                [userId=]
                [keyId=]
                [challengeId=]
                - ERROR: null value in column "device_id" of relation "user_public_keys" violates not-null constraint
  Detail: Failing row contains (aca80abc-4457-49d5-ba4e-871bb985e72a, 06e21f81-8a3b-4435-80f4-7135942bbaa8, null, -----BEGIN PUBLIC KEY-----
MCowBQYDK2VwAyEAkZKVp0/691Bwx5g3MkRlV..., 998341d4b79032543aa785df24dee54d6d277158df8e9b5ffd17c6fb303904a2, ACTIVE, 2026-06-07 17:16:53.451606+03, 2026-06-07 17:16:53.451606+03, null).
2026-06-07 17:20:59.451 [http-nio-8081-exec-9] ERROR o.h.e.jdbc.spi.SqlExceptionHelper
                [service=iam_service]
                [correlationId=8ca709f1-5aba-442b-a0e3-0501ef72170a]
                [userId=]
                [keyId=]
                [challengeId=]
                - ERROR: null value in column "device_id" of relation "user_public_keys" violates not-null constraint
  Detail: Failing row contains (a285aca1-7d24-4e6e-ac38-c21c56568725, 50a26649-ff6d-449a-b22d-91614e2372a4, null, -----BEGIN PUBLIC KEY-----
MCowBQYDK2VwAyEAkZKVp0/691Bwx5g3MkRlV..., 998341d4b79032543aa785df24dee54d6d277158df8e9b5ffd17c6fb303904a2, ACTIVE, 2026-06-07 17:20:59.444692+03, 2026-06-07 17:20:59.444692+03, null).
2026-06-07 18:12:32.465 [scheduling-1] ERROR o.h.e.jdbc.spi.SqlExceptionHelper
                [service=iam_service]
                [correlationId=]
                [userId=]
                [keyId=]
                [challengeId=]
                - HikariPool-1 - Connection is not available, request timed out after 30003ms (total=0, active=0, idle=0, waiting=0)
2026-06-07 18:12:32.466 [scheduling-1] ERROR o.h.e.jdbc.spi.SqlExceptionHelper
                [service=iam_service]
                [correlationId=]
                [userId=]
                [keyId=]
                [challengeId=]
                - FATAL: database "iam_db" does not exist
2026-06-07 18:12:32.468 [scheduling-1] ERROR o.s.s.s.TaskUtils$LoggingErrorHandler
                [service=iam_service]
                [correlationId=]
                [userId=]
                [keyId=]
                [challengeId=]
                - Unexpected error occurred in scheduled task
org.springframework.transaction.CannotCreateTransactionException: Could not open JPA EntityManager for transaction
	at org.springframework.orm.jpa.JpaTransactionManager.doBegin(JpaTransactionManager.java:466)
	at org.springframework.transaction.support.AbstractPlatformTransactionManager.startTransaction(AbstractPlatformTransactionManager.java:532)
	at org.springframework.transaction.support.AbstractPlatformTransactionManager.getTransaction(AbstractPlatformTransactionManager.java:405)
	at org.springframework.transaction.interceptor.TransactionAspectSupport.createTransactionIfNecessary(TransactionAspectSupport.java:604)
	at org.springframework.transaction.interceptor.TransactionAspectSupport.invokeWithinTransaction(TransactionAspectSupport.java:373)
	at org.springframework.transaction.interceptor.TransactionInterceptor.invoke(TransactionInterceptor.java:119)
	at org.springframework.aop.framework.ReflectiveMethodInvocation.proceed(ReflectiveMethodInvocation.java:184)
	at org.springframework.aop.framework.CglibAopProxy$CglibMethodInvocation.proceed(CglibAopProxy.java:768)
	at org.springframework.aop.framework.CglibAopProxy$DynamicAdvisedInterceptor.intercept(CglibAopProxy.java:720)
	at com.cyphervault.iam.auth.infrastructure.persistence.outbox.OutboxEventService$$SpringCGLIB$$0.recoverStalePublishingEvents(<generated>)
	at com.cyphervault.iam.auth.infrastructure.persistence.outbox.OutboxPublisherJob.publishPendingEvents(OutboxPublisherJob.java:33)
	at jdk.internal.reflect.GeneratedMethodAccessor31.invoke(Unknown Source)
	at java.base/jdk.internal.reflect.DelegatingMethodAccessorImpl.invoke(DelegatingMethodAccessorImpl.java:43)
	at java.base/java.lang.reflect.Method.invoke(Method.java:569)
	at org.springframework.scheduling.support.ScheduledMethodRunnable.runInternal(ScheduledMethodRunnable.java:130)
	at org.springframework.scheduling.support.ScheduledMethodRunnable.lambda$run$2(ScheduledMethodRunnable.java:124)
	at io.micrometer.observation.Observation.observe(Observation.java:499)
	at org.springframework.scheduling.support.ScheduledMethodRunnable.run(ScheduledMethodRunnable.java:124)
	at org.springframework.scheduling.support.DelegatingErrorHandlingRunnable.run(DelegatingErrorHandlingRunnable.java:54)
	at java.base/java.util.concurrent.Executors$RunnableAdapter.call(Executors.java:539)
	at java.base/java.util.concurrent.FutureTask.runAndReset(FutureTask.java:305)
	at java.base/java.util.concurrent.ScheduledThreadPoolExecutor$ScheduledFutureTask.run(ScheduledThreadPoolExecutor.java:305)
	at java.base/java.util.concurrent.ThreadPoolExecutor.runWorker(ThreadPoolExecutor.java:1136)
	at java.base/java.util.concurrent.ThreadPoolExecutor$Worker.run(ThreadPoolExecutor.java:635)
	at java.base/java.lang.Thread.run(Thread.java:840)
Caused by: org.hibernate.exception.JDBCConnectionException: Unable to acquire JDBC Connection [HikariPool-1 - Connection is not available, request timed out after 30003ms (total=0, active=0, idle=0, waiting=0)] [n/a]
	at org.hibernate.exception.internal.SQLExceptionTypeDelegate.convert(SQLExceptionTypeDelegate.java:51)
	at org.hibernate.exception.internal.StandardSQLExceptionConverter.convert(StandardSQLExceptionConverter.java:58)
	at org.hibernate.engine.jdbc.spi.SqlExceptionHelper.convert(SqlExceptionHelper.java:108)
	at org.hibernate.engine.jdbc.spi.SqlExceptionHelper.convert(SqlExceptionHelper.java:94)
	at org.hibernate.resource.jdbc.internal.LogicalConnectionManagedImpl.acquireConnectionIfNeeded(LogicalConnectionManagedImpl.java:129)
	at org.hibernate.resource.jdbc.internal.LogicalConnectionManagedImpl.getPhysicalConnection(LogicalConnectionManagedImpl.java:156)
	at org.hibernate.resource.jdbc.internal.LogicalConnectionManagedImpl.getConnectionForTransactionManagement(LogicalConnectionManagedImpl.java:286)
	at org.hibernate.resource.jdbc.internal.LogicalConnectionManagedImpl.begin(LogicalConnectionManagedImpl.java:294)
	at org.hibernate.resource.transaction.backend.jdbc.internal.JdbcResourceLocalTransactionCoordinatorImpl$TransactionDriverControlImpl.begin(JdbcResourceLocalTransactionCoordinatorImpl.java:232)
	at org.hibernate.engine.transaction.internal.TransactionImpl.begin(TransactionImpl.java:83)
	at org.springframework.orm.jpa.vendor.HibernateJpaDialect.beginTransaction(HibernateJpaDialect.java:176)
	at org.springframework.orm.jpa.JpaTransactionManager.doBegin(JpaTransactionManager.java:420)
	... 24 common frames omitted
Caused by: java.sql.SQLTransientConnectionException: HikariPool-1 - Connection is not available, request timed out after 30003ms (total=0, active=0, idle=0, waiting=0)
	at com.zaxxer.hikari.pool.HikariPool.createTimeoutException(HikariPool.java:686)
	at com.zaxxer.hikari.pool.HikariPool.getConnection(HikariPool.java:179)
	at com.zaxxer.hikari.pool.HikariPool.getConnection(HikariPool.java:144)
	at com.zaxxer.hikari.HikariDataSource.getConnection(HikariDataSource.java:127)
	at org.hibernate.engine.jdbc.connections.internal.DatasourceConnectionProviderImpl.getConnection(DatasourceConnectionProviderImpl.java:122)
	at org.hibernate.internal.NonContextualJdbcConnectionAccess.obtainConnection(NonContextualJdbcConnectionAccess.java:46)
	at org.hibernate.resource.jdbc.internal.LogicalConnectionManagedImpl.acquireConnectionIfNeeded(LogicalConnectionManagedImpl.java:126)
	... 31 common frames omitted
Caused by: org.postgresql.util.PSQLException: FATAL: database "iam_db" does not exist
	at org.postgresql.core.v3.QueryExecutorImpl.receiveErrorResponse(QueryExecutorImpl.java:2733)
	at org.postgresql.core.v3.QueryExecutorImpl.readStartupMessages(QueryExecutorImpl.java:2845)
	at org.postgresql.core.v3.QueryExecutorImpl.<init>(QueryExecutorImpl.java:176)
	at org.postgresql.core.v3.ConnectionFactoryImpl.openConnectionImpl(ConnectionFactoryImpl.java:323)
	at org.postgresql.core.ConnectionFactory.openConnection(ConnectionFactory.java:54)
	at org.postgresql.jdbc.PgConnection.<init>(PgConnection.java:273)
	at org.postgresql.Driver.makeConnection(Driver.java:446)
	at org.postgresql.Driver.connect(Driver.java:298)
	at com.zaxxer.hikari.util.DriverDataSource.getConnection(DriverDataSource.java:137)
	at com.zaxxer.hikari.pool.PoolBase.newConnection(PoolBase.java:360)
	at com.zaxxer.hikari.pool.PoolBase.newPoolEntry(PoolBase.java:202)
	at com.zaxxer.hikari.pool.HikariPool.createPoolEntry(HikariPool.java:461)
	at com.zaxxer.hikari.pool.HikariPool$PoolEntryCreator.call(HikariPool.java:724)
	at com.zaxxer.hikari.pool.HikariPool$PoolEntryCreator.call(HikariPool.java:703)
	at java.base/java.util.concurrent.FutureTask.run(FutureTask.java:264)
	... 3 common frames omitted
2026-06-07 18:13:05.485 [scheduling-1] ERROR o.h.e.jdbc.spi.SqlExceptionHelper
                [service=iam_service]
                [correlationId=]
                [userId=]
                [keyId=]
                [challengeId=]
                - HikariPool-1 - Connection is not available, request timed out after 30005ms (total=0, active=0, idle=0, waiting=0)
2026-06-07 18:13:05.485 [scheduling-1] ERROR o.h.e.jdbc.spi.SqlExceptionHelper
                [service=iam_service]
                [correlationId=]
                [userId=]
                [keyId=]
                [challengeId=]
                - FATAL: database "iam_db" does not exist
2026-06-07 18:13:05.485 [scheduling-1] ERROR o.s.s.s.TaskUtils$LoggingErrorHandler
                [service=iam_service]
                [correlationId=]
                [userId=]
                [keyId=]
                [challengeId=]
                - Unexpected error occurred in scheduled task
org.springframework.transaction.CannotCreateTransactionException: Could not open JPA EntityManager for transaction
	at org.springframework.orm.jpa.JpaTransactionManager.doBegin(JpaTransactionManager.java:466)
	at org.springframework.transaction.support.AbstractPlatformTransactionManager.startTransaction(AbstractPlatformTransactionManager.java:532)
	at org.springframework.transaction.support.AbstractPlatformTransactionManager.getTransaction(AbstractPlatformTransactionManager.java:405)
	at org.springframework.transaction.interceptor.TransactionAspectSupport.createTransactionIfNecessary(TransactionAspectSupport.java:604)
	at org.springframework.transaction.interceptor.TransactionAspectSupport.invokeWithinTransaction(TransactionAspectSupport.java:373)
	at org.springframework.transaction.interceptor.TransactionInterceptor.invoke(TransactionInterceptor.java:119)
	at org.springframework.aop.framework.ReflectiveMethodInvocation.proceed(ReflectiveMethodInvocation.java:184)
	at org.springframework.aop.framework.CglibAopProxy$CglibMethodInvocation.proceed(CglibAopProxy.java:768)
	at org.springframework.aop.framework.CglibAopProxy$DynamicAdvisedInterceptor.intercept(CglibAopProxy.java:720)
	at com.cyphervault.iam.auth.infrastructure.persistence.outbox.OutboxEventService$$SpringCGLIB$$0.recoverStalePublishingEvents(<generated>)
	at com.cyphervault.iam.auth.infrastructure.persistence.outbox.OutboxPublisherJob.publishPendingEvents(OutboxPublisherJob.java:33)
	at jdk.internal.reflect.GeneratedMethodAccessor31.invoke(Unknown Source)
	at java.base/jdk.internal.reflect.DelegatingMethodAccessorImpl.invoke(DelegatingMethodAccessorImpl.java:43)
	at java.base/java.lang.reflect.Method.invoke(Method.java:569)
	at org.springframework.scheduling.support.ScheduledMethodRunnable.runInternal(ScheduledMethodRunnable.java:130)
	at org.springframework.scheduling.support.ScheduledMethodRunnable.lambda$run$2(ScheduledMethodRunnable.java:124)
	at io.micrometer.observation.Observation.observe(Observation.java:499)
	at org.springframework.scheduling.support.ScheduledMethodRunnable.run(ScheduledMethodRunnable.java:124)
	at org.springframework.scheduling.support.DelegatingErrorHandlingRunnable.run(DelegatingErrorHandlingRunnable.java:54)
	at java.base/java.util.concurrent.Executors$RunnableAdapter.call(Executors.java:539)
	at java.base/java.util.concurrent.FutureTask.runAndReset(FutureTask.java:305)
	at java.base/java.util.concurrent.ScheduledThreadPoolExecutor$ScheduledFutureTask.run(ScheduledThreadPoolExecutor.java:305)
	at java.base/java.util.concurrent.ThreadPoolExecutor.runWorker(ThreadPoolExecutor.java:1136)
	at java.base/java.util.concurrent.ThreadPoolExecutor$Worker.run(ThreadPoolExecutor.java:635)
	at java.base/java.lang.Thread.run(Thread.java:840)
Caused by: org.hibernate.exception.JDBCConnectionException: Unable to acquire JDBC Connection [HikariPool-1 - Connection is not available, request timed out after 30005ms (total=0, active=0, idle=0, waiting=0)] [n/a]
	at org.hibernate.exception.internal.SQLExceptionTypeDelegate.convert(SQLExceptionTypeDelegate.java:51)
	at org.hibernate.exception.internal.StandardSQLExceptionConverter.convert(StandardSQLExceptionConverter.java:58)
	at org.hibernate.engine.jdbc.spi.SqlExceptionHelper.convert(SqlExceptionHelper.java:108)
	at org.hibernate.engine.jdbc.spi.SqlExceptionHelper.convert(SqlExceptionHelper.java:94)
	at org.hibernate.resource.jdbc.internal.LogicalConnectionManagedImpl.acquireConnectionIfNeeded(LogicalConnectionManagedImpl.java:129)
	at org.hibernate.resource.jdbc.internal.LogicalConnectionManagedImpl.getPhysicalConnection(LogicalConnectionManagedImpl.java:156)
	at org.hibernate.resource.jdbc.internal.LogicalConnectionManagedImpl.getConnectionForTransactionManagement(LogicalConnectionManagedImpl.java:286)
	at org.hibernate.resource.jdbc.internal.LogicalConnectionManagedImpl.begin(LogicalConnectionManagedImpl.java:294)
	at org.hibernate.resource.transaction.backend.jdbc.internal.JdbcResourceLocalTransactionCoordinatorImpl$TransactionDriverControlImpl.begin(JdbcResourceLocalTransactionCoordinatorImpl.java:232)
	at org.hibernate.engine.transaction.internal.TransactionImpl.begin(TransactionImpl.java:83)
	at org.springframework.orm.jpa.vendor.HibernateJpaDialect.beginTransaction(HibernateJpaDialect.java:176)
	at org.springframework.orm.jpa.JpaTransactionManager.doBegin(JpaTransactionManager.java:420)
	... 24 common frames omitted
Caused by: java.sql.SQLTransientConnectionException: HikariPool-1 - Connection is not available, request timed out after 30005ms (total=0, active=0, idle=0, waiting=0)
	at com.zaxxer.hikari.pool.HikariPool.createTimeoutException(HikariPool.java:686)
	at com.zaxxer.hikari.pool.HikariPool.getConnection(HikariPool.java:179)
	at com.zaxxer.hikari.pool.HikariPool.getConnection(HikariPool.java:144)
	at com.zaxxer.hikari.HikariDataSource.getConnection(HikariDataSource.java:127)
	at org.hibernate.engine.jdbc.connections.internal.DatasourceConnectionProviderImpl.getConnection(DatasourceConnectionProviderImpl.java:122)
	at org.hibernate.internal.NonContextualJdbcConnectionAccess.obtainConnection(NonContextualJdbcConnectionAccess.java:46)
	at org.hibernate.resource.jdbc.internal.LogicalConnectionManagedImpl.acquireConnectionIfNeeded(LogicalConnectionManagedImpl.java:126)
	... 31 common frames omitted
Caused by: org.postgresql.util.PSQLException: FATAL: database "iam_db" does not exist
	at org.postgresql.core.v3.QueryExecutorImpl.receiveErrorResponse(QueryExecutorImpl.java:2733)
	at org.postgresql.core.v3.QueryExecutorImpl.readStartupMessages(QueryExecutorImpl.java:2845)
	at org.postgresql.core.v3.QueryExecutorImpl.<init>(QueryExecutorImpl.java:176)
	at org.postgresql.core.v3.ConnectionFactoryImpl.openConnectionImpl(ConnectionFactoryImpl.java:323)
	at org.postgresql.core.ConnectionFactory.openConnection(ConnectionFactory.java:54)
	at org.postgresql.jdbc.PgConnection.<init>(PgConnection.java:273)
	at org.postgresql.Driver.makeConnection(Driver.java:446)
	at org.postgresql.Driver.connect(Driver.java:298)
	at com.zaxxer.hikari.util.DriverDataSource.getConnection(DriverDataSource.java:137)
	at com.zaxxer.hikari.pool.PoolBase.newConnection(PoolBase.java:360)
	at com.zaxxer.hikari.pool.PoolBase.newPoolEntry(PoolBase.java:202)
	at com.zaxxer.hikari.pool.HikariPool.createPoolEntry(HikariPool.java:461)
	at com.zaxxer.hikari.pool.HikariPool$PoolEntryCreator.call(HikariPool.java:724)
	at com.zaxxer.hikari.pool.HikariPool$PoolEntryCreator.call(HikariPool.java:703)
	at java.base/java.util.concurrent.FutureTask.run(FutureTask.java:264)
	... 3 common frames omitted
2026-06-07 18:16:47.292 [http-nio-8081-exec-9] ERROR o.h.e.jdbc.spi.SqlExceptionHelper
                [service=iam_service]
                [correlationId=4386d5e2-e7d9-4492-9e9e-4105f4f11826]
                [userId=04985cd8-1957-40b9-989e-4fc95b74935f]
                [keyId=]
                [challengeId=0ed9380c-f0e3-4505-aa1a-7b09e9f953b4]
                - ERROR: null value in column "purpose" of relation "auth_challenges" violates not-null constraint
  Detail: Failing row contains (0ed9380c-f0e3-4505-aa1a-7b09e9f953b4, 04985cd8-1957-40b9-989e-4fc95b74935f, jKSDGspjQf8UJLts6bw_w4Z6KNYfTblC2NjjIfWUURw, null, 2026-06-07 18:18:47.279238+03, f, 2026-06-07 18:16:47.279238+03, null).
2026-06-07 18:29:17.912 [main] ERROR o.s.boot.SpringApplication
                [service=iam_service]
                [correlationId=]
                [userId=]
                [keyId=]
                [challengeId=]
                - Application run failed
org.springframework.beans.factory.BeanCreationException: Error creating bean with name 'entityManagerFactory' defined in class path resource [org/springframework/boot/autoconfigure/orm/jpa/HibernateJpaConfiguration.class]: Failed to initialize dependency 'flywayInitializer' of LoadTimeWeaverAware bean 'entityManagerFactory': Error creating bean with name 'flywayInitializer' defined in class path resource [org/springframework/boot/autoconfigure/flyway/FlywayAutoConfiguration$FlywayConfiguration.class]: Validate failed: Migrations have failed validation
Migration checksum mismatch for migration version 3
-> Applied to database : -1624615816
-> Resolved locally    : -2036265378
Either revert the changes to the migration, or run repair to update the schema history.
Need more flexibility with validation rules? Learn more: https://rd.gt/3AbJUZE
	at org.springframework.beans.factory.support.AbstractBeanFactory.doGetBean(AbstractBeanFactory.java:326)
	at org.springframework.beans.factory.support.AbstractBeanFactory.getBean(AbstractBeanFactory.java:205)
	at org.springframework.context.support.AbstractApplicationContext.finishBeanFactoryInitialization(AbstractApplicationContext.java:954)
	at org.springframework.context.support.AbstractApplicationContext.refresh(AbstractApplicationContext.java:625)
	at org.springframework.boot.web.servlet.context.ServletWebServerApplicationContext.refresh(ServletWebServerApplicationContext.java:146)
	at org.springframework.boot.SpringApplication.refresh(SpringApplication.java:754)
	at org.springframework.boot.SpringApplication.refreshContext(SpringApplication.java:456)
	at org.springframework.boot.SpringApplication.run(SpringApplication.java:335)
	at org.springframework.boot.SpringApplication.run(SpringApplication.java:1363)
	at org.springframework.boot.SpringApplication.run(SpringApplication.java:1352)
	at com.cyphervault.iam.IamServiceApplication.main(IamServiceApplication.java:13)
Caused by: org.springframework.beans.factory.BeanCreationException: Error creating bean with name 'flywayInitializer' defined in class path resource [org/springframework/boot/autoconfigure/flyway/FlywayAutoConfiguration$FlywayConfiguration.class]: Validate failed: Migrations have failed validation
Migration checksum mismatch for migration version 3
-> Applied to database : -1624615816
-> Resolved locally    : -2036265378
Either revert the changes to the migration, or run repair to update the schema history.
Need more flexibility with validation rules? Learn more: https://rd.gt/3AbJUZE
	at org.springframework.beans.factory.support.AbstractAutowireCapableBeanFactory.initializeBean(AbstractAutowireCapableBeanFactory.java:1806)
	at org.springframework.beans.factory.support.AbstractAutowireCapableBeanFactory.doCreateBean(AbstractAutowireCapableBeanFactory.java:600)
	at org.springframework.beans.factory.support.AbstractAutowireCapableBeanFactory.createBean(AbstractAutowireCapableBeanFactory.java:522)
	at org.springframework.beans.factory.support.AbstractBeanFactory.lambda$doGetBean$0(AbstractBeanFactory.java:337)
	at org.springframework.beans.factory.support.DefaultSingletonBeanRegistry.getSingleton(DefaultSingletonBeanRegistry.java:234)
	at org.springframework.beans.factory.support.AbstractBeanFactory.doGetBean(AbstractBeanFactory.java:335)
	at org.springframework.beans.factory.support.AbstractBeanFactory.getBean(AbstractBeanFactory.java:200)
	at org.springframework.beans.factory.support.AbstractBeanFactory.doGetBean(AbstractBeanFactory.java:313)
	... 10 common frames omitted
Caused by: org.flywaydb.core.api.exception.FlywayValidateException: Validate failed: Migrations have failed validation
Migration checksum mismatch for migration version 3
-> Applied to database : -1624615816
-> Resolved locally    : -2036265378
Either revert the changes to the migration, or run repair to update the schema history.
Need more flexibility with validation rules? Learn more: https://rd.gt/3AbJUZE
	at org.flywaydb.core.Flyway.lambda$migrate$0(Flyway.java:160)
	at org.flywaydb.core.FlywayExecutor.execute(FlywayExecutor.java:205)
	at org.flywaydb.core.Flyway.migrate(Flyway.java:147)
	at org.springframework.boot.autoconfigure.flyway.FlywayMigrationInitializer.afterPropertiesSet(FlywayMigrationInitializer.java:66)
	at org.springframework.beans.factory.support.AbstractAutowireCapableBeanFactory.invokeInitMethods(AbstractAutowireCapableBeanFactory.java:1853)
	at org.springframework.beans.factory.support.AbstractAutowireCapableBeanFactory.initializeBean(AbstractAutowireCapableBeanFactory.java:1802)
	... 17 common frames omitted
2026-06-07 18:55:46.271 [http-nio-8081-exec-8] ERROR c.c.i.c.e.GlobalExceptionHandler
                [service=iam_service]
                [correlationId=f93de60f-ca93-4579-b038-9cbb46563375]
                [userId=]
                [keyId=]
                [challengeId=]
                - INTERNAL_SERVER_ERROR path=/api/auth/users/register correlationId=f93de60f-ca93-4579-b038-9cbb46563375
org.springframework.http.converter.HttpMessageNotReadableException: JSON parse error: Unexpected character ('}' (code 125)): was expecting double-quote to start field name
	at org.springframework.http.converter.json.AbstractJackson2HttpMessageConverter.readJavaType(AbstractJackson2HttpMessageConverter.java:406)
	at org.springframework.http.converter.json.AbstractJackson2HttpMessageConverter.read(AbstractJackson2HttpMessageConverter.java:354)
	at org.springframework.web.servlet.mvc.method.annotation.AbstractMessageConverterMethodArgumentResolver.readWithMessageConverters(AbstractMessageConverterMethodArgumentResolver.java:184)
	at org.springframework.web.servlet.mvc.method.annotation.RequestResponseBodyMethodProcessor.readWithMessageConverters(RequestResponseBodyMethodProcessor.java:161)
	at org.springframework.web.servlet.mvc.method.annotation.RequestResponseBodyMethodProcessor.resolveArgument(RequestResponseBodyMethodProcessor.java:135)
	at org.springframework.web.method.support.HandlerMethodArgumentResolverComposite.resolveArgument(HandlerMethodArgumentResolverComposite.java:122)
	at org.springframework.web.method.support.InvocableHandlerMethod.getMethodArgumentValues(InvocableHandlerMethod.java:224)
	at org.springframework.web.method.support.InvocableHandlerMethod.invokeForRequest(InvocableHandlerMethod.java:178)
	at org.springframework.web.servlet.mvc.method.annotation.ServletInvocableHandlerMethod.invokeAndHandle(ServletInvocableHandlerMethod.java:118)
	at org.springframework.web.servlet.mvc.method.annotation.RequestMappingHandlerAdapter.invokeHandlerMethod(RequestMappingHandlerAdapter.java:926)
	at org.springframework.web.servlet.mvc.method.annotation.RequestMappingHandlerAdapter.handleInternal(RequestMappingHandlerAdapter.java:831)
	at org.springframework.web.servlet.mvc.method.AbstractHandlerMethodAdapter.handle(AbstractHandlerMethodAdapter.java:87)
	at org.springframework.web.servlet.DispatcherServlet.doDispatch(DispatcherServlet.java:1089)
	at org.springframework.web.servlet.DispatcherServlet.doService(DispatcherServlet.java:979)
	at org.springframework.web.servlet.FrameworkServlet.processRequest(FrameworkServlet.java:1014)
	at org.springframework.web.servlet.FrameworkServlet.doPost(FrameworkServlet.java:914)
	at jakarta.servlet.http.HttpServlet.service(HttpServlet.java:590)
	at org.springframework.web.servlet.FrameworkServlet.service(FrameworkServlet.java:885)
	at jakarta.servlet.http.HttpServlet.service(HttpServlet.java:658)
	at org.apache.catalina.core.ApplicationFilterChain.internalDoFilter(ApplicationFilterChain.java:195)
	at org.apache.catalina.core.ApplicationFilterChain.doFilter(ApplicationFilterChain.java:140)
	at org.apache.tomcat.websocket.server.WsFilter.doFilter(WsFilter.java:51)
	at org.apache.catalina.core.ApplicationFilterChain.internalDoFilter(ApplicationFilterChain.java:164)
	at org.apache.catalina.core.ApplicationFilterChain.doFilter(ApplicationFilterChain.java:140)
	at org.springframework.web.filter.RequestContextFilter.doFilterInternal(RequestContextFilter.java:100)
	at org.springframework.web.filter.OncePerRequestFilter.doFilter(OncePerRequestFilter.java:116)
	at org.apache.catalina.core.ApplicationFilterChain.internalDoFilter(ApplicationFilterChain.java:164)
	at org.apache.catalina.core.ApplicationFilterChain.doFilter(ApplicationFilterChain.java:140)
	at org.springframework.web.filter.FormContentFilter.doFilterInternal(FormContentFilter.java:93)
	at org.springframework.web.filter.OncePerRequestFilter.doFilter(OncePerRequestFilter.java:116)
	at org.apache.catalina.core.ApplicationFilterChain.internalDoFilter(ApplicationFilterChain.java:164)
	at org.apache.catalina.core.ApplicationFilterChain.doFilter(ApplicationFilterChain.java:140)
	at com.cyphervault.iam.common.filter.RequestLoggingFilter.doFilterInternal(RequestLoggingFilter.java:39)
	at org.springframework.web.filter.OncePerRequestFilter.doFilter(OncePerRequestFilter.java:116)
	at org.apache.catalina.core.ApplicationFilterChain.internalDoFilter(ApplicationFilterChain.java:164)
	at org.apache.catalina.core.ApplicationFilterChain.doFilter(ApplicationFilterChain.java:140)
	at org.springframework.web.filter.ServerHttpObservationFilter.doFilterInternal(ServerHttpObservationFilter.java:113)
	at org.springframework.web.filter.OncePerRequestFilter.doFilter(OncePerRequestFilter.java:116)
	at org.apache.catalina.core.ApplicationFilterChain.internalDoFilter(ApplicationFilterChain.java:164)
	at org.apache.catalina.core.ApplicationFilterChain.doFilter(ApplicationFilterChain.java:140)
	at org.springframework.web.filter.CharacterEncodingFilter.doFilterInternal(CharacterEncodingFilter.java:201)
	at org.springframework.web.filter.OncePerRequestFilter.doFilter(OncePerRequestFilter.java:116)
	at org.apache.catalina.core.ApplicationFilterChain.internalDoFilter(ApplicationFilterChain.java:164)
	at org.apache.catalina.core.ApplicationFilterChain.doFilter(ApplicationFilterChain.java:140)
	at com.cyphervault.iam.common.filter.CorrelationIdFilter.doFilterInternal(CorrelationIdFilter.java:40)
	at org.springframework.web.filter.OncePerRequestFilter.doFilter(OncePerRequestFilter.java:116)
	at org.apache.catalina.core.ApplicationFilterChain.internalDoFilter(ApplicationFilterChain.java:164)
	at org.apache.catalina.core.ApplicationFilterChain.doFilter(ApplicationFilterChain.java:140)
	at org.apache.catalina.core.StandardWrapperValve.invoke(StandardWrapperValve.java:167)
	at org.apache.catalina.core.StandardContextValve.invoke(StandardContextValve.java:90)
	at org.apache.catalina.authenticator.AuthenticatorBase.invoke(AuthenticatorBase.java:483)
	at org.apache.catalina.core.StandardHostValve.invoke(StandardHostValve.java:115)
	at org.apache.catalina.valves.ErrorReportValve.invoke(ErrorReportValve.java:93)
	at org.apache.catalina.core.StandardEngineValve.invoke(StandardEngineValve.java:74)
	at org.apache.catalina.connector.CoyoteAdapter.service(CoyoteAdapter.java:344)
	at org.apache.coyote.http11.Http11Processor.service(Http11Processor.java:384)
	at org.apache.coyote.AbstractProcessorLight.process(AbstractProcessorLight.java:63)
	at org.apache.coyote.AbstractProtocol$ConnectionHandler.process(AbstractProtocol.java:905)
	at org.apache.tomcat.util.net.NioEndpoint$SocketProcessor.doRun(NioEndpoint.java:1741)
	at org.apache.tomcat.util.net.SocketProcessorBase.run(SocketProcessorBase.java:52)
	at org.apache.tomcat.util.threads.ThreadPoolExecutor.runWorker(ThreadPoolExecutor.java:1190)
	at org.apache.tomcat.util.threads.ThreadPoolExecutor$Worker.run(ThreadPoolExecutor.java:659)
	at org.apache.tomcat.util.threads.TaskThread$WrappingRunnable.run(TaskThread.java:63)
	at java.base/java.lang.Thread.run(Thread.java:840)
Caused by: com.fasterxml.jackson.core.JsonParseException: Unexpected character ('}' (code 125)): was expecting double-quote to start field name
 at [Source: REDACTED (`StreamReadFeature.INCLUDE_SOURCE_IN_LOCATION` disabled); line: 5, column: 1]
	at com.fasterxml.jackson.core.JsonParser._constructReadException(JsonParser.java:2648)
	at com.fasterxml.jackson.core.base.ParserMinimalBase._reportUnexpectedChar(ParserMinimalBase.java:685)
	at com.fasterxml.jackson.core.json.UTF8StreamJsonParser._handleOddName(UTF8StreamJsonParser.java:2103)
	at com.fasterxml.jackson.core.json.UTF8StreamJsonParser._parseName(UTF8StreamJsonParser.java:1753)
	at com.fasterxml.jackson.core.json.UTF8StreamJsonParser.nextFieldName(UTF8StreamJsonParser.java:1040)
	at com.fasterxml.jackson.databind.deser.BeanDeserializer.deserializeFromObject(BeanDeserializer.java:406)
	at com.fasterxml.jackson.databind.deser.BeanDeserializer.deserialize(BeanDeserializer.java:185)
	at com.fasterxml.jackson.databind.deser.DefaultDeserializationContext.readRootValue(DefaultDeserializationContext.java:342)
	at com.fasterxml.jackson.databind.ObjectReader._bindAndClose(ObjectReader.java:2125)
	at com.fasterxml.jackson.databind.ObjectReader.readValue(ObjectReader.java:1501)
	at org.springframework.http.converter.json.AbstractJackson2HttpMessageConverter.readJavaType(AbstractJackson2HttpMessageConverter.java:395)
	... 63 common frames omitted
2026-06-07 18:57:33.720 [http-nio-8081-exec-1] ERROR c.c.i.c.e.GlobalExceptionHandler
                [service=iam_service]
                [correlationId=82ac210c-a0f7-480d-9b28-3a8be64c6c4a]
                [userId=]
                [keyId=]
                [challengeId=]
                - INTERNAL_SERVER_ERROR path=/api/auth/dev/sign correlationId=82ac210c-a0f7-480d-9b28-3a8be64c6c4a
org.springframework.http.converter.HttpMessageNotReadableException: JSON parse error: Unexpected character ('"' (code 34)): was expecting comma to separate Object entries
	at org.springframework.http.converter.json.AbstractJackson2HttpMessageConverter.readJavaType(AbstractJackson2HttpMessageConverter.java:406)
	at org.springframework.http.converter.json.AbstractJackson2HttpMessageConverter.read(AbstractJackson2HttpMessageConverter.java:354)
	at org.springframework.web.servlet.mvc.method.annotation.AbstractMessageConverterMethodArgumentResolver.readWithMessageConverters(AbstractMessageConverterMethodArgumentResolver.java:184)
	at org.springframework.web.servlet.mvc.method.annotation.RequestResponseBodyMethodProcessor.readWithMessageConverters(RequestResponseBodyMethodProcessor.java:161)
	at org.springframework.web.servlet.mvc.method.annotation.RequestResponseBodyMethodProcessor.resolveArgument(RequestResponseBodyMethodProcessor.java:135)
	at org.springframework.web.method.support.HandlerMethodArgumentResolverComposite.resolveArgument(HandlerMethodArgumentResolverComposite.java:122)
	at org.springframework.web.method.support.InvocableHandlerMethod.getMethodArgumentValues(InvocableHandlerMethod.java:224)
	at org.springframework.web.method.support.InvocableHandlerMethod.invokeForRequest(InvocableHandlerMethod.java:178)
	at org.springframework.web.servlet.mvc.method.annotation.ServletInvocableHandlerMethod.invokeAndHandle(ServletInvocableHandlerMethod.java:118)
	at org.springframework.web.servlet.mvc.method.annotation.RequestMappingHandlerAdapter.invokeHandlerMethod(RequestMappingHandlerAdapter.java:926)
	at org.springframework.web.servlet.mvc.method.annotation.RequestMappingHandlerAdapter.handleInternal(RequestMappingHandlerAdapter.java:831)
	at org.springframework.web.servlet.mvc.method.AbstractHandlerMethodAdapter.handle(AbstractHandlerMethodAdapter.java:87)
	at org.springframework.web.servlet.DispatcherServlet.doDispatch(DispatcherServlet.java:1089)
	at org.springframework.web.servlet.DispatcherServlet.doService(DispatcherServlet.java:979)
	at org.springframework.web.servlet.FrameworkServlet.processRequest(FrameworkServlet.java:1014)
	at org.springframework.web.servlet.FrameworkServlet.doPost(FrameworkServlet.java:914)
	at jakarta.servlet.http.HttpServlet.service(HttpServlet.java:590)
	at org.springframework.web.servlet.FrameworkServlet.service(FrameworkServlet.java:885)
	at jakarta.servlet.http.HttpServlet.service(HttpServlet.java:658)
	at org.apache.catalina.core.ApplicationFilterChain.internalDoFilter(ApplicationFilterChain.java:195)
	at org.apache.catalina.core.ApplicationFilterChain.doFilter(ApplicationFilterChain.java:140)
	at org.apache.tomcat.websocket.server.WsFilter.doFilter(WsFilter.java:51)
	at org.apache.catalina.core.ApplicationFilterChain.internalDoFilter(ApplicationFilterChain.java:164)
	at org.apache.catalina.core.ApplicationFilterChain.doFilter(ApplicationFilterChain.java:140)
	at org.springframework.web.filter.RequestContextFilter.doFilterInternal(RequestContextFilter.java:100)
	at org.springframework.web.filter.OncePerRequestFilter.doFilter(OncePerRequestFilter.java:116)
	at org.apache.catalina.core.ApplicationFilterChain.internalDoFilter(ApplicationFilterChain.java:164)
	at org.apache.catalina.core.ApplicationFilterChain.doFilter(ApplicationFilterChain.java:140)
	at org.springframework.web.filter.FormContentFilter.doFilterInternal(FormContentFilter.java:93)
	at org.springframework.web.filter.OncePerRequestFilter.doFilter(OncePerRequestFilter.java:116)
	at org.apache.catalina.core.ApplicationFilterChain.internalDoFilter(ApplicationFilterChain.java:164)
	at org.apache.catalina.core.ApplicationFilterChain.doFilter(ApplicationFilterChain.java:140)
	at com.cyphervault.iam.common.filter.RequestLoggingFilter.doFilterInternal(RequestLoggingFilter.java:39)
	at org.springframework.web.filter.OncePerRequestFilter.doFilter(OncePerRequestFilter.java:116)
	at org.apache.catalina.core.ApplicationFilterChain.internalDoFilter(ApplicationFilterChain.java:164)
	at org.apache.catalina.core.ApplicationFilterChain.doFilter(ApplicationFilterChain.java:140)
	at org.springframework.web.filter.ServerHttpObservationFilter.doFilterInternal(ServerHttpObservationFilter.java:113)
	at org.springframework.web.filter.OncePerRequestFilter.doFilter(OncePerRequestFilter.java:116)
	at org.apache.catalina.core.ApplicationFilterChain.internalDoFilter(ApplicationFilterChain.java:164)
	at org.apache.catalina.core.ApplicationFilterChain.doFilter(ApplicationFilterChain.java:140)
	at org.springframework.web.filter.CharacterEncodingFilter.doFilterInternal(CharacterEncodingFilter.java:201)
	at org.springframework.web.filter.OncePerRequestFilter.doFilter(OncePerRequestFilter.java:116)
	at org.apache.catalina.core.ApplicationFilterChain.internalDoFilter(ApplicationFilterChain.java:164)
	at org.apache.catalina.core.ApplicationFilterChain.doFilter(ApplicationFilterChain.java:140)
	at com.cyphervault.iam.common.filter.CorrelationIdFilter.doFilterInternal(CorrelationIdFilter.java:40)
	at org.springframework.web.filter.OncePerRequestFilter.doFilter(OncePerRequestFilter.java:116)
	at org.apache.catalina.core.ApplicationFilterChain.internalDoFilter(ApplicationFilterChain.java:164)
	at org.apache.catalina.core.ApplicationFilterChain.doFilter(ApplicationFilterChain.java:140)
	at org.apache.catalina.core.StandardWrapperValve.invoke(StandardWrapperValve.java:167)
	at org.apache.catalina.core.StandardContextValve.invoke(StandardContextValve.java:90)
	at org.apache.catalina.authenticator.AuthenticatorBase.invoke(AuthenticatorBase.java:483)
	at org.apache.catalina.core.StandardHostValve.invoke(StandardHostValve.java:115)
	at org.apache.catalina.valves.ErrorReportValve.invoke(ErrorReportValve.java:93)
	at org.apache.catalina.core.StandardEngineValve.invoke(StandardEngineValve.java:74)
	at org.apache.catalina.connector.CoyoteAdapter.service(CoyoteAdapter.java:344)
	at org.apache.coyote.http11.Http11Processor.service(Http11Processor.java:384)
	at org.apache.coyote.AbstractProcessorLight.process(AbstractProcessorLight.java:63)
	at org.apache.coyote.AbstractProtocol$ConnectionHandler.process(AbstractProtocol.java:905)
	at org.apache.tomcat.util.net.NioEndpoint$SocketProcessor.doRun(NioEndpoint.java:1741)
	at org.apache.tomcat.util.net.SocketProcessorBase.run(SocketProcessorBase.java:52)
	at org.apache.tomcat.util.threads.ThreadPoolExecutor.runWorker(ThreadPoolExecutor.java:1190)
	at org.apache.tomcat.util.threads.ThreadPoolExecutor$Worker.run(ThreadPoolExecutor.java:659)
	at org.apache.tomcat.util.threads.TaskThread$WrappingRunnable.run(TaskThread.java:63)
	at java.base/java.lang.Thread.run(Thread.java:840)
Caused by: com.fasterxml.jackson.core.JsonParseException: Unexpected character ('"' (code 34)): was expecting comma to separate Object entries
 at [Source: REDACTED (`StreamReadFeature.INCLUDE_SOURCE_IN_LOCATION` disabled); line: 3, column: 3]
	at com.fasterxml.jackson.core.JsonParser._constructReadException(JsonParser.java:2648)
	at com.fasterxml.jackson.core.base.ParserMinimalBase._reportUnexpectedChar(ParserMinimalBase.java:685)
	at com.fasterxml.jackson.core.json.UTF8StreamJsonParser.nextFieldName(UTF8StreamJsonParser.java:1021)
	at com.fasterxml.jackson.databind.deser.BeanDeserializer.deserializeFromObject(BeanDeserializer.java:406)
	at com.fasterxml.jackson.databind.deser.BeanDeserializer.deserialize(BeanDeserializer.java:185)
	at com.fasterxml.jackson.databind.deser.DefaultDeserializationContext.readRootValue(DefaultDeserializationContext.java:342)
	at com.fasterxml.jackson.databind.ObjectReader._bindAndClose(ObjectReader.java:2125)
	at com.fasterxml.jackson.databind.ObjectReader.readValue(ObjectReader.java:1501)
	at org.springframework.http.converter.json.AbstractJackson2HttpMessageConverter.readJavaType(AbstractJackson2HttpMessageConverter.java:395)
	... 63 common frames omitted
2026-06-07 18:57:43.236 [http-nio-8081-exec-7] ERROR c.c.i.c.e.GlobalExceptionHandler
                [service=iam_service]
                [correlationId=6cd3e745-f397-4766-ac66-fbf4b8c13949]
                [userId=]
                [keyId=]
                [challengeId=]
                - INTERNAL_SERVER_ERROR path=/api/auth/dev/sign correlationId=6cd3e745-f397-4766-ac66-fbf4b8c13949
org.springframework.http.converter.HttpMessageNotReadableException: JSON parse error: Unexpected character ('"' (code 34)): was expecting comma to separate Object entries
	at org.springframework.http.converter.json.AbstractJackson2HttpMessageConverter.readJavaType(AbstractJackson2HttpMessageConverter.java:406)
	at org.springframework.http.converter.json.AbstractJackson2HttpMessageConverter.read(AbstractJackson2HttpMessageConverter.java:354)
	at org.springframework.web.servlet.mvc.method.annotation.AbstractMessageConverterMethodArgumentResolver.readWithMessageConverters(AbstractMessageConverterMethodArgumentResolver.java:184)
	at org.springframework.web.servlet.mvc.method.annotation.RequestResponseBodyMethodProcessor.readWithMessageConverters(RequestResponseBodyMethodProcessor.java:161)
	at org.springframework.web.servlet.mvc.method.annotation.RequestResponseBodyMethodProcessor.resolveArgument(RequestResponseBodyMethodProcessor.java:135)
	at org.springframework.web.method.support.HandlerMethodArgumentResolverComposite.resolveArgument(HandlerMethodArgumentResolverComposite.java:122)
	at org.springframework.web.method.support.InvocableHandlerMethod.getMethodArgumentValues(InvocableHandlerMethod.java:224)
	at org.springframework.web.method.support.InvocableHandlerMethod.invokeForRequest(InvocableHandlerMethod.java:178)
	at org.springframework.web.servlet.mvc.method.annotation.ServletInvocableHandlerMethod.invokeAndHandle(ServletInvocableHandlerMethod.java:118)
	at org.springframework.web.servlet.mvc.method.annotation.RequestMappingHandlerAdapter.invokeHandlerMethod(RequestMappingHandlerAdapter.java:926)
	at org.springframework.web.servlet.mvc.method.annotation.RequestMappingHandlerAdapter.handleInternal(RequestMappingHandlerAdapter.java:831)
	at org.springframework.web.servlet.mvc.method.AbstractHandlerMethodAdapter.handle(AbstractHandlerMethodAdapter.java:87)
	at org.springframework.web.servlet.DispatcherServlet.doDispatch(DispatcherServlet.java:1089)
	at org.springframework.web.servlet.DispatcherServlet.doService(DispatcherServlet.java:979)
	at org.springframework.web.servlet.FrameworkServlet.processRequest(FrameworkServlet.java:1014)
	at org.springframework.web.servlet.FrameworkServlet.doPost(FrameworkServlet.java:914)
	at jakarta.servlet.http.HttpServlet.service(HttpServlet.java:590)
	at org.springframework.web.servlet.FrameworkServlet.service(FrameworkServlet.java:885)
	at jakarta.servlet.http.HttpServlet.service(HttpServlet.java:658)
	at org.apache.catalina.core.ApplicationFilterChain.internalDoFilter(ApplicationFilterChain.java:195)
	at org.apache.catalina.core.ApplicationFilterChain.doFilter(ApplicationFilterChain.java:140)
	at org.apache.tomcat.websocket.server.WsFilter.doFilter(WsFilter.java:51)
	at org.apache.catalina.core.ApplicationFilterChain.internalDoFilter(ApplicationFilterChain.java:164)
	at org.apache.catalina.core.ApplicationFilterChain.doFilter(ApplicationFilterChain.java:140)
	at org.springframework.web.filter.RequestContextFilter.doFilterInternal(RequestContextFilter.java:100)
	at org.springframework.web.filter.OncePerRequestFilter.doFilter(OncePerRequestFilter.java:116)
	at org.apache.catalina.core.ApplicationFilterChain.internalDoFilter(ApplicationFilterChain.java:164)
	at org.apache.catalina.core.ApplicationFilterChain.doFilter(ApplicationFilterChain.java:140)
	at org.springframework.web.filter.FormContentFilter.doFilterInternal(FormContentFilter.java:93)
	at org.springframework.web.filter.OncePerRequestFilter.doFilter(OncePerRequestFilter.java:116)
	at org.apache.catalina.core.ApplicationFilterChain.internalDoFilter(ApplicationFilterChain.java:164)
	at org.apache.catalina.core.ApplicationFilterChain.doFilter(ApplicationFilterChain.java:140)
	at com.cyphervault.iam.common.filter.RequestLoggingFilter.doFilterInternal(RequestLoggingFilter.java:39)
	at org.springframework.web.filter.OncePerRequestFilter.doFilter(OncePerRequestFilter.java:116)
	at org.apache.catalina.core.ApplicationFilterChain.internalDoFilter(ApplicationFilterChain.java:164)
	at org.apache.catalina.core.ApplicationFilterChain.doFilter(ApplicationFilterChain.java:140)
	at org.springframework.web.filter.ServerHttpObservationFilter.doFilterInternal(ServerHttpObservationFilter.java:113)
	at org.springframework.web.filter.OncePerRequestFilter.doFilter(OncePerRequestFilter.java:116)
	at org.apache.catalina.core.ApplicationFilterChain.internalDoFilter(ApplicationFilterChain.java:164)
	at org.apache.catalina.core.ApplicationFilterChain.doFilter(ApplicationFilterChain.java:140)
	at org.springframework.web.filter.CharacterEncodingFilter.doFilterInternal(CharacterEncodingFilter.java:201)
	at org.springframework.web.filter.OncePerRequestFilter.doFilter(OncePerRequestFilter.java:116)
	at org.apache.catalina.core.ApplicationFilterChain.internalDoFilter(ApplicationFilterChain.java:164)
	at org.apache.catalina.core.ApplicationFilterChain.doFilter(ApplicationFilterChain.java:140)
	at com.cyphervault.iam.common.filter.CorrelationIdFilter.doFilterInternal(CorrelationIdFilter.java:40)
	at org.springframework.web.filter.OncePerRequestFilter.doFilter(OncePerRequestFilter.java:116)
	at org.apache.catalina.core.ApplicationFilterChain.internalDoFilter(ApplicationFilterChain.java:164)
	at org.apache.catalina.core.ApplicationFilterChain.doFilter(ApplicationFilterChain.java:140)
	at org.apache.catalina.core.StandardWrapperValve.invoke(StandardWrapperValve.java:167)
	at org.apache.catalina.core.StandardContextValve.invoke(StandardContextValve.java:90)
	at org.apache.catalina.authenticator.AuthenticatorBase.invoke(AuthenticatorBase.java:483)
	at org.apache.catalina.core.StandardHostValve.invoke(StandardHostValve.java:115)
	at org.apache.catalina.valves.ErrorReportValve.invoke(ErrorReportValve.java:93)
	at org.apache.catalina.core.StandardEngineValve.invoke(StandardEngineValve.java:74)
	at org.apache.catalina.connector.CoyoteAdapter.service(CoyoteAdapter.java:344)
	at org.apache.coyote.http11.Http11Processor.service(Http11Processor.java:384)
	at org.apache.coyote.AbstractProcessorLight.process(AbstractProcessorLight.java:63)
	at org.apache.coyote.AbstractProtocol$ConnectionHandler.process(AbstractProtocol.java:905)
	at org.apache.tomcat.util.net.NioEndpoint$SocketProcessor.doRun(NioEndpoint.java:1741)
	at org.apache.tomcat.util.net.SocketProcessorBase.run(SocketProcessorBase.java:52)
	at org.apache.tomcat.util.threads.ThreadPoolExecutor.runWorker(ThreadPoolExecutor.java:1190)
	at org.apache.tomcat.util.threads.ThreadPoolExecutor$Worker.run(ThreadPoolExecutor.java:659)
	at org.apache.tomcat.util.threads.TaskThread$WrappingRunnable.run(TaskThread.java:63)
	at java.base/java.lang.Thread.run(Thread.java:840)
Caused by: com.fasterxml.jackson.core.JsonParseException: Unexpected character ('"' (code 34)): was expecting comma to separate Object entries
 at [Source: REDACTED (`StreamReadFeature.INCLUDE_SOURCE_IN_LOCATION` disabled); line: 3, column: 3]
	at com.fasterxml.jackson.core.JsonParser._constructReadException(JsonParser.java:2648)
	at com.fasterxml.jackson.core.base.ParserMinimalBase._reportUnexpectedChar(ParserMinimalBase.java:685)
	at com.fasterxml.jackson.core.json.UTF8StreamJsonParser.nextFieldName(UTF8StreamJsonParser.java:1021)
	at com.fasterxml.jackson.databind.deser.BeanDeserializer.deserializeFromObject(BeanDeserializer.java:406)
	at com.fasterxml.jackson.databind.deser.BeanDeserializer.deserialize(BeanDeserializer.java:185)
	at com.fasterxml.jackson.databind.deser.DefaultDeserializationContext.readRootValue(DefaultDeserializationContext.java:342)
	at com.fasterxml.jackson.databind.ObjectReader._bindAndClose(ObjectReader.java:2125)
	at com.fasterxml.jackson.databind.ObjectReader.readValue(ObjectReader.java:1501)
	at org.springframework.http.converter.json.AbstractJackson2HttpMessageConverter.readJavaType(AbstractJackson2HttpMessageConverter.java:395)
	... 63 common frames omitted
