2026-05-17 20:32:31.679 [background-preinit] INFO  o.h.validator.internal.util.Version
                [service=iam_service]
                [correlationId=]
                [userId=]
                [keyId=]
                [challengeId=]
                - HV000001: Hibernate Validator 8.0.1.Final
2026-05-17 20:32:31.792 [main] INFO  c.c.iam.IamServiceApplication
                [service=iam_service]
                [correlationId=]
                [userId=]
                [keyId=]
                [challengeId=]
                - Starting IamServiceApplication using Java 17.0.19 with PID 18508 (D:\project5th\cyphervault\services\iam\target\classes started by Ismael in D:\project5th\cyphervault)
2026-05-17 20:32:31.795 [main] INFO  c.c.iam.IamServiceApplication
                [service=iam_service]
                [correlationId=]
                [userId=]
                [keyId=]
                [challengeId=]
                - No active profile set, falling back to 1 default profile: "default"
2026-05-17 20:32:35.478 [main] INFO  o.s.d.r.c.RepositoryConfigurationDelegate
                [service=iam_service]
                [correlationId=]
                [userId=]
                [keyId=]
                [challengeId=]
                - Bootstrapping Spring Data JPA repositories in DEFAULT mode.
2026-05-17 20:32:35.750 [main] INFO  o.s.d.r.c.RepositoryConfigurationDelegate
                [service=iam_service]
                [correlationId=]
                [userId=]
                [keyId=]
                [challengeId=]
                - Finished Spring Data repository scanning in 257 ms. Found 3 JPA repository interfaces.
2026-05-17 20:32:37.810 [main] INFO  o.s.b.w.e.tomcat.TomcatWebServer
                [service=iam_service]
                [correlationId=]
                [userId=]
                [keyId=]
                [challengeId=]
                - Tomcat initialized with port 8081 (http)
2026-05-17 20:32:37.929 [main] INFO  o.a.coyote.http11.Http11NioProtocol
                [service=iam_service]
                [correlationId=]
                [userId=]
                [keyId=]
                [challengeId=]
                - Initializing ProtocolHandler ["http-nio-8081"]
2026-05-17 20:32:37.936 [main] INFO  o.a.catalina.core.StandardService
                [service=iam_service]
                [correlationId=]
                [userId=]
                [keyId=]
                [challengeId=]
                - Starting service [Tomcat]
2026-05-17 20:32:37.936 [main] INFO  o.a.catalina.core.StandardEngine
                [service=iam_service]
                [correlationId=]
                [userId=]
                [keyId=]
                [challengeId=]
                - Starting Servlet engine: [Apache Tomcat/10.1.31]
2026-05-17 20:32:38.091 [main] INFO  o.a.c.c.C.[Tomcat].[localhost].[/]
                [service=iam_service]
                [correlationId=]
                [userId=]
                [keyId=]
                [challengeId=]
                - Initializing Spring embedded WebApplicationContext
2026-05-17 20:32:38.095 [main] INFO  o.s.b.w.s.c.ServletWebServerApplicationContext
                [service=iam_service]
                [correlationId=]
                [userId=]
                [keyId=]
                [challengeId=]
                - Root WebApplicationContext: initialization completed in 6132 ms
2026-05-17 20:32:39.761 [main] INFO  com.zaxxer.hikari.HikariDataSource
                [service=iam_service]
                [correlationId=]
                [userId=]
                [keyId=]
                [challengeId=]
                - HikariPool-1 - Starting...
2026-05-17 20:32:41.631 [main] INFO  com.zaxxer.hikari.pool.HikariPool
                [service=iam_service]
                [correlationId=]
                [userId=]
                [keyId=]
                [challengeId=]
                - HikariPool-1 - Added connection org.postgresql.jdbc.PgConnection@75cacb3e
2026-05-17 20:32:41.634 [main] INFO  com.zaxxer.hikari.HikariDataSource
                [service=iam_service]
                [correlationId=]
                [userId=]
                [keyId=]
                [challengeId=]
                - HikariPool-1 - Start completed.
2026-05-17 20:32:41.685 [main] INFO  org.flywaydb.core.FlywayExecutor
                [service=iam_service]
                [correlationId=]
                [userId=]
                [keyId=]
                [challengeId=]
                - Database: jdbc:postgresql://localhost:5432/iam_db (PostgreSQL 17.10)
2026-05-17 20:32:41.792 [main] INFO  o.f.c.i.s.JdbcTableSchemaHistory
                [service=iam_service]
                [correlationId=]
                [userId=]
                [keyId=]
                [challengeId=]
                - Schema history table "public"."flyway_schema_history" does not exist yet
2026-05-17 20:32:41.799 [main] INFO  o.f.core.internal.command.DbValidate
                [service=iam_service]
                [correlationId=]
                [userId=]
                [keyId=]
                [challengeId=]
                - Successfully validated 3 migrations (execution time 00:00.083s)
2026-05-17 20:32:41.898 [main] INFO  o.f.c.i.s.JdbcTableSchemaHistory
                [service=iam_service]
                [correlationId=]
                [userId=]
                [keyId=]
                [challengeId=]
                - Creating Schema History table "public"."flyway_schema_history" ...
2026-05-17 20:32:42.153 [main] INFO  o.f.core.internal.command.DbMigrate
                [service=iam_service]
                [correlationId=]
                [userId=]
                [keyId=]
                [challengeId=]
                - Current version of schema "public": << Empty Schema >>
2026-05-17 20:32:42.170 [main] INFO  o.f.core.internal.command.DbMigrate
                [service=iam_service]
                [correlationId=]
                [userId=]
                [keyId=]
                [challengeId=]
                - Migrating schema "public" to version "1 - create user accounts"
2026-05-17 20:32:42.242 [main] INFO  o.f.core.internal.command.DbMigrate
                [service=iam_service]
                [correlationId=]
                [userId=]
                [keyId=]
                [challengeId=]
                - Migrating schema "public" to version "2 - create user public keys"
2026-05-17 20:32:42.288 [main] INFO  o.f.core.internal.command.DbMigrate
                [service=iam_service]
                [correlationId=]
                [userId=]
                [keyId=]
                [challengeId=]
                - Migrating schema "public" to version "3 - create auth challenges"
2026-05-17 20:32:42.365 [main] INFO  o.f.core.internal.command.DbMigrate
                [service=iam_service]
                [correlationId=]
                [userId=]
                [keyId=]
                [challengeId=]
                - Successfully applied 3 migrations to schema "public", now at version v3 (execution time 00:00.084s)
2026-05-17 20:32:42.737 [main] INFO  o.h.jpa.internal.util.LogHelper
                [service=iam_service]
                [correlationId=]
                [userId=]
                [keyId=]
                [challengeId=]
                - HHH000204: Processing PersistenceUnitInfo [name: default]
2026-05-17 20:32:43.136 [main] INFO  org.hibernate.Version
                [service=iam_service]
                [correlationId=]
                [userId=]
                [keyId=]
                [challengeId=]
                - HHH000412: Hibernate ORM core version 6.5.3.Final
2026-05-17 20:32:43.440 [main] INFO  o.h.c.i.RegionFactoryInitiator
                [service=iam_service]
                [correlationId=]
                [userId=]
                [keyId=]
                [challengeId=]
                - HHH000026: Second-level cache disabled
2026-05-17 20:32:44.111 [main] INFO  o.s.o.j.p.SpringPersistenceUnitInfo
                [service=iam_service]
                [correlationId=]
                [userId=]
                [keyId=]
                [challengeId=]
                - No LoadTimeWeaver setup: ignoring JPA class transformer
2026-05-17 20:32:46.500 [main] INFO  o.h.e.t.j.p.i.JtaPlatformInitiator
                [service=iam_service]
                [correlationId=]
                [userId=]
                [keyId=]
                [challengeId=]
                - HHH000489: No JTA platform available (set 'hibernate.transaction.jta.platform' to enable JTA platform integration)
2026-05-17 20:32:46.550 [main] INFO  o.s.o.j.LocalContainerEntityManagerFactoryBean
                [service=iam_service]
                [correlationId=]
                [userId=]
                [keyId=]
                [challengeId=]
                - Initialized JPA EntityManagerFactory for persistence unit 'default'
2026-05-17 20:32:49.981 [main] INFO  o.s.b.a.e.web.EndpointLinksResolver
                [service=iam_service]
                [correlationId=]
                [userId=]
                [keyId=]
                [challengeId=]
                - Exposing 2 endpoints beneath base path '/actuator'
2026-05-17 20:32:50.344 [main] INFO  o.a.k.c.admin.AdminClientConfig
                [service=iam_service]
                [correlationId=]
                [userId=]
                [keyId=]
                [challengeId=]
                - AdminClientConfig values: 
	auto.include.jmx.reporter = true
	bootstrap.controllers = []
	bootstrap.servers = [localhost:9092]
	client.dns.lookup = use_all_dns_ips
	client.id = iam-service-admin-0
	connections.max.idle.ms = 300000
	default.api.timeout.ms = 60000
	enable.metrics.push = true
	metadata.max.age.ms = 300000
	metric.reporters = []
	metrics.num.samples = 2
	metrics.recording.level = INFO
	metrics.sample.window.ms = 30000
	receive.buffer.bytes = 65536
	reconnect.backoff.max.ms = 1000
	reconnect.backoff.ms = 50
	request.timeout.ms = 30000
	retries = 2147483647
	retry.backoff.max.ms = 1000
	retry.backoff.ms = 100
	sasl.client.callback.handler.class = null
	sasl.jaas.config = null
	sasl.kerberos.kinit.cmd = /usr/bin/kinit
	sasl.kerberos.min.time.before.relogin = 60000
	sasl.kerberos.service.name = null
	sasl.kerberos.ticket.renew.jitter = 0.05
	sasl.kerberos.ticket.renew.window.factor = 0.8
	sasl.login.callback.handler.class = null
	sasl.login.class = null
	sasl.login.connect.timeout.ms = null
	sasl.login.read.timeout.ms = null
	sasl.login.refresh.buffer.seconds = 300
	sasl.login.refresh.min.period.seconds = 60
	sasl.login.refresh.window.factor = 0.8
	sasl.login.refresh.window.jitter = 0.05
	sasl.login.retry.backoff.max.ms = 10000
	sasl.login.retry.backoff.ms = 100
	sasl.mechanism = GSSAPI
	sasl.oauthbearer.clock.skew.seconds = 30
	sasl.oauthbearer.expected.audience = null
	sasl.oauthbearer.expected.issuer = null
	sasl.oauthbearer.jwks.endpoint.refresh.ms = 3600000
	sasl.oauthbearer.jwks.endpoint.retry.backoff.max.ms = 10000
	sasl.oauthbearer.jwks.endpoint.retry.backoff.ms = 100
	sasl.oauthbearer.jwks.endpoint.url = null
	sasl.oauthbearer.scope.claim.name = scope
	sasl.oauthbearer.sub.claim.name = sub
	sasl.oauthbearer.token.endpoint.url = null
	security.protocol = PLAINTEXT
	security.providers = null
	send.buffer.bytes = 131072
	socket.connection.setup.timeout.max.ms = 30000
	socket.connection.setup.timeout.ms = 10000
	ssl.cipher.suites = null
	ssl.enabled.protocols = [TLSv1.2, TLSv1.3]
	ssl.endpoint.identification.algorithm = https
	ssl.engine.factory.class = null
	ssl.key.password = null
	ssl.keymanager.algorithm = SunX509
	ssl.keystore.certificate.chain = null
	ssl.keystore.key = null
	ssl.keystore.location = null
	ssl.keystore.password = null
	ssl.keystore.type = JKS
	ssl.protocol = TLSv1.3
	ssl.provider = null
	ssl.secure.random.implementation = null
	ssl.trustmanager.algorithm = PKIX
	ssl.truststore.certificates = null
	ssl.truststore.location = null
	ssl.truststore.password = null
	ssl.truststore.type = JKS

2026-05-17 20:32:50.873 [main] INFO  o.a.kafka.common.utils.AppInfoParser
                [service=iam_service]
                [correlationId=]
                [userId=]
                [keyId=]
                [challengeId=]
                - Kafka version: 3.7.1
2026-05-17 20:32:50.873 [main] INFO  o.a.kafka.common.utils.AppInfoParser
                [service=iam_service]
                [correlationId=]
                [userId=]
                [keyId=]
                [challengeId=]
                - Kafka commitId: e2494e6ffb89f828
2026-05-17 20:32:50.874 [main] INFO  o.a.kafka.common.utils.AppInfoParser
                [service=iam_service]
                [correlationId=]
                [userId=]
                [keyId=]
                [challengeId=]
                - Kafka startTimeMs: 1779039170871
2026-05-17 20:32:50.903 [kafka-admin-client-thread | iam-service-admin-0] INFO  o.apache.kafka.clients.NetworkClient
                [service=iam_service]
                [correlationId=]
                [userId=]
                [keyId=]
                [challengeId=]
                - [AdminClient clientId=iam-service-admin-0] Node -1 disconnected.
2026-05-17 20:32:51.020 [kafka-admin-client-thread | iam-service-admin-0] INFO  o.apache.kafka.clients.NetworkClient
                [service=iam_service]
                [correlationId=]
                [userId=]
                [keyId=]
                [challengeId=]
                - [AdminClient clientId=iam-service-admin-0] Node -1 disconnected.
2026-05-17 20:32:51.242 [kafka-admin-client-thread | iam-service-admin-0] INFO  o.apache.kafka.clients.NetworkClient
                [service=iam_service]
                [correlationId=]
                [userId=]
                [keyId=]
                [challengeId=]
                - [AdminClient clientId=iam-service-admin-0] Node -1 disconnected.
2026-05-17 20:32:51.570 [kafka-admin-client-thread | iam-service-admin-0] INFO  o.apache.kafka.clients.NetworkClient
                [service=iam_service]
                [correlationId=]
                [userId=]
                [keyId=]
                [challengeId=]
                - [AdminClient clientId=iam-service-admin-0] Node -1 disconnected.
2026-05-17 20:32:51.898 [kafka-admin-client-thread | iam-service-admin-0] INFO  o.apache.kafka.clients.NetworkClient
                [service=iam_service]
                [correlationId=]
                [userId=]
                [keyId=]
                [challengeId=]
                - [AdminClient clientId=iam-service-admin-0] Node -1 disconnected.
2026-05-17 20:32:52.879 [kafka-admin-client-thread | iam-service-admin-0] INFO  o.apache.kafka.clients.NetworkClient
                [service=iam_service]
                [correlationId=]
                [userId=]
                [keyId=]
                [challengeId=]
                - [AdminClient clientId=iam-service-admin-0] Node -1 disconnected.
2026-05-17 20:32:53.967 [kafka-admin-client-thread | iam-service-admin-0] INFO  o.apache.kafka.clients.NetworkClient
                [service=iam_service]
                [correlationId=]
                [userId=]
                [keyId=]
                [challengeId=]
                - [AdminClient clientId=iam-service-admin-0] Node -1 disconnected.
2026-05-17 20:32:54.953 [kafka-admin-client-thread | iam-service-admin-0] INFO  o.apache.kafka.clients.NetworkClient
                [service=iam_service]
                [correlationId=]
                [userId=]
                [keyId=]
                [challengeId=]
                - [AdminClient clientId=iam-service-admin-0] Node -1 disconnected.
2026-05-17 20:32:56.047 [kafka-admin-client-thread | iam-service-admin-0] INFO  o.apache.kafka.clients.NetworkClient
                [service=iam_service]
                [correlationId=]
                [userId=]
                [keyId=]
                [challengeId=]
                - [AdminClient clientId=iam-service-admin-0] Node -1 disconnected.
2026-05-17 20:32:57.148 [kafka-admin-client-thread | iam-service-admin-0] INFO  o.apache.kafka.clients.NetworkClient
                [service=iam_service]
                [correlationId=]
                [userId=]
                [keyId=]
                [challengeId=]
                - [AdminClient clientId=iam-service-admin-0] Node -1 disconnected.
2026-05-17 20:32:58.132 [kafka-admin-client-thread | iam-service-admin-0] INFO  o.apache.kafka.clients.NetworkClient
                [service=iam_service]
                [correlationId=]
                [userId=]
                [keyId=]
                [challengeId=]
                - [AdminClient clientId=iam-service-admin-0] Node -1 disconnected.
2026-05-17 20:32:59.225 [kafka-admin-client-thread | iam-service-admin-0] INFO  o.apache.kafka.clients.NetworkClient
                [service=iam_service]
                [correlationId=]
                [userId=]
                [keyId=]
                [challengeId=]
                - [AdminClient clientId=iam-service-admin-0] Node -1 disconnected.
2026-05-17 20:33:00.320 [kafka-admin-client-thread | iam-service-admin-0] INFO  o.apache.kafka.clients.NetworkClient
                [service=iam_service]
                [correlationId=]
                [userId=]
                [keyId=]
                [challengeId=]
                - [AdminClient clientId=iam-service-admin-0] Node -1 disconnected.
2026-05-17 20:33:01.411 [kafka-admin-client-thread | iam-service-admin-0] INFO  o.apache.kafka.clients.NetworkClient
                [service=iam_service]
                [correlationId=]
                [userId=]
                [keyId=]
                [challengeId=]
                - [AdminClient clientId=iam-service-admin-0] Node -1 disconnected.
2026-05-17 20:33:02.506 [kafka-admin-client-thread | iam-service-admin-0] INFO  o.apache.kafka.clients.NetworkClient
                [service=iam_service]
                [correlationId=]
                [userId=]
                [keyId=]
                [challengeId=]
                - [AdminClient clientId=iam-service-admin-0] Node -1 disconnected.
2026-05-17 20:33:03.490 [kafka-admin-client-thread | iam-service-admin-0] INFO  o.apache.kafka.clients.NetworkClient
                [service=iam_service]
                [correlationId=]
                [userId=]
                [keyId=]
                [challengeId=]
                - [AdminClient clientId=iam-service-admin-0] Node -1 disconnected.
2026-05-17 20:33:04.508 [kafka-admin-client-thread | iam-service-admin-0] INFO  o.apache.kafka.clients.NetworkClient
                [service=iam_service]
                [correlationId=]
                [userId=]
                [keyId=]
                [challengeId=]
                - [AdminClient clientId=iam-service-admin-0] Node -1 disconnected.
2026-05-17 20:33:05.617 [kafka-admin-client-thread | iam-service-admin-0] INFO  o.apache.kafka.clients.NetworkClient
                [service=iam_service]
                [correlationId=]
                [userId=]
                [keyId=]
                [challengeId=]
                - [AdminClient clientId=iam-service-admin-0] Node -1 disconnected.
2026-05-17 20:33:06.622 [kafka-admin-client-thread | iam-service-admin-0] INFO  o.apache.kafka.clients.NetworkClient
                [service=iam_service]
                [correlationId=]
                [userId=]
                [keyId=]
                [challengeId=]
                - [AdminClient clientId=iam-service-admin-0] Node -1 disconnected.
2026-05-17 20:33:07.627 [kafka-admin-client-thread | iam-service-admin-0] INFO  o.apache.kafka.clients.NetworkClient
                [service=iam_service]
                [correlationId=]
                [userId=]
                [keyId=]
                [challengeId=]
                - [AdminClient clientId=iam-service-admin-0] Node -1 disconnected.
2026-05-17 20:33:08.728 [kafka-admin-client-thread | iam-service-admin-0] INFO  o.apache.kafka.clients.NetworkClient
                [service=iam_service]
                [correlationId=]
                [userId=]
                [keyId=]
                [challengeId=]
                - [AdminClient clientId=iam-service-admin-0] Node -1 disconnected.
2026-05-17 20:33:09.703 [kafka-admin-client-thread | iam-service-admin-0] INFO  o.apache.kafka.clients.NetworkClient
                [service=iam_service]
                [correlationId=]
                [userId=]
                [keyId=]
                [challengeId=]
                - [AdminClient clientId=iam-service-admin-0] Node -1 disconnected.
2026-05-17 20:33:10.813 [kafka-admin-client-thread | iam-service-admin-0] INFO  o.apache.kafka.clients.NetworkClient
                [service=iam_service]
                [correlationId=]
                [userId=]
                [keyId=]
                [challengeId=]
                - [AdminClient clientId=iam-service-admin-0] Node -1 disconnected.
2026-05-17 20:33:11.902 [kafka-admin-client-thread | iam-service-admin-0] INFO  o.apache.kafka.clients.NetworkClient
                [service=iam_service]
                [correlationId=]
                [userId=]
                [keyId=]
                [challengeId=]
                - [AdminClient clientId=iam-service-admin-0] Node -1 disconnected.
2026-05-17 20:33:12.997 [kafka-admin-client-thread | iam-service-admin-0] INFO  o.apache.kafka.clients.NetworkClient
                [service=iam_service]
                [correlationId=]
                [userId=]
                [keyId=]
                [challengeId=]
                - [AdminClient clientId=iam-service-admin-0] Node -1 disconnected.
2026-05-17 20:33:13.990 [kafka-admin-client-thread | iam-service-admin-0] INFO  o.apache.kafka.clients.NetworkClient
                [service=iam_service]
                [correlationId=]
                [userId=]
                [keyId=]
                [challengeId=]
                - [AdminClient clientId=iam-service-admin-0] Node -1 disconnected.
2026-05-17 20:33:15.098 [kafka-admin-client-thread | iam-service-admin-0] INFO  o.apache.kafka.clients.NetworkClient
                [service=iam_service]
                [correlationId=]
                [userId=]
                [keyId=]
                [challengeId=]
                - [AdminClient clientId=iam-service-admin-0] Node -1 disconnected.
2026-05-17 20:33:16.206 [kafka-admin-client-thread | iam-service-admin-0] INFO  o.apache.kafka.clients.NetworkClient
                [service=iam_service]
                [correlationId=]
                [userId=]
                [keyId=]
                [challengeId=]
                - [AdminClient clientId=iam-service-admin-0] Node -1 disconnected.
2026-05-17 20:33:17.236 [kafka-admin-client-thread | iam-service-admin-0] INFO  o.apache.kafka.clients.NetworkClient
                [service=iam_service]
                [correlationId=]
                [userId=]
                [keyId=]
                [challengeId=]
                - [AdminClient clientId=iam-service-admin-0] Node -1 disconnected.
2026-05-17 20:33:18.233 [kafka-admin-client-thread | iam-service-admin-0] INFO  o.apache.kafka.clients.NetworkClient
                [service=iam_service]
                [correlationId=]
                [userId=]
                [keyId=]
                [challengeId=]
                - [AdminClient clientId=iam-service-admin-0] Node -1 disconnected.
2026-05-17 20:33:19.337 [kafka-admin-client-thread | iam-service-admin-0] INFO  o.apache.kafka.clients.NetworkClient
                [service=iam_service]
                [correlationId=]
                [userId=]
                [keyId=]
                [challengeId=]
                - [AdminClient clientId=iam-service-admin-0] Node -1 disconnected.
2026-05-17 20:33:20.340 [kafka-admin-client-thread | iam-service-admin-0] INFO  o.apache.kafka.clients.NetworkClient
                [service=iam_service]
                [correlationId=]
                [userId=]
                [keyId=]
                [challengeId=]
                - [AdminClient clientId=iam-service-admin-0] Node -1 disconnected.
2026-05-17 20:33:20.887 [kafka-admin-client-thread | iam-service-admin-0] INFO  o.a.k.c.a.i.AdminMetadataManager
                [service=iam_service]
                [correlationId=]
                [userId=]
                [keyId=]
                [challengeId=]
                - [AdminClient clientId=iam-service-admin-0] Metadata update failed
org.apache.kafka.common.errors.TimeoutException: Timed out waiting for a node assignment. Call: fetchMetadata
2026-05-17 20:33:21.234 [kafka-admin-client-thread | iam-service-admin-0] INFO  o.apache.kafka.clients.NetworkClient
                [service=iam_service]
                [correlationId=]
                [userId=]
                [keyId=]
                [challengeId=]
                - [AdminClient clientId=iam-service-admin-0] Node -1 disconnected.
2026-05-17 20:33:22.306 [kafka-admin-client-thread | iam-service-admin-0] INFO  o.apache.kafka.clients.NetworkClient
                [service=iam_service]
                [correlationId=]
                [userId=]
                [keyId=]
                [challengeId=]
                - [AdminClient clientId=iam-service-admin-0] Node -1 disconnected.
2026-05-17 20:33:23.414 [kafka-admin-client-thread | iam-service-admin-0] INFO  o.apache.kafka.clients.NetworkClient
                [service=iam_service]
                [correlationId=]
                [userId=]
                [keyId=]
                [challengeId=]
                - [AdminClient clientId=iam-service-admin-0] Node -1 disconnected.
2026-05-17 20:33:24.413 [kafka-admin-client-thread | iam-service-admin-0] INFO  o.apache.kafka.clients.NetworkClient
                [service=iam_service]
                [correlationId=]
                [userId=]
                [keyId=]
                [challengeId=]
                - [AdminClient clientId=iam-service-admin-0] Node -1 disconnected.
2026-05-17 20:33:25.416 [kafka-admin-client-thread | iam-service-admin-0] INFO  o.apache.kafka.clients.NetworkClient
                [service=iam_service]
                [correlationId=]
                [userId=]
                [keyId=]
                [challengeId=]
                - [AdminClient clientId=iam-service-admin-0] Node -1 disconnected.
2026-05-17 20:33:26.434 [kafka-admin-client-thread | iam-service-admin-0] INFO  o.apache.kafka.clients.NetworkClient
                [service=iam_service]
                [correlationId=]
                [userId=]
                [keyId=]
                [challengeId=]
                - [AdminClient clientId=iam-service-admin-0] Node -1 disconnected.
2026-05-17 20:33:27.539 [kafka-admin-client-thread | iam-service-admin-0] INFO  o.apache.kafka.clients.NetworkClient
                [service=iam_service]
                [correlationId=]
                [userId=]
                [keyId=]
                [challengeId=]
                - [AdminClient clientId=iam-service-admin-0] Node -1 disconnected.
2026-05-17 20:33:28.640 [kafka-admin-client-thread | iam-service-admin-0] INFO  o.apache.kafka.clients.NetworkClient
                [service=iam_service]
                [correlationId=]
                [userId=]
                [keyId=]
                [challengeId=]
                - [AdminClient clientId=iam-service-admin-0] Node -1 disconnected.
2026-05-17 20:33:29.534 [kafka-admin-client-thread | iam-service-admin-0] INFO  o.apache.kafka.clients.NetworkClient
                [service=iam_service]
                [correlationId=]
                [userId=]
                [keyId=]
                [challengeId=]
                - [AdminClient clientId=iam-service-admin-0] Node -1 disconnected.
2026-05-17 20:33:30.536 [kafka-admin-client-thread | iam-service-admin-0] INFO  o.apache.kafka.clients.NetworkClient
                [service=iam_service]
                [correlationId=]
                [userId=]
                [keyId=]
                [challengeId=]
                - [AdminClient clientId=iam-service-admin-0] Node -1 disconnected.
2026-05-17 20:33:30.901 [kafka-admin-client-thread | iam-service-admin-0] INFO  o.a.k.clients.admin.KafkaAdminClient
                [service=iam_service]
                [correlationId=]
                [userId=]
                [keyId=]
                [challengeId=]
                - [AdminClient clientId=iam-service-admin-0] Forcing a hard I/O thread shutdown. Requests in progress will be aborted.
2026-05-17 20:33:30.902 [kafka-admin-client-thread | iam-service-admin-0] INFO  o.a.kafka.common.utils.AppInfoParser
                [service=iam_service]
                [correlationId=]
                [userId=]
                [keyId=]
                [challengeId=]
                - App info kafka.admin.client for iam-service-admin-0 unregistered
2026-05-17 20:33:30.903 [kafka-admin-client-thread | iam-service-admin-0] INFO  o.a.k.c.a.i.AdminMetadataManager
                [service=iam_service]
                [correlationId=]
                [userId=]
                [keyId=]
                [challengeId=]
                - [AdminClient clientId=iam-service-admin-0] Metadata update failed
org.apache.kafka.common.errors.TimeoutException: The AdminClient thread has exited. Call: fetchMetadata
2026-05-17 20:33:30.903 [kafka-admin-client-thread | iam-service-admin-0] INFO  o.a.k.clients.admin.KafkaAdminClient
                [service=iam_service]
                [correlationId=]
                [userId=]
                [keyId=]
                [challengeId=]
                - [AdminClient clientId=iam-service-admin-0] Timed out 2 remaining operation(s) during close.
2026-05-17 20:33:30.910 [kafka-admin-client-thread | iam-service-admin-0] INFO  o.a.kafka.common.metrics.Metrics
                [service=iam_service]
                [correlationId=]
                [userId=]
                [keyId=]
                [challengeId=]
                - Metrics scheduler closed
2026-05-17 20:33:30.910 [kafka-admin-client-thread | iam-service-admin-0] INFO  o.a.kafka.common.metrics.Metrics
                [service=iam_service]
                [correlationId=]
                [userId=]
                [keyId=]
                [challengeId=]
                - Closing reporter org.apache.kafka.common.metrics.JmxReporter
2026-05-17 20:33:30.911 [kafka-admin-client-thread | iam-service-admin-0] INFO  o.a.kafka.common.metrics.Metrics
                [service=iam_service]
                [correlationId=]
                [userId=]
                [keyId=]
                [challengeId=]
                - Metrics reporters closed
2026-05-17 20:33:30.914 [main] INFO  o.a.coyote.http11.Http11NioProtocol
                [service=iam_service]
                [correlationId=]
                [userId=]
                [keyId=]
                [challengeId=]
                - Starting ProtocolHandler ["http-nio-8081"]
2026-05-17 20:33:30.930 [main] INFO  o.s.b.w.e.tomcat.TomcatWebServer
                [service=iam_service]
                [correlationId=]
                [userId=]
                [keyId=]
                [challengeId=]
                - Tomcat started on port 8081 (http) with context path '/'
2026-05-17 20:33:30.951 [main] INFO  c.c.iam.IamServiceApplication
                [service=iam_service]
                [correlationId=]
                [userId=]
                [keyId=]
                [challengeId=]
                - Started IamServiceApplication in 60.492 seconds (process running for 63.313)
2026-05-17 20:36:06.811 [SpringApplicationShutdownHook] INFO  o.s.o.j.LocalContainerEntityManagerFactoryBean
                [service=iam_service]
                [correlationId=]
                [userId=]
                [keyId=]
                [challengeId=]
                - Closing JPA EntityManagerFactory for persistence unit 'default'
2026-05-17 20:36:07.265 [SpringApplicationShutdownHook] INFO  com.zaxxer.hikari.HikariDataSource
                [service=iam_service]
                [correlationId=]
                [userId=]
                [keyId=]
                [challengeId=]
                - HikariPool-1 - Shutdown initiated...
2026-05-17 20:36:07.282 [SpringApplicationShutdownHook] INFO  com.zaxxer.hikari.HikariDataSource
                [service=iam_service]
                [correlationId=]
                [userId=]
                [keyId=]
                [challengeId=]
                - HikariPool-1 - Shutdown completed.
2026-05-17 20:37:40.298 [background-preinit] INFO  o.h.validator.internal.util.Version
                [service=iam_service]
                [correlationId=]
                [userId=]
                [keyId=]
                [challengeId=]
                - HV000001: Hibernate Validator 8.0.1.Final
2026-05-17 20:37:40.394 [main] INFO  c.c.iam.IamServiceApplication
                [service=iam_service]
                [correlationId=]
                [userId=]
                [keyId=]
                [challengeId=]
                - Starting IamServiceApplication using Java 17.0.19 with PID 8188 (D:\project5th\cyphervault\services\iam\target\classes started by Ismael in D:\project5th\cyphervault)
2026-05-17 20:37:40.396 [main] INFO  c.c.iam.IamServiceApplication
                [service=iam_service]
                [correlationId=]
                [userId=]
                [keyId=]
                [challengeId=]
                - No active profile set, falling back to 1 default profile: "default"
2026-05-17 20:37:42.874 [main] INFO  o.s.d.r.c.RepositoryConfigurationDelegate
                [service=iam_service]
                [correlationId=]
                [userId=]
                [keyId=]
                [challengeId=]
                - Bootstrapping Spring Data JPA repositories in DEFAULT mode.
2026-05-17 20:37:43.033 [main] INFO  o.s.d.r.c.RepositoryConfigurationDelegate
                [service=iam_service]
                [correlationId=]
                [userId=]
                [keyId=]
                [challengeId=]
                - Finished Spring Data repository scanning in 130 ms. Found 3 JPA repository interfaces.
2026-05-17 20:37:45.762 [main] INFO  o.s.b.w.e.tomcat.TomcatWebServer
                [service=iam_service]
                [correlationId=]
                [userId=]
                [keyId=]
                [challengeId=]
                - Tomcat initialized with port 8081 (http)
2026-05-17 20:37:45.783 [main] INFO  o.a.coyote.http11.Http11NioProtocol
                [service=iam_service]
                [correlationId=]
                [userId=]
                [keyId=]
                [challengeId=]
                - Initializing ProtocolHandler ["http-nio-8081"]
2026-05-17 20:37:45.789 [main] INFO  o.a.catalina.core.StandardService
                [service=iam_service]
                [correlationId=]
                [userId=]
                [keyId=]
                [challengeId=]
                - Starting service [Tomcat]
2026-05-17 20:37:45.790 [main] INFO  o.a.catalina.core.StandardEngine
                [service=iam_service]
                [correlationId=]
                [userId=]
                [keyId=]
                [challengeId=]
                - Starting Servlet engine: [Apache Tomcat/10.1.31]
2026-05-17 20:37:45.976 [main] INFO  o.a.c.c.C.[Tomcat].[localhost].[/]
                [service=iam_service]
                [correlationId=]
                [userId=]
                [keyId=]
                [challengeId=]
                - Initializing Spring embedded WebApplicationContext
2026-05-17 20:37:45.980 [main] INFO  o.s.b.w.s.c.ServletWebServerApplicationContext
                [service=iam_service]
                [correlationId=]
                [userId=]
                [keyId=]
                [challengeId=]
                - Root WebApplicationContext: initialization completed in 5485 ms
2026-05-17 20:37:47.094 [main] INFO  com.zaxxer.hikari.HikariDataSource
                [service=iam_service]
                [correlationId=]
                [userId=]
                [keyId=]
                [challengeId=]
                - HikariPool-1 - Starting...
2026-05-17 20:37:47.824 [main] INFO  com.zaxxer.hikari.pool.HikariPool
                [service=iam_service]
                [correlationId=]
                [userId=]
                [keyId=]
                [challengeId=]
                - HikariPool-1 - Added connection org.postgresql.jdbc.PgConnection@4070ace9
2026-05-17 20:37:47.828 [main] INFO  com.zaxxer.hikari.HikariDataSource
                [service=iam_service]
                [correlationId=]
                [userId=]
                [keyId=]
                [challengeId=]
                - HikariPool-1 - Start completed.
2026-05-17 20:37:47.901 [main] INFO  org.flywaydb.core.FlywayExecutor
                [service=iam_service]
                [correlationId=]
                [userId=]
                [keyId=]
                [challengeId=]
                - Database: jdbc:postgresql://localhost:5432/iam_db (PostgreSQL 17.10)
2026-05-17 20:37:48.025 [main] INFO  o.f.core.internal.command.DbValidate
                [service=iam_service]
                [correlationId=]
                [userId=]
                [keyId=]
                [challengeId=]
                - Successfully validated 3 migrations (execution time 00:00.082s)
2026-05-17 20:37:48.305 [main] INFO  o.f.core.internal.command.DbMigrate
                [service=iam_service]
                [correlationId=]
                [userId=]
                [keyId=]
                [challengeId=]
                - Current version of schema "public": 3
2026-05-17 20:37:48.310 [main] INFO  o.f.core.internal.command.DbMigrate
                [service=iam_service]
                [correlationId=]
                [userId=]
                [keyId=]
                [challengeId=]
                - Schema "public" is up to date. No migration necessary.
2026-05-17 20:37:48.564 [main] INFO  o.h.jpa.internal.util.LogHelper
                [service=iam_service]
                [correlationId=]
                [userId=]
                [keyId=]
                [challengeId=]
                - HHH000204: Processing PersistenceUnitInfo [name: default]
2026-05-17 20:37:48.720 [main] INFO  org.hibernate.Version
                [service=iam_service]
                [correlationId=]
                [userId=]
                [keyId=]
                [challengeId=]
                - HHH000412: Hibernate ORM core version 6.5.3.Final
2026-05-17 20:37:48.857 [main] INFO  o.h.c.i.RegionFactoryInitiator
                [service=iam_service]
                [correlationId=]
                [userId=]
                [keyId=]
                [challengeId=]
                - HHH000026: Second-level cache disabled
2026-05-17 20:37:49.770 [main] INFO  o.s.o.j.p.SpringPersistenceUnitInfo
                [service=iam_service]
                [correlationId=]
                [userId=]
                [keyId=]
                [challengeId=]
                - No LoadTimeWeaver setup: ignoring JPA class transformer
2026-05-17 20:37:52.336 [main] INFO  o.h.e.t.j.p.i.JtaPlatformInitiator
                [service=iam_service]
                [correlationId=]
                [userId=]
                [keyId=]
                [challengeId=]
                - HHH000489: No JTA platform available (set 'hibernate.transaction.jta.platform' to enable JTA platform integration)
2026-05-17 20:37:52.453 [main] INFO  o.s.o.j.LocalContainerEntityManagerFactoryBean
                [service=iam_service]
                [correlationId=]
                [userId=]
                [keyId=]
                [challengeId=]
                - Initialized JPA EntityManagerFactory for persistence unit 'default'
2026-05-17 20:37:57.982 [main] INFO  o.s.b.a.e.web.EndpointLinksResolver
                [service=iam_service]
                [correlationId=]
                [userId=]
                [keyId=]
                [challengeId=]
                - Exposing 2 endpoints beneath base path '/actuator'
2026-05-17 20:37:58.457 [main] INFO  o.a.k.c.admin.AdminClientConfig
                [service=iam_service]
                [correlationId=]
                [userId=]
                [keyId=]
                [challengeId=]
                - AdminClientConfig values: 
	auto.include.jmx.reporter = true
	bootstrap.controllers = []
	bootstrap.servers = [localhost:9092]
	client.dns.lookup = use_all_dns_ips
	client.id = iam-service-admin-0
	connections.max.idle.ms = 300000
	default.api.timeout.ms = 60000
	enable.metrics.push = true
	metadata.max.age.ms = 300000
	metric.reporters = []
	metrics.num.samples = 2
	metrics.recording.level = INFO
	metrics.sample.window.ms = 30000
	receive.buffer.bytes = 65536
	reconnect.backoff.max.ms = 1000
	reconnect.backoff.ms = 50
	request.timeout.ms = 30000
	retries = 2147483647
	retry.backoff.max.ms = 1000
	retry.backoff.ms = 100
	sasl.client.callback.handler.class = null
	sasl.jaas.config = null
	sasl.kerberos.kinit.cmd = /usr/bin/kinit
	sasl.kerberos.min.time.before.relogin = 60000
	sasl.kerberos.service.name = null
	sasl.kerberos.ticket.renew.jitter = 0.05
	sasl.kerberos.ticket.renew.window.factor = 0.8
	sasl.login.callback.handler.class = null
	sasl.login.class = null
	sasl.login.connect.timeout.ms = null
	sasl.login.read.timeout.ms = null
	sasl.login.refresh.buffer.seconds = 300
	sasl.login.refresh.min.period.seconds = 60
	sasl.login.refresh.window.factor = 0.8
	sasl.login.refresh.window.jitter = 0.05
	sasl.login.retry.backoff.max.ms = 10000
	sasl.login.retry.backoff.ms = 100
	sasl.mechanism = GSSAPI
	sasl.oauthbearer.clock.skew.seconds = 30
	sasl.oauthbearer.expected.audience = null
	sasl.oauthbearer.expected.issuer = null
	sasl.oauthbearer.jwks.endpoint.refresh.ms = 3600000
	sasl.oauthbearer.jwks.endpoint.retry.backoff.max.ms = 10000
	sasl.oauthbearer.jwks.endpoint.retry.backoff.ms = 100
	sasl.oauthbearer.jwks.endpoint.url = null
	sasl.oauthbearer.scope.claim.name = scope
	sasl.oauthbearer.sub.claim.name = sub
	sasl.oauthbearer.token.endpoint.url = null
	security.protocol = PLAINTEXT
	security.providers = null
	send.buffer.bytes = 131072
	socket.connection.setup.timeout.max.ms = 30000
	socket.connection.setup.timeout.ms = 10000
	ssl.cipher.suites = null
	ssl.enabled.protocols = [TLSv1.2, TLSv1.3]
	ssl.endpoint.identification.algorithm = https
	ssl.engine.factory.class = null
	ssl.key.password = null
	ssl.keymanager.algorithm = SunX509
	ssl.keystore.certificate.chain = null
	ssl.keystore.key = null
	ssl.keystore.location = null
	ssl.keystore.password = null
	ssl.keystore.type = JKS
	ssl.protocol = TLSv1.3
	ssl.provider = null
	ssl.secure.random.implementation = null
	ssl.trustmanager.algorithm = PKIX
	ssl.truststore.certificates = null
	ssl.truststore.location = null
	ssl.truststore.password = null
	ssl.truststore.type = JKS

2026-05-17 20:37:59.141 [main] INFO  o.a.kafka.common.utils.AppInfoParser
                [service=iam_service]
                [correlationId=]
                [userId=]
                [keyId=]
                [challengeId=]
                - Kafka version: 3.7.1
2026-05-17 20:37:59.141 [main] INFO  o.a.kafka.common.utils.AppInfoParser
                [service=iam_service]
                [correlationId=]
                [userId=]
                [keyId=]
                [challengeId=]
                - Kafka commitId: e2494e6ffb89f828
2026-05-17 20:37:59.142 [main] INFO  o.a.kafka.common.utils.AppInfoParser
                [service=iam_service]
                [correlationId=]
                [userId=]
                [keyId=]
                [challengeId=]
                - Kafka startTimeMs: 1779039479138
2026-05-17 20:38:00.576 [kafka-admin-client-thread | iam-service-admin-0] INFO  o.a.kafka.common.utils.AppInfoParser
                [service=iam_service]
                [correlationId=]
                [userId=]
                [keyId=]
                [challengeId=]
                - App info kafka.admin.client for iam-service-admin-0 unregistered
2026-05-17 20:38:00.594 [kafka-admin-client-thread | iam-service-admin-0] INFO  o.a.kafka.common.metrics.Metrics
                [service=iam_service]
                [correlationId=]
                [userId=]
                [keyId=]
                [challengeId=]
                - Metrics scheduler closed
2026-05-17 20:38:00.595 [kafka-admin-client-thread | iam-service-admin-0] INFO  o.a.kafka.common.metrics.Metrics
                [service=iam_service]
                [correlationId=]
                [userId=]
                [keyId=]
                [challengeId=]
                - Closing reporter org.apache.kafka.common.metrics.JmxReporter
2026-05-17 20:38:00.596 [kafka-admin-client-thread | iam-service-admin-0] INFO  o.a.kafka.common.metrics.Metrics
                [service=iam_service]
                [correlationId=]
                [userId=]
                [keyId=]
                [challengeId=]
                - Metrics reporters closed
2026-05-17 20:38:00.609 [main] INFO  o.a.coyote.http11.Http11NioProtocol
                [service=iam_service]
                [correlationId=]
                [userId=]
                [keyId=]
                [challengeId=]
                - Starting ProtocolHandler ["http-nio-8081"]
2026-05-17 20:38:00.654 [main] INFO  o.s.b.w.e.tomcat.TomcatWebServer
                [service=iam_service]
                [correlationId=]
                [userId=]
                [keyId=]
                [challengeId=]
                - Tomcat started on port 8081 (http) with context path '/'
2026-05-17 20:38:00.716 [main] INFO  c.c.iam.IamServiceApplication
                [service=iam_service]
                [correlationId=]
                [userId=]
                [keyId=]
                [challengeId=]
                - Started IamServiceApplication in 21.075 seconds (process running for 21.653)
2026-05-17 20:41:45.405 [SpringApplicationShutdownHook] INFO  o.s.o.j.LocalContainerEntityManagerFactoryBean
                [service=iam_service]
                [correlationId=]
                [userId=]
                [keyId=]
                [challengeId=]
                - Closing JPA EntityManagerFactory for persistence unit 'default'
2026-05-17 20:41:45.409 [SpringApplicationShutdownHook] INFO  com.zaxxer.hikari.HikariDataSource
                [service=iam_service]
                [correlationId=]
                [userId=]
                [keyId=]
                [challengeId=]
                - HikariPool-1 - Shutdown initiated...
2026-05-17 20:41:45.419 [SpringApplicationShutdownHook] INFO  com.zaxxer.hikari.HikariDataSource
                [service=iam_service]
                [correlationId=]
                [userId=]
                [keyId=]
                [challengeId=]
                - HikariPool-1 - Shutdown completed.
2026-05-17 21:21:26.677 [background-preinit] INFO  o.h.validator.internal.util.Version
                [service=iam_service]
                [correlationId=]
                [userId=]
                [keyId=]
                [challengeId=]
                - HV000001: Hibernate Validator 8.0.1.Final
2026-05-17 21:21:26.763 [main] INFO  c.c.iam.IamServiceApplication
                [service=iam_service]
                [correlationId=]
                [userId=]
                [keyId=]
                [challengeId=]
                - Starting IamServiceApplication using Java 17.0.19 with PID 9584 (D:\project5th\cyphervault\services\iam\target\classes started by Ismael in D:\project5th\cyphervault)
2026-05-17 21:21:26.765 [main] INFO  c.c.iam.IamServiceApplication
                [service=iam_service]
                [correlationId=]
                [userId=]
                [keyId=]
                [challengeId=]
                - No active profile set, falling back to 1 default profile: "default"
2026-05-17 21:21:29.574 [main] INFO  o.s.b.a.l.ConditionEvaluationReportLogger
                [service=iam_service]
                [correlationId=]
                [userId=]
                [keyId=]
                [challengeId=]
                - 

Error starting ApplicationContext. To display the condition evaluation report re-run your application with 'debug' enabled.
2026-05-17 21:23:41.960 [background-preinit] INFO  o.h.validator.internal.util.Version
                [service=iam_service]
                [correlationId=]
                [userId=]
                [keyId=]
                [challengeId=]
                - HV000001: Hibernate Validator 8.0.1.Final
2026-05-17 21:23:42.066 [main] INFO  c.c.iam.IamServiceApplication
                [service=iam_service]
                [correlationId=]
                [userId=]
                [keyId=]
                [challengeId=]
                - Starting IamServiceApplication using Java 17.0.19 with PID 17520 (D:\project5th\cyphervault\services\iam\target\classes started by Ismael in D:\project5th\cyphervault)
2026-05-17 21:23:42.070 [main] INFO  c.c.iam.IamServiceApplication
                [service=iam_service]
                [correlationId=]
                [userId=]
                [keyId=]
                [challengeId=]
                - No active profile set, falling back to 1 default profile: "default"
2026-05-17 21:23:45.175 [main] INFO  o.s.d.r.c.RepositoryConfigurationDelegate
                [service=iam_service]
                [correlationId=]
                [userId=]
                [keyId=]
                [challengeId=]
                - Bootstrapping Spring Data JPA repositories in DEFAULT mode.
2026-05-17 21:23:45.424 [main] INFO  o.s.d.r.c.RepositoryConfigurationDelegate
                [service=iam_service]
                [correlationId=]
                [userId=]
                [keyId=]
                [challengeId=]
                - Finished Spring Data repository scanning in 232 ms. Found 3 JPA repository interfaces.
2026-05-17 21:23:47.321 [main] INFO  o.s.b.w.e.tomcat.TomcatWebServer
                [service=iam_service]
                [correlationId=]
                [userId=]
                [keyId=]
                [challengeId=]
                - Tomcat initialized with port 8081 (http)
2026-05-17 21:23:47.344 [main] INFO  o.a.coyote.http11.Http11NioProtocol
                [service=iam_service]
                [correlationId=]
                [userId=]
                [keyId=]
                [challengeId=]
                - Initializing ProtocolHandler ["http-nio-8081"]
2026-05-17 21:23:47.351 [main] INFO  o.a.catalina.core.StandardService
                [service=iam_service]
                [correlationId=]
                [userId=]
                [keyId=]
                [challengeId=]
                - Starting service [Tomcat]
2026-05-17 21:23:47.352 [main] INFO  o.a.catalina.core.StandardEngine
                [service=iam_service]
                [correlationId=]
                [userId=]
                [keyId=]
                [challengeId=]
                - Starting Servlet engine: [Apache Tomcat/10.1.31]
2026-05-17 21:23:47.530 [main] INFO  o.a.c.c.C.[Tomcat].[localhost].[/]
                [service=iam_service]
                [correlationId=]
                [userId=]
                [keyId=]
                [challengeId=]
                - Initializing Spring embedded WebApplicationContext
2026-05-17 21:23:47.532 [main] INFO  o.s.b.w.s.c.ServletWebServerApplicationContext
                [service=iam_service]
                [correlationId=]
                [userId=]
                [keyId=]
                [challengeId=]
                - Root WebApplicationContext: initialization completed in 5352 ms
2026-05-17 21:23:48.725 [main] INFO  com.zaxxer.hikari.HikariDataSource
                [service=iam_service]
                [correlationId=]
                [userId=]
                [keyId=]
                [challengeId=]
                - HikariPool-1 - Starting...
2026-05-17 21:23:49.225 [main] INFO  com.zaxxer.hikari.pool.HikariPool
                [service=iam_service]
                [correlationId=]
                [userId=]
                [keyId=]
                [challengeId=]
                - HikariPool-1 - Added connection org.postgresql.jdbc.PgConnection@6f68756d
2026-05-17 21:23:49.229 [main] INFO  com.zaxxer.hikari.HikariDataSource
                [service=iam_service]
                [correlationId=]
                [userId=]
                [keyId=]
                [challengeId=]
                - HikariPool-1 - Start completed.
2026-05-17 21:23:49.314 [main] INFO  org.flywaydb.core.FlywayExecutor
                [service=iam_service]
                [correlationId=]
                [userId=]
                [keyId=]
                [challengeId=]
                - Database: jdbc:postgresql://localhost:5432/iam_db (PostgreSQL 17.10)
2026-05-17 21:23:49.451 [main] INFO  o.f.core.internal.command.DbValidate
                [service=iam_service]
                [correlationId=]
                [userId=]
                [keyId=]
                [challengeId=]
                - Successfully validated 3 migrations (execution time 00:00.091s)
2026-05-17 21:23:49.482 [main] INFO  o.f.core.internal.command.DbMigrate
                [service=iam_service]
                [correlationId=]
                [userId=]
                [keyId=]
                [challengeId=]
                - Current version of schema "public": 3
2026-05-17 21:23:49.493 [main] INFO  o.f.core.internal.command.DbMigrate
                [service=iam_service]
                [correlationId=]
                [userId=]
                [keyId=]
                [challengeId=]
                - Schema "public" is up to date. No migration necessary.
2026-05-17 21:23:49.791 [main] INFO  o.h.jpa.internal.util.LogHelper
                [service=iam_service]
                [correlationId=]
                [userId=]
                [keyId=]
                [challengeId=]
                - HHH000204: Processing PersistenceUnitInfo [name: default]
2026-05-17 21:23:49.980 [main] INFO  org.hibernate.Version
                [service=iam_service]
                [correlationId=]
                [userId=]
                [keyId=]
                [challengeId=]
                - HHH000412: Hibernate ORM core version 6.5.3.Final
2026-05-17 21:23:50.144 [main] INFO  o.h.c.i.RegionFactoryInitiator
                [service=iam_service]
                [correlationId=]
                [userId=]
                [keyId=]
                [challengeId=]
                - HHH000026: Second-level cache disabled
2026-05-17 21:23:50.984 [main] INFO  o.s.o.j.p.SpringPersistenceUnitInfo
                [service=iam_service]
                [correlationId=]
                [userId=]
                [keyId=]
                [challengeId=]
                - No LoadTimeWeaver setup: ignoring JPA class transformer
2026-05-17 21:23:52.970 [main] INFO  o.h.e.t.j.p.i.JtaPlatformInitiator
                [service=iam_service]
                [correlationId=]
                [userId=]
                [keyId=]
                [challengeId=]
                - HHH000489: No JTA platform available (set 'hibernate.transaction.jta.platform' to enable JTA platform integration)
2026-05-17 21:23:53.030 [main] INFO  o.s.o.j.LocalContainerEntityManagerFactoryBean
                [service=iam_service]
                [correlationId=]
                [userId=]
                [keyId=]
                [challengeId=]
                - Initialized JPA EntityManagerFactory for persistence unit 'default'
2026-05-17 21:23:56.498 [main] INFO  o.s.b.a.e.web.EndpointLinksResolver
                [service=iam_service]
                [correlationId=]
                [userId=]
                [keyId=]
                [challengeId=]
                - Exposing 2 endpoints beneath base path '/actuator'
2026-05-17 21:23:56.799 [main] INFO  o.a.k.c.admin.AdminClientConfig
                [service=iam_service]
                [correlationId=]
                [userId=]
                [keyId=]
                [challengeId=]
                - AdminClientConfig values: 
	auto.include.jmx.reporter = true
	bootstrap.controllers = []
	bootstrap.servers = [localhost:9092]
	client.dns.lookup = use_all_dns_ips
	client.id = iam-service-admin-0
	connections.max.idle.ms = 300000
	default.api.timeout.ms = 60000
	enable.metrics.push = true
	metadata.max.age.ms = 300000
	metric.reporters = []
	metrics.num.samples = 2
	metrics.recording.level = INFO
	metrics.sample.window.ms = 30000
	receive.buffer.bytes = 65536
	reconnect.backoff.max.ms = 1000
	reconnect.backoff.ms = 50
	request.timeout.ms = 30000
	retries = 2147483647
	retry.backoff.max.ms = 1000
	retry.backoff.ms = 100
	sasl.client.callback.handler.class = null
	sasl.jaas.config = null
	sasl.kerberos.kinit.cmd = /usr/bin/kinit
	sasl.kerberos.min.time.before.relogin = 60000
	sasl.kerberos.service.name = null
	sasl.kerberos.ticket.renew.jitter = 0.05
	sasl.kerberos.ticket.renew.window.factor = 0.8
	sasl.login.callback.handler.class = null
	sasl.login.class = null
	sasl.login.connect.timeout.ms = null
	sasl.login.read.timeout.ms = null
	sasl.login.refresh.buffer.seconds = 300
	sasl.login.refresh.min.period.seconds = 60
	sasl.login.refresh.window.factor = 0.8
	sasl.login.refresh.window.jitter = 0.05
	sasl.login.retry.backoff.max.ms = 10000
	sasl.login.retry.backoff.ms = 100
	sasl.mechanism = GSSAPI
	sasl.oauthbearer.clock.skew.seconds = 30
	sasl.oauthbearer.expected.audience = null
	sasl.oauthbearer.expected.issuer = null
	sasl.oauthbearer.jwks.endpoint.refresh.ms = 3600000
	sasl.oauthbearer.jwks.endpoint.retry.backoff.max.ms = 10000
	sasl.oauthbearer.jwks.endpoint.retry.backoff.ms = 100
	sasl.oauthbearer.jwks.endpoint.url = null
	sasl.oauthbearer.scope.claim.name = scope
	sasl.oauthbearer.sub.claim.name = sub
	sasl.oauthbearer.token.endpoint.url = null
	security.protocol = PLAINTEXT
	security.providers = null
	send.buffer.bytes = 131072
	socket.connection.setup.timeout.max.ms = 30000
	socket.connection.setup.timeout.ms = 10000
	ssl.cipher.suites = null
	ssl.enabled.protocols = [TLSv1.2, TLSv1.3]
	ssl.endpoint.identification.algorithm = https
	ssl.engine.factory.class = null
	ssl.key.password = null
	ssl.keymanager.algorithm = SunX509
	ssl.keystore.certificate.chain = null
	ssl.keystore.key = null
	ssl.keystore.location = null
	ssl.keystore.password = null
	ssl.keystore.type = JKS
	ssl.protocol = TLSv1.3
	ssl.provider = null
	ssl.secure.random.implementation = null
	ssl.trustmanager.algorithm = PKIX
	ssl.truststore.certificates = null
	ssl.truststore.location = null
	ssl.truststore.password = null
	ssl.truststore.type = JKS

2026-05-17 21:23:57.239 [main] INFO  o.a.kafka.common.utils.AppInfoParser
                [service=iam_service]
                [correlationId=]
                [userId=]
                [keyId=]
                [challengeId=]
                - Kafka version: 3.7.1
2026-05-17 21:23:57.240 [main] INFO  o.a.kafka.common.utils.AppInfoParser
                [service=iam_service]
                [correlationId=]
                [userId=]
                [keyId=]
                [challengeId=]
                - Kafka commitId: e2494e6ffb89f828
2026-05-17 21:23:57.240 [main] INFO  o.a.kafka.common.utils.AppInfoParser
                [service=iam_service]
                [correlationId=]
                [userId=]
                [keyId=]
                [challengeId=]
                - Kafka startTimeMs: 1779042237237
2026-05-17 21:23:57.291 [kafka-admin-client-thread | iam-service-admin-0] INFO  o.apache.kafka.clients.NetworkClient
                [service=iam_service]
                [correlationId=]
                [userId=]
                [keyId=]
                [challengeId=]
                - [AdminClient clientId=iam-service-admin-0] Node -1 disconnected.
2026-05-17 21:23:57.414 [kafka-admin-client-thread | iam-service-admin-0] INFO  o.apache.kafka.clients.NetworkClient
                [service=iam_service]
                [correlationId=]
                [userId=]
                [keyId=]
                [challengeId=]
                - [AdminClient clientId=iam-service-admin-0] Node -1 disconnected.
2026-05-17 21:23:57.523 [kafka-admin-client-thread | iam-service-admin-0] INFO  o.apache.kafka.clients.NetworkClient
                [service=iam_service]
                [correlationId=]
                [userId=]
                [keyId=]
                [challengeId=]
                - [AdminClient clientId=iam-service-admin-0] Node -1 disconnected.
2026-05-17 21:23:57.850 [kafka-admin-client-thread | iam-service-admin-0] INFO  o.apache.kafka.clients.NetworkClient
                [service=iam_service]
                [correlationId=]
                [userId=]
                [keyId=]
                [challengeId=]
                - [AdminClient clientId=iam-service-admin-0] Node -1 disconnected.
2026-05-17 21:23:58.395 [kafka-admin-client-thread | iam-service-admin-0] INFO  o.apache.kafka.clients.NetworkClient
                [service=iam_service]
                [correlationId=]
                [userId=]
                [keyId=]
                [challengeId=]
                - [AdminClient clientId=iam-service-admin-0] Node -1 disconnected.
2026-05-17 21:23:59.375 [kafka-admin-client-thread | iam-service-admin-0] INFO  o.apache.kafka.clients.NetworkClient
                [service=iam_service]
                [correlationId=]
                [userId=]
                [keyId=]
                [challengeId=]
                - [AdminClient clientId=iam-service-admin-0] Node -1 disconnected.
2026-05-17 21:24:00.245 [kafka-admin-client-thread | iam-service-admin-0] INFO  o.apache.kafka.clients.NetworkClient
                [service=iam_service]
                [correlationId=]
                [userId=]
                [keyId=]
                [challengeId=]
                - [AdminClient clientId=iam-service-admin-0] Node -1 disconnected.
2026-05-17 21:24:01.226 [kafka-admin-client-thread | iam-service-admin-0] INFO  o.apache.kafka.clients.NetworkClient
                [service=iam_service]
                [correlationId=]
                [userId=]
                [keyId=]
                [challengeId=]
                - [AdminClient clientId=iam-service-admin-0] Node -1 disconnected.
2026-05-17 21:24:02.316 [kafka-admin-client-thread | iam-service-admin-0] INFO  o.apache.kafka.clients.NetworkClient
                [service=iam_service]
                [correlationId=]
                [userId=]
                [keyId=]
                [challengeId=]
                - [AdminClient clientId=iam-service-admin-0] Node -1 disconnected.
2026-05-17 21:24:03.296 [kafka-admin-client-thread | iam-service-admin-0] INFO  o.apache.kafka.clients.NetworkClient
                [service=iam_service]
                [correlationId=]
                [userId=]
                [keyId=]
                [challengeId=]
                - [AdminClient clientId=iam-service-admin-0] Node -1 disconnected.
2026-05-17 21:24:04.280 [kafka-admin-client-thread | iam-service-admin-0] INFO  o.apache.kafka.clients.NetworkClient
                [service=iam_service]
                [correlationId=]
                [userId=]
                [keyId=]
                [challengeId=]
                - [AdminClient clientId=iam-service-admin-0] Node -1 disconnected.
2026-05-17 21:24:05.366 [kafka-admin-client-thread | iam-service-admin-0] INFO  o.apache.kafka.clients.NetworkClient
                [service=iam_service]
                [correlationId=]
                [userId=]
                [keyId=]
                [challengeId=]
                - [AdminClient clientId=iam-service-admin-0] Node -1 disconnected.
2026-05-17 21:24:06.242 [kafka-admin-client-thread | iam-service-admin-0] INFO  o.apache.kafka.clients.NetworkClient
                [service=iam_service]
                [correlationId=]
                [userId=]
                [keyId=]
                [challengeId=]
                - [AdminClient clientId=iam-service-admin-0] Node -1 disconnected.
2026-05-17 21:24:07.225 [kafka-admin-client-thread | iam-service-admin-0] INFO  o.apache.kafka.clients.NetworkClient
                [service=iam_service]
                [correlationId=]
                [userId=]
                [keyId=]
                [challengeId=]
                - [AdminClient clientId=iam-service-admin-0] Node -1 disconnected.
2026-05-17 21:24:08.111 [kafka-admin-client-thread | iam-service-admin-0] INFO  o.apache.kafka.clients.NetworkClient
                [service=iam_service]
                [correlationId=]
                [userId=]
                [keyId=]
                [challengeId=]
                - [AdminClient clientId=iam-service-admin-0] Node -1 disconnected.
2026-05-17 21:24:09.101 [kafka-admin-client-thread | iam-service-admin-0] INFO  o.apache.kafka.clients.NetworkClient
                [service=iam_service]
                [correlationId=]
                [userId=]
                [keyId=]
                [challengeId=]
                - [AdminClient clientId=iam-service-admin-0] Node -1 disconnected.
2026-05-17 21:24:09.973 [kafka-admin-client-thread | iam-service-admin-0] INFO  o.apache.kafka.clients.NetworkClient
                [service=iam_service]
                [correlationId=]
                [userId=]
                [keyId=]
                [challengeId=]
                - [AdminClient clientId=iam-service-admin-0] Node -1 disconnected.
2026-05-17 21:24:11.065 [kafka-admin-client-thread | iam-service-admin-0] INFO  o.apache.kafka.clients.NetworkClient
                [service=iam_service]
                [correlationId=]
                [userId=]
                [keyId=]
                [challengeId=]
                - [AdminClient clientId=iam-service-admin-0] Node -1 disconnected.
2026-05-17 21:24:12.162 [kafka-admin-client-thread | iam-service-admin-0] INFO  o.apache.kafka.clients.NetworkClient
                [service=iam_service]
                [correlationId=]
                [userId=]
                [keyId=]
                [challengeId=]
                - [AdminClient clientId=iam-service-admin-0] Node -1 disconnected.
2026-05-17 21:24:13.039 [kafka-admin-client-thread | iam-service-admin-0] INFO  o.apache.kafka.clients.NetworkClient
                [service=iam_service]
                [correlationId=]
                [userId=]
                [keyId=]
                [challengeId=]
                - [AdminClient clientId=iam-service-admin-0] Node -1 disconnected.
2026-05-17 21:24:14.014 [kafka-admin-client-thread | iam-service-admin-0] INFO  o.apache.kafka.clients.NetworkClient
                [service=iam_service]
                [correlationId=]
                [userId=]
                [keyId=]
                [challengeId=]
                - [AdminClient clientId=iam-service-admin-0] Node -1 disconnected.
2026-05-17 21:24:15.105 [kafka-admin-client-thread | iam-service-admin-0] INFO  o.apache.kafka.clients.NetworkClient
                [service=iam_service]
                [correlationId=]
                [userId=]
                [keyId=]
                [challengeId=]
                - [AdminClient clientId=iam-service-admin-0] Node -1 disconnected.
2026-05-17 21:24:16.042 [kafka-admin-client-thread | iam-service-admin-0] INFO  o.apache.kafka.clients.NetworkClient
                [service=iam_service]
                [correlationId=]
                [userId=]
                [keyId=]
                [challengeId=]
                - [AdminClient clientId=iam-service-admin-0] Node -1 disconnected.
2026-05-17 21:24:17.058 [kafka-admin-client-thread | iam-service-admin-0] INFO  o.apache.kafka.clients.NetworkClient
                [service=iam_service]
                [correlationId=]
                [userId=]
                [keyId=]
                [challengeId=]
                - [AdminClient clientId=iam-service-admin-0] Node -1 disconnected.
2026-05-17 21:24:18.108 [kafka-admin-client-thread | iam-service-admin-0] INFO  o.apache.kafka.clients.NetworkClient
                [service=iam_service]
                [correlationId=]
                [userId=]
                [keyId=]
                [challengeId=]
                - [AdminClient clientId=iam-service-admin-0] Node -1 disconnected.
2026-05-17 21:24:18.985 [kafka-admin-client-thread | iam-service-admin-0] INFO  o.apache.kafka.clients.NetworkClient
                [service=iam_service]
                [correlationId=]
                [userId=]
                [keyId=]
                [challengeId=]
                - [AdminClient clientId=iam-service-admin-0] Node -1 disconnected.
2026-05-17 21:24:20.073 [kafka-admin-client-thread | iam-service-admin-0] INFO  o.apache.kafka.clients.NetworkClient
                [service=iam_service]
                [correlationId=]
                [userId=]
                [keyId=]
                [challengeId=]
                - [AdminClient clientId=iam-service-admin-0] Node -1 disconnected.
2026-05-17 21:24:21.165 [kafka-admin-client-thread | iam-service-admin-0] INFO  o.apache.kafka.clients.NetworkClient
                [service=iam_service]
                [correlationId=]
                [userId=]
                [keyId=]
                [challengeId=]
                - [AdminClient clientId=iam-service-admin-0] Node -1 disconnected.
2026-05-17 21:24:22.257 [kafka-admin-client-thread | iam-service-admin-0] INFO  o.apache.kafka.clients.NetworkClient
                [service=iam_service]
                [correlationId=]
                [userId=]
                [keyId=]
                [challengeId=]
                - [AdminClient clientId=iam-service-admin-0] Node -1 disconnected.
2026-05-17 21:24:23.233 [kafka-admin-client-thread | iam-service-admin-0] INFO  o.apache.kafka.clients.NetworkClient
                [service=iam_service]
                [correlationId=]
                [userId=]
                [keyId=]
                [challengeId=]
                - [AdminClient clientId=iam-service-admin-0] Node -1 disconnected.
2026-05-17 21:24:24.328 [kafka-admin-client-thread | iam-service-admin-0] INFO  o.apache.kafka.clients.NetworkClient
                [service=iam_service]
                [correlationId=]
                [userId=]
                [keyId=]
                [challengeId=]
                - [AdminClient clientId=iam-service-admin-0] Node -1 disconnected.
2026-05-17 21:24:25.430 [kafka-admin-client-thread | iam-service-admin-0] INFO  o.apache.kafka.clients.NetworkClient
                [service=iam_service]
                [correlationId=]
                [userId=]
                [keyId=]
                [challengeId=]
                - [AdminClient clientId=iam-service-admin-0] Node -1 disconnected.
2026-05-17 21:24:26.433 [kafka-admin-client-thread | iam-service-admin-0] INFO  o.apache.kafka.clients.NetworkClient
                [service=iam_service]
                [correlationId=]
                [userId=]
                [keyId=]
                [challengeId=]
                - [AdminClient clientId=iam-service-admin-0] Node -1 disconnected.
2026-05-17 21:24:27.251 [kafka-admin-client-thread | iam-service-admin-0] INFO  o.a.k.c.a.i.AdminMetadataManager
                [service=iam_service]
                [correlationId=]
                [userId=]
                [keyId=]
                [challengeId=]
                - [AdminClient clientId=iam-service-admin-0] Metadata update failed
org.apache.kafka.common.errors.TimeoutException: Timed out waiting for a node assignment. Call: fetchMetadata
2026-05-17 21:24:27.378 [kafka-admin-client-thread | iam-service-admin-0] INFO  o.apache.kafka.clients.NetworkClient
                [service=iam_service]
                [correlationId=]
                [userId=]
                [keyId=]
                [challengeId=]
                - [AdminClient clientId=iam-service-admin-0] Node -1 disconnected.
2026-05-17 21:24:28.486 [kafka-admin-client-thread | iam-service-admin-0] INFO  o.apache.kafka.clients.NetworkClient
                [service=iam_service]
                [correlationId=]
                [userId=]
                [keyId=]
                [challengeId=]
                - [AdminClient clientId=iam-service-admin-0] Node -1 disconnected.
2026-05-17 21:24:29.599 [kafka-admin-client-thread | iam-service-admin-0] INFO  o.apache.kafka.clients.NetworkClient
                [service=iam_service]
                [correlationId=]
                [userId=]
                [keyId=]
                [challengeId=]
                - [AdminClient clientId=iam-service-admin-0] Node -1 disconnected.
2026-05-17 21:24:30.691 [kafka-admin-client-thread | iam-service-admin-0] INFO  o.apache.kafka.clients.NetworkClient
                [service=iam_service]
                [correlationId=]
                [userId=]
                [keyId=]
                [challengeId=]
                - [AdminClient clientId=iam-service-admin-0] Node -1 disconnected.
2026-05-17 21:24:31.564 [kafka-admin-client-thread | iam-service-admin-0] INFO  o.apache.kafka.clients.NetworkClient
                [service=iam_service]
                [correlationId=]
                [userId=]
                [keyId=]
                [challengeId=]
                - [AdminClient clientId=iam-service-admin-0] Node -1 disconnected.
2026-05-17 21:24:32.437 [kafka-admin-client-thread | iam-service-admin-0] INFO  o.apache.kafka.clients.NetworkClient
                [service=iam_service]
                [correlationId=]
                [userId=]
                [keyId=]
                [challengeId=]
                - [AdminClient clientId=iam-service-admin-0] Node -1 disconnected.
2026-05-17 21:24:33.544 [kafka-admin-client-thread | iam-service-admin-0] INFO  o.apache.kafka.clients.NetworkClient
                [service=iam_service]
                [correlationId=]
                [userId=]
                [keyId=]
                [challengeId=]
                - [AdminClient clientId=iam-service-admin-0] Node -1 disconnected.
2026-05-17 21:24:34.645 [kafka-admin-client-thread | iam-service-admin-0] INFO  o.apache.kafka.clients.NetworkClient
                [service=iam_service]
                [correlationId=]
                [userId=]
                [keyId=]
                [challengeId=]
                - [AdminClient clientId=iam-service-admin-0] Node -1 disconnected.
2026-05-17 21:24:35.540 [kafka-admin-client-thread | iam-service-admin-0] INFO  o.apache.kafka.clients.NetworkClient
                [service=iam_service]
                [correlationId=]
                [userId=]
                [keyId=]
                [challengeId=]
                - [AdminClient clientId=iam-service-admin-0] Node -1 disconnected.
2026-05-17 21:24:36.419 [kafka-admin-client-thread | iam-service-admin-0] INFO  o.apache.kafka.clients.NetworkClient
                [service=iam_service]
                [correlationId=]
                [userId=]
                [keyId=]
                [challengeId=]
                - [AdminClient clientId=iam-service-admin-0] Node -1 disconnected.
2026-05-17 21:24:37.274 [kafka-admin-client-thread | iam-service-admin-0] INFO  o.a.k.clients.admin.KafkaAdminClient
                [service=iam_service]
                [correlationId=]
                [userId=]
                [keyId=]
                [challengeId=]
                - [AdminClient clientId=iam-service-admin-0] Forcing a hard I/O thread shutdown. Requests in progress will be aborted.
2026-05-17 21:24:37.276 [kafka-admin-client-thread | iam-service-admin-0] INFO  o.a.kafka.common.utils.AppInfoParser
                [service=iam_service]
                [correlationId=]
                [userId=]
                [keyId=]
                [challengeId=]
                - App info kafka.admin.client for iam-service-admin-0 unregistered
2026-05-17 21:24:37.278 [kafka-admin-client-thread | iam-service-admin-0] INFO  o.a.k.c.a.i.AdminMetadataManager
                [service=iam_service]
                [correlationId=]
                [userId=]
                [keyId=]
                [challengeId=]
                - [AdminClient clientId=iam-service-admin-0] Metadata update failed
org.apache.kafka.common.errors.TimeoutException: The AdminClient thread has exited. Call: fetchMetadata
2026-05-17 21:24:37.278 [kafka-admin-client-thread | iam-service-admin-0] INFO  o.a.k.clients.admin.KafkaAdminClient
                [service=iam_service]
                [correlationId=]
                [userId=]
                [keyId=]
                [challengeId=]
                - [AdminClient clientId=iam-service-admin-0] Timed out 2 remaining operation(s) during close.
2026-05-17 21:24:37.283 [kafka-admin-client-thread | iam-service-admin-0] INFO  o.a.kafka.common.metrics.Metrics
                [service=iam_service]
                [correlationId=]
                [userId=]
                [keyId=]
                [challengeId=]
                - Metrics scheduler closed
2026-05-17 21:24:37.284 [kafka-admin-client-thread | iam-service-admin-0] INFO  o.a.kafka.common.metrics.Metrics
                [service=iam_service]
                [correlationId=]
                [userId=]
                [keyId=]
                [challengeId=]
                - Closing reporter org.apache.kafka.common.metrics.JmxReporter
2026-05-17 21:24:37.284 [kafka-admin-client-thread | iam-service-admin-0] INFO  o.a.kafka.common.metrics.Metrics
                [service=iam_service]
                [correlationId=]
                [userId=]
                [keyId=]
                [challengeId=]
                - Metrics reporters closed
2026-05-17 21:24:37.286 [main] INFO  o.a.coyote.http11.Http11NioProtocol
                [service=iam_service]
                [correlationId=]
                [userId=]
                [keyId=]
                [challengeId=]
                - Starting ProtocolHandler ["http-nio-8081"]
2026-05-17 21:24:37.303 [main] INFO  o.s.b.w.e.tomcat.TomcatWebServer
                [service=iam_service]
                [correlationId=]
                [userId=]
                [keyId=]
                [challengeId=]
                - Tomcat started on port 8081 (http) with context path '/'
2026-05-17 21:24:37.329 [main] INFO  c.c.iam.IamServiceApplication
                [service=iam_service]
                [correlationId=]
                [userId=]
                [keyId=]
                [challengeId=]
                - Started IamServiceApplication in 56.388 seconds (process running for 57.188)
2026-05-17 21:25:23.162 [http-nio-8081-exec-3] INFO  o.a.c.c.C.[Tomcat].[localhost].[/]
                [service=iam_service]
                [correlationId=]
                [userId=]
                [keyId=]
                [challengeId=]
                - Initializing Spring DispatcherServlet 'dispatcherServlet'
2026-05-17 21:25:23.162 [http-nio-8081-exec-3] INFO  o.s.web.servlet.DispatcherServlet
                [service=iam_service]
                [correlationId=]
                [userId=]
                [keyId=]
                [challengeId=]
                - Initializing Servlet 'dispatcherServlet'
2026-05-17 21:25:23.167 [http-nio-8081-exec-3] INFO  o.s.web.servlet.DispatcherServlet
                [service=iam_service]
                [correlationId=]
                [userId=]
                [keyId=]
                [challengeId=]
                - Completed initialization in 3 ms
2026-05-17 21:25:23.212 [http-nio-8081-exec-3] INFO  c.c.i.c.filter.RequestLoggingFilter
                [service=iam_service]
                [correlationId=c739d87e-84a8-4617-b939-0dd7aa4e8266]
                [userId=]
                [keyId=]
                [challengeId=]
                - HTTP_REQUEST_STARTED method=GET path=/swagger-ui.html correlationId=c739d87e-84a8-4617-b939-0dd7aa4e8266
2026-05-17 21:25:23.433 [http-nio-8081-exec-3] INFO  c.c.i.c.filter.RequestLoggingFilter
                [service=iam_service]
                [correlationId=c739d87e-84a8-4617-b939-0dd7aa4e8266]
                [userId=]
                [keyId=]
                [challengeId=]
                - HTTP_REQUEST_COMPLETED method=GET path=/swagger-ui.html status=302 durationMs=222 correlationId=c739d87e-84a8-4617-b939-0dd7aa4e8266
2026-05-17 21:25:23.450 [http-nio-8081-exec-1] INFO  c.c.i.c.filter.RequestLoggingFilter
                [service=iam_service]
                [correlationId=dbe96f2f-af92-4ee3-bbbb-3eafbfc61094]
                [userId=]
                [keyId=]
                [challengeId=]
                - HTTP_REQUEST_STARTED method=GET path=/swagger-ui/index.html correlationId=dbe96f2f-af92-4ee3-bbbb-3eafbfc61094
2026-05-17 21:25:23.482 [http-nio-8081-exec-1] INFO  c.c.i.c.filter.RequestLoggingFilter
                [service=iam_service]
                [correlationId=dbe96f2f-af92-4ee3-bbbb-3eafbfc61094]
                [userId=]
                [keyId=]
                [challengeId=]
                - HTTP_REQUEST_COMPLETED method=GET path=/swagger-ui/index.html status=200 durationMs=32 correlationId=dbe96f2f-af92-4ee3-bbbb-3eafbfc61094
2026-05-17 21:25:23.522 [http-nio-8081-exec-2] INFO  c.c.i.c.filter.RequestLoggingFilter
                [service=iam_service]
                [correlationId=08ad7c39-2310-4b92-b3c3-d10918c52df2]
                [userId=]
                [keyId=]
                [challengeId=]
                - HTTP_REQUEST_STARTED method=GET path=/swagger-ui/swagger-ui.css correlationId=08ad7c39-2310-4b92-b3c3-d10918c52df2
2026-05-17 21:25:23.525 [http-nio-8081-exec-6] INFO  c.c.i.c.filter.RequestLoggingFilter
                [service=iam_service]
                [correlationId=eafea7bf-5816-48ae-9e09-9bf7a728262d]
                [userId=]
                [keyId=]
                [challengeId=]
                - HTTP_REQUEST_STARTED method=GET path=/swagger-ui/swagger-ui-bundle.js correlationId=eafea7bf-5816-48ae-9e09-9bf7a728262d
2026-05-17 21:25:23.532 [http-nio-8081-exec-4] INFO  c.c.i.c.filter.RequestLoggingFilter
                [service=iam_service]
                [correlationId=95e10dfd-ea8c-4b3a-a451-04dfac5c62c9]
                [userId=]
                [keyId=]
                [challengeId=]
                - HTTP_REQUEST_STARTED method=GET path=/swagger-ui/index.css correlationId=95e10dfd-ea8c-4b3a-a451-04dfac5c62c9
2026-05-17 21:25:23.540 [http-nio-8081-exec-5] INFO  c.c.i.c.filter.RequestLoggingFilter
                [service=iam_service]
                [correlationId=3a5d4788-c048-4518-af5d-b0fcf3c6ffc2]
                [userId=]
                [keyId=]
                [challengeId=]
                - HTTP_REQUEST_STARTED method=GET path=/swagger-ui/swagger-ui-standalone-preset.js correlationId=3a5d4788-c048-4518-af5d-b0fcf3c6ffc2
2026-05-17 21:25:23.545 [http-nio-8081-exec-2] INFO  c.c.i.c.filter.RequestLoggingFilter
                [service=iam_service]
                [correlationId=08ad7c39-2310-4b92-b3c3-d10918c52df2]
                [userId=]
                [keyId=]
                [challengeId=]
                - HTTP_REQUEST_COMPLETED method=GET path=/swagger-ui/swagger-ui.css status=200 durationMs=23 correlationId=08ad7c39-2310-4b92-b3c3-d10918c52df2
2026-05-17 21:25:23.549 [http-nio-8081-exec-2] INFO  c.c.i.c.filter.RequestLoggingFilter
                [service=iam_service]
                [correlationId=d7ddf81c-cbf5-4b9a-a2a8-bf63a8f23b12]
                [userId=]
                [keyId=]
                [challengeId=]
                - HTTP_REQUEST_STARTED method=GET path=/swagger-ui/swagger-initializer.js correlationId=d7ddf81c-cbf5-4b9a-a2a8-bf63a8f23b12
2026-05-17 21:25:23.552 [http-nio-8081-exec-5] INFO  c.c.i.c.filter.RequestLoggingFilter
                [service=iam_service]
                [correlationId=3a5d4788-c048-4518-af5d-b0fcf3c6ffc2]
                [userId=]
                [keyId=]
                [challengeId=]
                - HTTP_REQUEST_COMPLETED method=GET path=/swagger-ui/swagger-ui-standalone-preset.js status=200 durationMs=12 correlationId=3a5d4788-c048-4518-af5d-b0fcf3c6ffc2
2026-05-17 21:25:23.552 [http-nio-8081-exec-4] INFO  c.c.i.c.filter.RequestLoggingFilter
                [service=iam_service]
                [correlationId=95e10dfd-ea8c-4b3a-a451-04dfac5c62c9]
                [userId=]
                [keyId=]
                [challengeId=]
                - HTTP_REQUEST_COMPLETED method=GET path=/swagger-ui/index.css status=200 durationMs=20 correlationId=95e10dfd-ea8c-4b3a-a451-04dfac5c62c9
2026-05-17 21:25:23.636 [http-nio-8081-exec-6] INFO  c.c.i.c.filter.RequestLoggingFilter
                [service=iam_service]
                [correlationId=eafea7bf-5816-48ae-9e09-9bf7a728262d]
                [userId=]
                [keyId=]
                [challengeId=]
                - HTTP_REQUEST_COMPLETED method=GET path=/swagger-ui/swagger-ui-bundle.js status=200 durationMs=111 correlationId=eafea7bf-5816-48ae-9e09-9bf7a728262d
2026-05-17 21:25:23.653 [http-nio-8081-exec-2] INFO  c.c.i.c.filter.RequestLoggingFilter
                [service=iam_service]
                [correlationId=d7ddf81c-cbf5-4b9a-a2a8-bf63a8f23b12]
                [userId=]
                [keyId=]
                [challengeId=]
                - HTTP_REQUEST_COMPLETED method=GET path=/swagger-ui/swagger-initializer.js status=200 durationMs=104 correlationId=d7ddf81c-cbf5-4b9a-a2a8-bf63a8f23b12
2026-05-17 21:25:24.239 [http-nio-8081-exec-10] INFO  c.c.i.c.filter.RequestLoggingFilter
                [service=iam_service]
                [correlationId=ac6e03c8-2cfa-4058-a09e-a1e415dc7c36]
                [userId=]
                [keyId=]
                [challengeId=]
                - HTTP_REQUEST_STARTED method=GET path=/v3/api-docs/swagger-config correlationId=ac6e03c8-2cfa-4058-a09e-a1e415dc7c36
2026-05-17 21:25:24.266 [http-nio-8081-exec-9] INFO  c.c.i.c.filter.RequestLoggingFilter
                [service=iam_service]
                [correlationId=99a0b7f9-f20d-43b1-bc1b-be2d14351e22]
                [userId=]
                [keyId=]
                [challengeId=]
                - HTTP_REQUEST_STARTED method=GET path=/swagger-ui/favicon-32x32.png correlationId=99a0b7f9-f20d-43b1-bc1b-be2d14351e22
2026-05-17 21:25:24.276 [http-nio-8081-exec-10] INFO  c.c.i.c.filter.RequestLoggingFilter
                [service=iam_service]
                [correlationId=ac6e03c8-2cfa-4058-a09e-a1e415dc7c36]
                [userId=]
                [keyId=]
                [challengeId=]
                - HTTP_REQUEST_COMPLETED method=GET path=/v3/api-docs/swagger-config status=200 durationMs=37 correlationId=ac6e03c8-2cfa-4058-a09e-a1e415dc7c36
2026-05-17 21:25:24.276 [http-nio-8081-exec-9] INFO  c.c.i.c.filter.RequestLoggingFilter
                [service=iam_service]
                [correlationId=99a0b7f9-f20d-43b1-bc1b-be2d14351e22]
                [userId=]
                [keyId=]
                [challengeId=]
                - HTTP_REQUEST_COMPLETED method=GET path=/swagger-ui/favicon-32x32.png status=200 durationMs=10 correlationId=99a0b7f9-f20d-43b1-bc1b-be2d14351e22
2026-05-17 21:25:24.307 [http-nio-8081-exec-7] INFO  c.c.i.c.filter.RequestLoggingFilter
                [service=iam_service]
                [correlationId=b983e4bb-c709-4c24-9415-c0be223de6c4]
                [userId=]
                [keyId=]
                [challengeId=]
                - HTTP_REQUEST_STARTED method=GET path=/v3/api-docs correlationId=b983e4bb-c709-4c24-9415-c0be223de6c4
2026-05-17 21:25:26.276 [http-nio-8081-exec-7] INFO  o.s.api.AbstractOpenApiResource
                [service=iam_service]
                [correlationId=b983e4bb-c709-4c24-9415-c0be223de6c4]
                [userId=]
                [keyId=]
                [challengeId=]
                - Init duration for springdoc-openapi is: 1905 ms
2026-05-17 21:25:26.372 [http-nio-8081-exec-7] INFO  c.c.i.c.filter.RequestLoggingFilter
                [service=iam_service]
                [correlationId=b983e4bb-c709-4c24-9415-c0be223de6c4]
                [userId=]
                [keyId=]
                [challengeId=]
                - HTTP_REQUEST_COMPLETED method=GET path=/v3/api-docs status=200 durationMs=2064 correlationId=b983e4bb-c709-4c24-9415-c0be223de6c4
2026-05-17 22:05:39.064 [SpringApplicationShutdownHook] INFO  o.s.o.j.LocalContainerEntityManagerFactoryBean
                [service=iam_service]
                [correlationId=]
                [userId=]
                [keyId=]
                [challengeId=]
                - Closing JPA EntityManagerFactory for persistence unit 'default'
2026-05-17 22:05:39.073 [SpringApplicationShutdownHook] INFO  com.zaxxer.hikari.HikariDataSource
                [service=iam_service]
                [correlationId=]
                [userId=]
                [keyId=]
                [challengeId=]
                - HikariPool-1 - Shutdown initiated...
2026-05-17 22:05:39.086 [SpringApplicationShutdownHook] INFO  com.zaxxer.hikari.HikariDataSource
                [service=iam_service]
                [correlationId=]
                [userId=]
                [keyId=]
                [challengeId=]
                - HikariPool-1 - Shutdown completed.
2026-06-07 16:19:38.523 [background-preinit] INFO  o.h.validator.internal.util.Version
                [service=iam_service]
                [correlationId=]
                [userId=]
                [keyId=]
                [challengeId=]
                - HV000001: Hibernate Validator 8.0.1.Final
2026-06-07 16:19:38.558 [main] INFO  c.c.iam.IamServiceApplication
                [service=iam_service]
                [correlationId=]
                [userId=]
                [keyId=]
                [challengeId=]
                - Starting IamServiceApplication using Java 17.0.19 with PID 2364 (C:\Users\Lenovo\IdeaProjects\5th_Spring_miceoservice\services\iam\target\classes started by Lenovo in C:\Users\Lenovo\IdeaProjects\5th_Spring_miceoservice)
2026-06-07 16:19:38.558 [main] INFO  c.c.iam.IamServiceApplication
                [service=iam_service]
                [correlationId=]
                [userId=]
                [keyId=]
                [challengeId=]
                - No active profile set, falling back to 1 default profile: "default"
2026-06-07 16:19:39.490 [main] INFO  o.s.d.r.c.RepositoryConfigurationDelegate
                [service=iam_service]
                [correlationId=]
                [userId=]
                [keyId=]
                [challengeId=]
                - Bootstrapping Spring Data JPA repositories in DEFAULT mode.
2026-06-07 16:19:39.575 [main] INFO  o.s.d.r.c.RepositoryConfigurationDelegate
                [service=iam_service]
                [correlationId=]
                [userId=]
                [keyId=]
                [challengeId=]
                - Finished Spring Data repository scanning in 73 ms. Found 4 JPA repository interfaces.
2026-06-07 16:19:40.382 [main] INFO  o.s.b.w.e.tomcat.TomcatWebServer
                [service=iam_service]
                [correlationId=]
                [userId=]
                [keyId=]
                [challengeId=]
                - Tomcat initialized with port 8081 (http)
2026-06-07 16:19:40.405 [main] INFO  o.a.coyote.http11.Http11NioProtocol
                [service=iam_service]
                [correlationId=]
                [userId=]
                [keyId=]
                [challengeId=]
                - Initializing ProtocolHandler ["http-nio-8081"]
2026-06-07 16:19:40.408 [main] INFO  o.a.catalina.core.StandardService
                [service=iam_service]
                [correlationId=]
                [userId=]
                [keyId=]
                [challengeId=]
                - Starting service [Tomcat]
2026-06-07 16:19:40.408 [main] INFO  o.a.catalina.core.StandardEngine
                [service=iam_service]
                [correlationId=]
                [userId=]
                [keyId=]
                [challengeId=]
                - Starting Servlet engine: [Apache Tomcat/10.1.31]
2026-06-07 16:19:40.470 [main] INFO  o.a.c.c.C.[Tomcat].[localhost].[/]
                [service=iam_service]
                [correlationId=]
                [userId=]
                [keyId=]
                [challengeId=]
                - Initializing Spring embedded WebApplicationContext
2026-06-07 16:19:40.470 [main] INFO  o.s.b.w.s.c.ServletWebServerApplicationContext
                [service=iam_service]
                [correlationId=]
                [userId=]
                [keyId=]
                [challengeId=]
                - Root WebApplicationContext: initialization completed in 1881 ms
2026-06-07 16:19:41.073 [main] INFO  com.zaxxer.hikari.HikariDataSource
                [service=iam_service]
                [correlationId=]
                [userId=]
                [keyId=]
                [challengeId=]
                - HikariPool-1 - Starting...
2026-06-07 16:19:42.222 [main] INFO  com.zaxxer.hikari.HikariDataSource
                [service=iam_service]
                [correlationId=]
                [userId=]
                [keyId=]
                [challengeId=]
                - HikariPool-1 - Starting...
2026-06-07 16:19:43.257 [main] INFO  com.zaxxer.hikari.HikariDataSource
                [service=iam_service]
                [correlationId=]
                [userId=]
                [keyId=]
                [challengeId=]
                - HikariPool-1 - Starting...
2026-06-07 16:19:44.288 [main] INFO  com.zaxxer.hikari.HikariDataSource
                [service=iam_service]
                [correlationId=]
                [userId=]
                [keyId=]
                [challengeId=]
                - HikariPool-1 - Starting...
2026-06-07 16:19:45.331 [main] INFO  com.zaxxer.hikari.HikariDataSource
                [service=iam_service]
                [correlationId=]
                [userId=]
                [keyId=]
                [challengeId=]
                - HikariPool-1 - Starting...
2026-06-07 16:19:46.373 [main] INFO  com.zaxxer.hikari.HikariDataSource
                [service=iam_service]
                [correlationId=]
                [userId=]
                [keyId=]
                [challengeId=]
                - HikariPool-1 - Starting...
2026-06-07 16:19:47.420 [main] INFO  o.a.catalina.core.StandardService
                [service=iam_service]
                [correlationId=]
                [userId=]
                [keyId=]
                [challengeId=]
                - Stopping service [Tomcat]
2026-06-07 16:19:47.442 [main] INFO  o.s.b.a.l.ConditionEvaluationReportLogger
                [service=iam_service]
                [correlationId=]
                [userId=]
                [keyId=]
                [challengeId=]
                - 

Error starting ApplicationContext. To display the condition evaluation report re-run your application with 'debug' enabled.
2026-06-07 16:30:42.020 [background-preinit] INFO  o.h.validator.internal.util.Version
                [service=iam_service]
                [correlationId=]
                [userId=]
                [keyId=]
                [challengeId=]
                - HV000001: Hibernate Validator 8.0.1.Final
2026-06-07 16:30:42.046 [main] INFO  c.c.iam.IamServiceApplication
                [service=iam_service]
                [correlationId=]
                [userId=]
                [keyId=]
                [challengeId=]
                - Starting IamServiceApplication using Java 17.0.19 with PID 8992 (C:\Users\Lenovo\IdeaProjects\5th_Spring_miceoservice\services\iam\target\classes started by Lenovo in C:\Users\Lenovo\IdeaProjects\5th_Spring_miceoservice)
2026-06-07 16:30:42.046 [main] INFO  c.c.iam.IamServiceApplication
                [service=iam_service]
                [correlationId=]
                [userId=]
                [keyId=]
                [challengeId=]
                - No active profile set, falling back to 1 default profile: "default"
2026-06-07 16:30:42.883 [main] INFO  o.s.d.r.c.RepositoryConfigurationDelegate
                [service=iam_service]
                [correlationId=]
                [userId=]
                [keyId=]
                [challengeId=]
                - Bootstrapping Spring Data JPA repositories in DEFAULT mode.
2026-06-07 16:30:42.953 [main] INFO  o.s.d.r.c.RepositoryConfigurationDelegate
                [service=iam_service]
                [correlationId=]
                [userId=]
                [keyId=]
                [challengeId=]
                - Finished Spring Data repository scanning in 65 ms. Found 4 JPA repository interfaces.
2026-06-07 16:30:43.656 [main] INFO  o.s.b.w.e.tomcat.TomcatWebServer
                [service=iam_service]
                [correlationId=]
                [userId=]
                [keyId=]
                [challengeId=]
                - Tomcat initialized with port 8081 (http)
2026-06-07 16:30:43.676 [main] INFO  o.a.coyote.http11.Http11NioProtocol
                [service=iam_service]
                [correlationId=]
                [userId=]
                [keyId=]
                [challengeId=]
                - Initializing ProtocolHandler ["http-nio-8081"]
2026-06-07 16:30:43.680 [main] INFO  o.a.catalina.core.StandardService
                [service=iam_service]
                [correlationId=]
                [userId=]
                [keyId=]
                [challengeId=]
                - Starting service [Tomcat]
2026-06-07 16:30:43.680 [main] INFO  o.a.catalina.core.StandardEngine
                [service=iam_service]
                [correlationId=]
                [userId=]
                [keyId=]
                [challengeId=]
                - Starting Servlet engine: [Apache Tomcat/10.1.31]
2026-06-07 16:30:43.753 [main] INFO  o.a.c.c.C.[Tomcat].[localhost].[/]
                [service=iam_service]
                [correlationId=]
                [userId=]
                [keyId=]
                [challengeId=]
                - Initializing Spring embedded WebApplicationContext
2026-06-07 16:30:43.755 [main] INFO  o.s.b.w.s.c.ServletWebServerApplicationContext
                [service=iam_service]
                [correlationId=]
                [userId=]
                [keyId=]
                [challengeId=]
                - Root WebApplicationContext: initialization completed in 1674 ms
2026-06-07 16:30:44.200 [main] INFO  com.zaxxer.hikari.HikariDataSource
                [service=iam_service]
                [correlationId=]
                [userId=]
                [keyId=]
                [challengeId=]
                - HikariPool-1 - Starting...
2026-06-07 16:30:44.371 [main] INFO  com.zaxxer.hikari.pool.HikariPool
                [service=iam_service]
                [correlationId=]
                [userId=]
                [keyId=]
                [challengeId=]
                - HikariPool-1 - Added connection org.postgresql.jdbc.PgConnection@3fef1e6b
2026-06-07 16:30:44.372 [main] INFO  com.zaxxer.hikari.HikariDataSource
                [service=iam_service]
                [correlationId=]
                [userId=]
                [keyId=]
                [challengeId=]
                - HikariPool-1 - Start completed.
2026-06-07 16:30:44.395 [main] INFO  org.flywaydb.core.FlywayExecutor
                [service=iam_service]
                [correlationId=]
                [userId=]
                [keyId=]
                [challengeId=]
                - Database: jdbc:postgresql://localhost:5432/iam_db (PostgreSQL 18.4)
2026-06-07 16:30:44.439 [main] INFO  o.f.c.i.s.JdbcTableSchemaHistory
                [service=iam_service]
                [correlationId=]
                [userId=]
                [keyId=]
                [challengeId=]
                - Schema history table "public"."flyway_schema_history" does not exist yet
2026-06-07 16:30:44.445 [main] INFO  o.f.core.internal.command.DbValidate
                [service=iam_service]
                [correlationId=]
                [userId=]
                [keyId=]
                [challengeId=]
                - Successfully validated 5 migrations (execution time 00:00.028s)
2026-06-07 16:30:44.461 [main] INFO  o.f.c.i.s.JdbcTableSchemaHistory
                [service=iam_service]
                [correlationId=]
                [userId=]
                [keyId=]
                [challengeId=]
                - Creating Schema History table "public"."flyway_schema_history" ...
2026-06-07 16:30:44.540 [main] INFO  o.f.core.internal.command.DbMigrate
                [service=iam_service]
                [correlationId=]
                [userId=]
                [keyId=]
                [challengeId=]
                - Current version of schema "public": << Empty Schema >>
2026-06-07 16:30:44.549 [main] INFO  o.f.core.internal.command.DbMigrate
                [service=iam_service]
                [correlationId=]
                [userId=]
                [keyId=]
                [challengeId=]
                - Migrating schema "public" to version "1 - create user accounts"
2026-06-07 16:30:44.582 [main] INFO  o.f.core.internal.command.DbMigrate
                [service=iam_service]
                [correlationId=]
                [userId=]
                [keyId=]
                [challengeId=]
                - Migrating schema "public" to version "2 - create user public keys"
2026-06-07 16:30:44.600 [main] INFO  o.f.core.internal.command.DbMigrate
                [service=iam_service]
                [correlationId=]
                [userId=]
                [keyId=]
                [challengeId=]
                - Migrating schema "public" to version "3 - create auth challenges"
2026-06-07 16:30:44.615 [main] INFO  o.f.core.internal.command.DbMigrate
                [service=iam_service]
                [correlationId=]
                [userId=]
                [keyId=]
                [challengeId=]
                - Migrating schema "public" to version "4 - create outbox events"
2026-06-07 16:30:44.615 [main] INFO  o.f.core.internal.command.DbMigrate
                [service=iam_service]
                [correlationId=]
                [userId=]
                [keyId=]
                [challengeId=]
                - Migrating schema "public" to version "5 - create outbox events"
2026-06-07 16:30:44.643 [main] INFO  com.zaxxer.hikari.HikariDataSource
                [service=iam_service]
                [correlationId=]
                [userId=]
                [keyId=]
                [challengeId=]
                - HikariPool-1 - Shutdown initiated...
2026-06-07 16:30:44.660 [main] INFO  com.zaxxer.hikari.HikariDataSource
                [service=iam_service]
                [correlationId=]
                [userId=]
                [keyId=]
                [challengeId=]
                - HikariPool-1 - Shutdown completed.
2026-06-07 16:30:44.660 [main] INFO  o.a.catalina.core.StandardService
                [service=iam_service]
                [correlationId=]
                [userId=]
                [keyId=]
                [challengeId=]
                - Stopping service [Tomcat]
2026-06-07 16:30:44.674 [main] INFO  o.s.b.a.l.ConditionEvaluationReportLogger
                [service=iam_service]
                [correlationId=]
                [userId=]
                [keyId=]
                [challengeId=]
                - 

Error starting ApplicationContext. To display the condition evaluation report re-run your application with 'debug' enabled.
2026-06-07 16:31:17.211 [background-preinit] INFO  o.h.validator.internal.util.Version
                [service=iam_service]
                [correlationId=]
                [userId=]
                [keyId=]
                [challengeId=]
                - HV000001: Hibernate Validator 8.0.1.Final
2026-06-07 16:31:17.242 [main] INFO  c.c.iam.IamServiceApplication
                [service=iam_service]
                [correlationId=]
                [userId=]
                [keyId=]
                [challengeId=]
                - Starting IamServiceApplication using Java 17.0.19 with PID 8072 (C:\Users\Lenovo\IdeaProjects\5th_Spring_miceoservice\services\iam\target\classes started by Lenovo in C:\Users\Lenovo\IdeaProjects\5th_Spring_miceoservice)
2026-06-07 16:31:17.243 [main] INFO  c.c.iam.IamServiceApplication
                [service=iam_service]
                [correlationId=]
                [userId=]
                [keyId=]
                [challengeId=]
                - No active profile set, falling back to 1 default profile: "default"
2026-06-07 16:31:18.068 [main] INFO  o.s.d.r.c.RepositoryConfigurationDelegate
                [service=iam_service]
                [correlationId=]
                [userId=]
                [keyId=]
                [challengeId=]
                - Bootstrapping Spring Data JPA repositories in DEFAULT mode.
2026-06-07 16:31:18.139 [main] INFO  o.s.d.r.c.RepositoryConfigurationDelegate
                [service=iam_service]
                [correlationId=]
                [userId=]
                [keyId=]
                [challengeId=]
                - Finished Spring Data repository scanning in 65 ms. Found 4 JPA repository interfaces.
2026-06-07 16:31:18.930 [main] INFO  o.s.b.w.e.tomcat.TomcatWebServer
                [service=iam_service]
                [correlationId=]
                [userId=]
                [keyId=]
                [challengeId=]
                - Tomcat initialized with port 8081 (http)
2026-06-07 16:31:18.937 [main] INFO  o.a.coyote.http11.Http11NioProtocol
                [service=iam_service]
                [correlationId=]
                [userId=]
                [keyId=]
                [challengeId=]
                - Initializing ProtocolHandler ["http-nio-8081"]
2026-06-07 16:31:18.939 [main] INFO  o.a.catalina.core.StandardService
                [service=iam_service]
                [correlationId=]
                [userId=]
                [keyId=]
                [challengeId=]
                - Starting service [Tomcat]
2026-06-07 16:31:18.939 [main] INFO  o.a.catalina.core.StandardEngine
                [service=iam_service]
                [correlationId=]
                [userId=]
                [keyId=]
                [challengeId=]
                - Starting Servlet engine: [Apache Tomcat/10.1.31]
2026-06-07 16:31:18.998 [main] INFO  o.a.c.c.C.[Tomcat].[localhost].[/]
                [service=iam_service]
                [correlationId=]
                [userId=]
                [keyId=]
                [challengeId=]
                - Initializing Spring embedded WebApplicationContext
2026-06-07 16:31:18.999 [main] INFO  o.s.b.w.s.c.ServletWebServerApplicationContext
                [service=iam_service]
                [correlationId=]
                [userId=]
                [keyId=]
                [challengeId=]
                - Root WebApplicationContext: initialization completed in 1733 ms
2026-06-07 16:31:19.536 [main] INFO  com.zaxxer.hikari.HikariDataSource
                [service=iam_service]
                [correlationId=]
                [userId=]
                [keyId=]
                [challengeId=]
                - HikariPool-1 - Starting...
2026-06-07 16:31:19.711 [main] INFO  com.zaxxer.hikari.pool.HikariPool
                [service=iam_service]
                [correlationId=]
                [userId=]
                [keyId=]
                [challengeId=]
                - HikariPool-1 - Added connection org.postgresql.jdbc.PgConnection@7d8f2eec
2026-06-07 16:31:19.713 [main] INFO  com.zaxxer.hikari.HikariDataSource
                [service=iam_service]
                [correlationId=]
                [userId=]
                [keyId=]
                [challengeId=]
                - HikariPool-1 - Start completed.
2026-06-07 16:31:19.742 [main] INFO  org.flywaydb.core.FlywayExecutor
                [service=iam_service]
                [correlationId=]
                [userId=]
                [keyId=]
                [challengeId=]
                - Database: jdbc:postgresql://localhost:5432/iam_db (PostgreSQL 18.4)
2026-06-07 16:31:19.807 [main] INFO  o.f.core.internal.command.DbValidate
                [service=iam_service]
                [correlationId=]
                [userId=]
                [keyId=]
                [challengeId=]
                - Successfully validated 5 migrations (execution time 00:00.042s)
2026-06-07 16:31:19.964 [main] INFO  o.f.core.internal.command.DbMigrate
                [service=iam_service]
                [correlationId=]
                [userId=]
                [keyId=]
                [challengeId=]
                - Current version of schema "public": 4
2026-06-07 16:31:19.985 [main] INFO  o.f.core.internal.command.DbMigrate
                [service=iam_service]
                [correlationId=]
                [userId=]
                [keyId=]
                [challengeId=]
                - Migrating schema "public" to version "5 - create outbox events"
2026-06-07 16:31:20.011 [main] INFO  com.zaxxer.hikari.HikariDataSource
                [service=iam_service]
                [correlationId=]
                [userId=]
                [keyId=]
                [challengeId=]
                - HikariPool-1 - Shutdown initiated...
2026-06-07 16:31:20.065 [main] INFO  com.zaxxer.hikari.HikariDataSource
                [service=iam_service]
                [correlationId=]
                [userId=]
                [keyId=]
                [challengeId=]
                - HikariPool-1 - Shutdown completed.
2026-06-07 16:31:20.068 [main] INFO  o.a.catalina.core.StandardService
                [service=iam_service]
                [correlationId=]
                [userId=]
                [keyId=]
                [challengeId=]
                - Stopping service [Tomcat]
2026-06-07 16:31:20.078 [main] INFO  o.s.b.a.l.ConditionEvaluationReportLogger
                [service=iam_service]
                [correlationId=]
                [userId=]
                [keyId=]
                [challengeId=]
                - 

Error starting ApplicationContext. To display the condition evaluation report re-run your application with 'debug' enabled.
2026-06-07 16:49:17.934 [background-preinit] INFO  o.h.validator.internal.util.Version
                [service=iam_service]
                [correlationId=]
                [userId=]
                [keyId=]
                [challengeId=]
                - HV000001: Hibernate Validator 8.0.1.Final
2026-06-07 16:49:17.965 [main] INFO  c.c.iam.IamServiceApplication
                [service=iam_service]
                [correlationId=]
                [userId=]
                [keyId=]
                [challengeId=]
                - Starting IamServiceApplication using Java 17.0.19 with PID 3188 (C:\Users\Lenovo\IdeaProjects\5th_Spring_miceoservice\services\iam\target\classes started by Lenovo in C:\Users\Lenovo\IdeaProjects\5th_Spring_miceoservice)
2026-06-07 16:49:17.965 [main] INFO  c.c.iam.IamServiceApplication
                [service=iam_service]
                [correlationId=]
                [userId=]
                [keyId=]
                [challengeId=]
                - No active profile set, falling back to 1 default profile: "default"
2026-06-07 16:49:18.793 [main] INFO  o.s.d.r.c.RepositoryConfigurationDelegate
                [service=iam_service]
                [correlationId=]
                [userId=]
                [keyId=]
                [challengeId=]
                - Bootstrapping Spring Data JPA repositories in DEFAULT mode.
2026-06-07 16:49:18.874 [main] INFO  o.s.d.r.c.RepositoryConfigurationDelegate
                [service=iam_service]
                [correlationId=]
                [userId=]
                [keyId=]
                [challengeId=]
                - Finished Spring Data repository scanning in 67 ms. Found 4 JPA repository interfaces.
2026-06-07 16:49:19.630 [main] INFO  o.s.b.w.e.tomcat.TomcatWebServer
                [service=iam_service]
                [correlationId=]
                [userId=]
                [keyId=]
                [challengeId=]
                - Tomcat initialized with port 8081 (http)
2026-06-07 16:49:19.659 [main] INFO  o.a.coyote.http11.Http11NioProtocol
                [service=iam_service]
                [correlationId=]
                [userId=]
                [keyId=]
                [challengeId=]
                - Initializing ProtocolHandler ["http-nio-8081"]
2026-06-07 16:49:19.660 [main] INFO  o.a.catalina.core.StandardService
                [service=iam_service]
                [correlationId=]
                [userId=]
                [keyId=]
                [challengeId=]
                - Starting service [Tomcat]
2026-06-07 16:49:19.660 [main] INFO  o.a.catalina.core.StandardEngine
                [service=iam_service]
                [correlationId=]
                [userId=]
                [keyId=]
                [challengeId=]
                - Starting Servlet engine: [Apache Tomcat/10.1.31]
2026-06-07 16:49:19.755 [main] INFO  o.a.c.c.C.[Tomcat].[localhost].[/]
                [service=iam_service]
                [correlationId=]
                [userId=]
                [keyId=]
                [challengeId=]
                - Initializing Spring embedded WebApplicationContext
2026-06-07 16:49:19.756 [main] INFO  o.s.b.w.s.c.ServletWebServerApplicationContext
                [service=iam_service]
                [correlationId=]
                [userId=]
                [keyId=]
                [challengeId=]
                - Root WebApplicationContext: initialization completed in 1761 ms
2026-06-07 16:49:20.249 [main] INFO  com.zaxxer.hikari.HikariDataSource
                [service=iam_service]
                [correlationId=]
                [userId=]
                [keyId=]
                [challengeId=]
                - HikariPool-1 - Starting...
2026-06-07 16:49:20.395 [main] INFO  com.zaxxer.hikari.pool.HikariPool
                [service=iam_service]
                [correlationId=]
                [userId=]
                [keyId=]
                [challengeId=]
                - HikariPool-1 - Added connection org.postgresql.jdbc.PgConnection@1218e12
2026-06-07 16:49:20.395 [main] INFO  com.zaxxer.hikari.HikariDataSource
                [service=iam_service]
                [correlationId=]
                [userId=]
                [keyId=]
                [challengeId=]
                - HikariPool-1 - Start completed.
2026-06-07 16:49:20.432 [main] INFO  org.flywaydb.core.FlywayExecutor
                [service=iam_service]
                [correlationId=]
                [userId=]
                [keyId=]
                [challengeId=]
                - Database: jdbc:postgresql://localhost:5432/iam_db (PostgreSQL 18.4)
2026-06-07 16:49:20.466 [main] INFO  o.f.c.i.s.JdbcTableSchemaHistory
                [service=iam_service]
                [correlationId=]
                [userId=]
                [keyId=]
                [challengeId=]
                - Schema history table "public"."flyway_schema_history" does not exist yet
2026-06-07 16:49:20.475 [main] INFO  o.f.core.internal.command.DbValidate
                [service=iam_service]
                [correlationId=]
                [userId=]
                [keyId=]
                [challengeId=]
                - Successfully validated 5 migrations (execution time 00:00.029s)
2026-06-07 16:49:20.502 [main] INFO  o.f.c.i.s.JdbcTableSchemaHistory
                [service=iam_service]
                [correlationId=]
                [userId=]
                [keyId=]
                [challengeId=]
                - Creating Schema History table "public"."flyway_schema_history" ...
2026-06-07 16:49:20.612 [main] INFO  o.f.core.internal.command.DbMigrate
                [service=iam_service]
                [correlationId=]
                [userId=]
                [keyId=]
                [challengeId=]
                - Current version of schema "public": << Empty Schema >>
2026-06-07 16:49:20.619 [main] INFO  o.f.core.internal.command.DbMigrate
                [service=iam_service]
                [correlationId=]
                [userId=]
                [keyId=]
                [challengeId=]
                - Migrating schema "public" to version "1 - create user accounts"
2026-06-07 16:49:20.640 [main] INFO  o.f.core.internal.command.DbMigrate
                [service=iam_service]
                [correlationId=]
                [userId=]
                [keyId=]
                [challengeId=]
                - Migrating schema "public" to version "2 - create user public keys"
2026-06-07 16:49:20.656 [main] INFO  o.f.core.internal.command.DbMigrate
                [service=iam_service]
                [correlationId=]
                [userId=]
                [keyId=]
                [challengeId=]
                - Migrating schema "public" to version "3 - create auth challenges"
2026-06-07 16:49:20.656 [main] INFO  o.f.core.internal.command.DbMigrate
                [service=iam_service]
                [correlationId=]
                [userId=]
                [keyId=]
                [challengeId=]
                - Migrating schema "public" to version "4 - create outbox events"
2026-06-07 16:49:20.671 [main] INFO  o.f.core.internal.command.DbMigrate
                [service=iam_service]
                [correlationId=]
                [userId=]
                [keyId=]
                [challengeId=]
                - Migrating schema "public" to version "5 - create outbox events"
2026-06-07 16:49:20.689 [main] INFO  com.zaxxer.hikari.HikariDataSource
                [service=iam_service]
                [correlationId=]
                [userId=]
                [keyId=]
                [challengeId=]
                - HikariPool-1 - Shutdown initiated...
2026-06-07 16:49:20.692 [main] INFO  com.zaxxer.hikari.HikariDataSource
                [service=iam_service]
                [correlationId=]
                [userId=]
                [keyId=]
                [challengeId=]
                - HikariPool-1 - Shutdown completed.
2026-06-07 16:49:20.695 [main] INFO  o.a.catalina.core.StandardService
                [service=iam_service]
                [correlationId=]
                [userId=]
                [keyId=]
                [challengeId=]
                - Stopping service [Tomcat]
2026-06-07 16:49:20.707 [main] INFO  o.s.b.a.l.ConditionEvaluationReportLogger
                [service=iam_service]
                [correlationId=]
                [userId=]
                [keyId=]
                [challengeId=]
                - 

Error starting ApplicationContext. To display the condition evaluation report re-run your application with 'debug' enabled.
2026-06-07 17:01:22.593 [background-preinit] INFO  o.h.validator.internal.util.Version
                [service=iam_service]
                [correlationId=]
                [userId=]
                [keyId=]
                [challengeId=]
                - HV000001: Hibernate Validator 8.0.1.Final
2026-06-07 17:01:22.621 [main] INFO  c.c.iam.IamServiceApplication
                [service=iam_service]
                [correlationId=]
                [userId=]
                [keyId=]
                [challengeId=]
                - Starting IamServiceApplication using Java 17.0.19 with PID 12080 (C:\Users\Lenovo\IdeaProjects\5th_Spring_miceoservice\services\iam\target\classes started by Lenovo in C:\Users\Lenovo\IdeaProjects\5th_Spring_miceoservice)
2026-06-07 17:01:22.621 [main] INFO  c.c.iam.IamServiceApplication
                [service=iam_service]
                [correlationId=]
                [userId=]
                [keyId=]
                [challengeId=]
                - No active profile set, falling back to 1 default profile: "default"
2026-06-07 17:01:23.422 [main] INFO  o.s.d.r.c.RepositoryConfigurationDelegate
                [service=iam_service]
                [correlationId=]
                [userId=]
                [keyId=]
                [challengeId=]
                - Bootstrapping Spring Data JPA repositories in DEFAULT mode.
2026-06-07 17:01:23.521 [main] INFO  o.s.d.r.c.RepositoryConfigurationDelegate
                [service=iam_service]
                [correlationId=]
                [userId=]
                [keyId=]
                [challengeId=]
                - Finished Spring Data repository scanning in 78 ms. Found 4 JPA repository interfaces.
2026-06-07 17:01:24.296 [main] INFO  o.s.b.w.e.tomcat.TomcatWebServer
                [service=iam_service]
                [correlationId=]
                [userId=]
                [keyId=]
                [challengeId=]
                - Tomcat initialized with port 8081 (http)
2026-06-07 17:01:24.312 [main] INFO  o.a.coyote.http11.Http11NioProtocol
                [service=iam_service]
                [correlationId=]
                [userId=]
                [keyId=]
                [challengeId=]
                - Initializing ProtocolHandler ["http-nio-8081"]
2026-06-07 17:01:24.312 [main] INFO  o.a.catalina.core.StandardService
                [service=iam_service]
                [correlationId=]
                [userId=]
                [keyId=]
                [challengeId=]
                - Starting service [Tomcat]
2026-06-07 17:01:24.312 [main] INFO  o.a.catalina.core.StandardEngine
                [service=iam_service]
                [correlationId=]
                [userId=]
                [keyId=]
                [challengeId=]
                - Starting Servlet engine: [Apache Tomcat/10.1.31]
2026-06-07 17:01:24.390 [main] INFO  o.a.c.c.C.[Tomcat].[localhost].[/]
                [service=iam_service]
                [correlationId=]
                [userId=]
                [keyId=]
                [challengeId=]
                - Initializing Spring embedded WebApplicationContext
2026-06-07 17:01:24.390 [main] INFO  o.s.b.w.s.c.ServletWebServerApplicationContext
                [service=iam_service]
                [correlationId=]
                [userId=]
                [keyId=]
                [challengeId=]
                - Root WebApplicationContext: initialization completed in 1737 ms
2026-06-07 17:01:24.951 [main] INFO  com.zaxxer.hikari.HikariDataSource
                [service=iam_service]
                [correlationId=]
                [userId=]
                [keyId=]
                [challengeId=]
                - HikariPool-1 - Starting...
2026-06-07 17:01:25.132 [main] INFO  com.zaxxer.hikari.pool.HikariPool
                [service=iam_service]
                [correlationId=]
                [userId=]
                [keyId=]
                [challengeId=]
                - HikariPool-1 - Added connection org.postgresql.jdbc.PgConnection@93ce24d
2026-06-07 17:01:25.134 [main] INFO  com.zaxxer.hikari.HikariDataSource
                [service=iam_service]
                [correlationId=]
                [userId=]
                [keyId=]
                [challengeId=]
                - HikariPool-1 - Start completed.
2026-06-07 17:01:25.164 [main] INFO  org.flywaydb.core.FlywayExecutor
                [service=iam_service]
                [correlationId=]
                [userId=]
                [keyId=]
                [challengeId=]
                - Database: jdbc:postgresql://localhost:5432/iam_db (PostgreSQL 18.4)
2026-06-07 17:01:25.209 [main] INFO  o.f.c.i.s.JdbcTableSchemaHistory
                [service=iam_service]
                [correlationId=]
                [userId=]
                [keyId=]
                [challengeId=]
                - Schema history table "public"."flyway_schema_history" does not exist yet
2026-06-07 17:01:25.214 [main] INFO  o.f.core.internal.command.DbValidate
                [service=iam_service]
                [correlationId=]
                [userId=]
                [keyId=]
                [challengeId=]
                - Successfully validated 5 migrations (execution time 00:00.023s)
2026-06-07 17:01:25.220 [main] INFO  o.f.c.i.s.JdbcTableSchemaHistory
                [service=iam_service]
                [correlationId=]
                [userId=]
                [keyId=]
                [challengeId=]
                - Creating Schema History table "public"."flyway_schema_history" ...
2026-06-07 17:01:25.306 [main] INFO  o.f.core.internal.command.DbMigrate
                [service=iam_service]
                [correlationId=]
                [userId=]
                [keyId=]
                [challengeId=]
                - Current version of schema "public": << Empty Schema >>
2026-06-07 17:01:25.327 [main] INFO  o.f.core.internal.command.DbMigrate
                [service=iam_service]
                [correlationId=]
                [userId=]
                [keyId=]
                [challengeId=]
                - Migrating schema "public" to version "1 - create user accounts"
2026-06-07 17:01:25.349 [main] INFO  o.f.core.internal.command.DbMigrate
                [service=iam_service]
                [correlationId=]
                [userId=]
                [keyId=]
                [challengeId=]
                - Migrating schema "public" to version "2 - create user public keys"
2026-06-07 17:01:25.365 [main] INFO  o.f.core.internal.command.DbMigrate
                [service=iam_service]
                [correlationId=]
                [userId=]
                [keyId=]
                [challengeId=]
                - Migrating schema "public" to version "3 - create auth challenges"
2026-06-07 17:01:25.380 [main] INFO  o.f.core.internal.command.DbMigrate
                [service=iam_service]
                [correlationId=]
                [userId=]
                [keyId=]
                [challengeId=]
                - Migrating schema "public" to version "4 - create outbox events"
2026-06-07 17:01:25.396 [main] INFO  o.f.core.internal.command.DbMigrate
                [service=iam_service]
                [correlationId=]
                [userId=]
                [keyId=]
                [challengeId=]
                - Migrating schema "public" to version "5 - create outbox events"
2026-06-07 17:01:25.415 [main] INFO  com.zaxxer.hikari.HikariDataSource
                [service=iam_service]
                [correlationId=]
                [userId=]
                [keyId=]
                [challengeId=]
                - HikariPool-1 - Shutdown initiated...
2026-06-07 17:01:25.422 [main] INFO  com.zaxxer.hikari.HikariDataSource
                [service=iam_service]
                [correlationId=]
                [userId=]
                [keyId=]
                [challengeId=]
                - HikariPool-1 - Shutdown completed.
2026-06-07 17:01:25.424 [main] INFO  o.a.catalina.core.StandardService
                [service=iam_service]
                [correlationId=]
                [userId=]
                [keyId=]
                [challengeId=]
                - Stopping service [Tomcat]
2026-06-07 17:01:25.433 [main] INFO  o.s.b.a.l.ConditionEvaluationReportLogger
                [service=iam_service]
                [correlationId=]
                [userId=]
                [keyId=]
                [challengeId=]
                - 

Error starting ApplicationContext. To display the condition evaluation report re-run your application with 'debug' enabled.
2026-06-07 17:03:44.658 [background-preinit] INFO  o.h.validator.internal.util.Version
                [service=iam_service]
                [correlationId=]
                [userId=]
                [keyId=]
                [challengeId=]
                - HV000001: Hibernate Validator 8.0.1.Final
2026-06-07 17:03:44.688 [main] INFO  c.c.iam.IamServiceApplication
                [service=iam_service]
                [correlationId=]
                [userId=]
                [keyId=]
                [challengeId=]
                - Starting IamServiceApplication using Java 17.0.19 with PID 2324 (C:\Users\Lenovo\IdeaProjects\5th_Spring_miceoservice\services\iam\target\classes started by Lenovo in C:\Users\Lenovo\IdeaProjects\5th_Spring_miceoservice)
2026-06-07 17:03:44.688 [main] INFO  c.c.iam.IamServiceApplication
                [service=iam_service]
                [correlationId=]
                [userId=]
                [keyId=]
                [challengeId=]
                - No active profile set, falling back to 1 default profile: "default"
2026-06-07 17:03:45.514 [main] INFO  o.s.d.r.c.RepositoryConfigurationDelegate
                [service=iam_service]
                [correlationId=]
                [userId=]
                [keyId=]
                [challengeId=]
                - Bootstrapping Spring Data JPA repositories in DEFAULT mode.
2026-06-07 17:03:45.593 [main] INFO  o.s.d.r.c.RepositoryConfigurationDelegate
                [service=iam_service]
                [correlationId=]
                [userId=]
                [keyId=]
                [challengeId=]
                - Finished Spring Data repository scanning in 69 ms. Found 4 JPA repository interfaces.
2026-06-07 17:03:46.327 [main] INFO  o.s.b.w.e.tomcat.TomcatWebServer
                [service=iam_service]
                [correlationId=]
                [userId=]
                [keyId=]
                [challengeId=]
                - Tomcat initialized with port 8081 (http)
2026-06-07 17:03:46.345 [main] INFO  o.a.coyote.http11.Http11NioProtocol
                [service=iam_service]
                [correlationId=]
                [userId=]
                [keyId=]
                [challengeId=]
                - Initializing ProtocolHandler ["http-nio-8081"]
2026-06-07 17:03:46.345 [main] INFO  o.a.catalina.core.StandardService
                [service=iam_service]
                [correlationId=]
                [userId=]
                [keyId=]
                [challengeId=]
                - Starting service [Tomcat]
2026-06-07 17:03:46.345 [main] INFO  o.a.catalina.core.StandardEngine
                [service=iam_service]
                [correlationId=]
                [userId=]
                [keyId=]
                [challengeId=]
                - Starting Servlet engine: [Apache Tomcat/10.1.31]
2026-06-07 17:03:46.428 [main] INFO  o.a.c.c.C.[Tomcat].[localhost].[/]
                [service=iam_service]
                [correlationId=]
                [userId=]
                [keyId=]
                [challengeId=]
                - Initializing Spring embedded WebApplicationContext
2026-06-07 17:03:46.429 [main] INFO  o.s.b.w.s.c.ServletWebServerApplicationContext
                [service=iam_service]
                [correlationId=]
                [userId=]
                [keyId=]
                [challengeId=]
                - Root WebApplicationContext: initialization completed in 1708 ms
2026-06-07 17:03:47.022 [main] INFO  com.zaxxer.hikari.HikariDataSource
                [service=iam_service]
                [correlationId=]
                [userId=]
                [keyId=]
                [challengeId=]
                - HikariPool-1 - Starting...
2026-06-07 17:03:47.141 [main] INFO  com.zaxxer.hikari.pool.HikariPool
                [service=iam_service]
                [correlationId=]
                [userId=]
                [keyId=]
                [challengeId=]
                - HikariPool-1 - Added connection org.postgresql.jdbc.PgConnection@4e7eba9f
2026-06-07 17:03:47.141 [main] INFO  com.zaxxer.hikari.HikariDataSource
                [service=iam_service]
                [correlationId=]
                [userId=]
                [keyId=]
                [challengeId=]
                - HikariPool-1 - Start completed.
2026-06-07 17:03:47.172 [main] INFO  org.flywaydb.core.FlywayExecutor
                [service=iam_service]
                [correlationId=]
                [userId=]
                [keyId=]
                [challengeId=]
                - Database: jdbc:postgresql://localhost:5432/iam_db (PostgreSQL 18.4)
2026-06-07 17:03:47.257 [main] INFO  o.f.core.internal.command.DbValidate
                [service=iam_service]
                [correlationId=]
                [userId=]
                [keyId=]
                [challengeId=]
                - Successfully validated 4 migrations (execution time 00:00.050s)
2026-06-07 17:03:47.397 [main] INFO  o.f.core.internal.command.DbMigrate
                [service=iam_service]
                [correlationId=]
                [userId=]
                [keyId=]
                [challengeId=]
                - Current version of schema "public": 4
2026-06-07 17:03:47.401 [main] INFO  o.f.core.internal.command.DbMigrate
                [service=iam_service]
                [correlationId=]
                [userId=]
                [keyId=]
                [challengeId=]
                - Schema "public" is up to date. No migration necessary.
2026-06-07 17:03:47.512 [main] INFO  o.h.jpa.internal.util.LogHelper
                [service=iam_service]
                [correlationId=]
                [userId=]
                [keyId=]
                [challengeId=]
                - HHH000204: Processing PersistenceUnitInfo [name: default]
2026-06-07 17:03:47.612 [main] INFO  org.hibernate.Version
                [service=iam_service]
                [correlationId=]
                [userId=]
                [keyId=]
                [challengeId=]
                - HHH000412: Hibernate ORM core version 6.5.3.Final
2026-06-07 17:03:47.646 [main] INFO  o.h.c.i.RegionFactoryInitiator
                [service=iam_service]
                [correlationId=]
                [userId=]
                [keyId=]
                [challengeId=]
                - HHH000026: Second-level cache disabled
2026-06-07 17:03:47.865 [main] INFO  o.s.o.j.p.SpringPersistenceUnitInfo
                [service=iam_service]
                [correlationId=]
                [userId=]
                [keyId=]
                [challengeId=]
                - No LoadTimeWeaver setup: ignoring JPA class transformer
2026-06-07 17:03:48.670 [main] INFO  o.h.e.t.j.p.i.JtaPlatformInitiator
                [service=iam_service]
                [correlationId=]
                [userId=]
                [keyId=]
                [challengeId=]
                - HHH000489: No JTA platform available (set 'hibernate.transaction.jta.platform' to enable JTA platform integration)
2026-06-07 17:03:48.728 [main] INFO  com.zaxxer.hikari.HikariDataSource
                [service=iam_service]
                [correlationId=]
                [userId=]
                [keyId=]
                [challengeId=]
                - HikariPool-1 - Shutdown initiated...
2026-06-07 17:03:48.729 [main] INFO  com.zaxxer.hikari.HikariDataSource
                [service=iam_service]
                [correlationId=]
                [userId=]
                [keyId=]
                [challengeId=]
                - HikariPool-1 - Shutdown completed.
2026-06-07 17:03:48.731 [main] INFO  o.a.catalina.core.StandardService
                [service=iam_service]
                [correlationId=]
                [userId=]
                [keyId=]
                [challengeId=]
                - Stopping service [Tomcat]
2026-06-07 17:03:48.734 [main] INFO  o.s.b.a.l.ConditionEvaluationReportLogger
                [service=iam_service]
                [correlationId=]
                [userId=]
                [keyId=]
                [challengeId=]
                - 

Error starting ApplicationContext. To display the condition evaluation report re-run your application with 'debug' enabled.
2026-06-07 17:06:15.964 [background-preinit] INFO  o.h.validator.internal.util.Version
                [service=iam_service]
                [correlationId=]
                [userId=]
                [keyId=]
                [challengeId=]
                - HV000001: Hibernate Validator 8.0.1.Final
2026-06-07 17:06:16.000 [main] INFO  c.c.iam.IamServiceApplication
                [service=iam_service]
                [correlationId=]
                [userId=]
                [keyId=]
                [challengeId=]
                - Starting IamServiceApplication using Java 17.0.19 with PID 10740 (C:\Users\Lenovo\IdeaProjects\5th_Spring_miceoservice\services\iam\target\classes started by Lenovo in C:\Users\Lenovo\IdeaProjects\5th_Spring_miceoservice)
2026-06-07 17:06:16.000 [main] INFO  c.c.iam.IamServiceApplication
                [service=iam_service]
                [correlationId=]
                [userId=]
                [keyId=]
                [challengeId=]
                - No active profile set, falling back to 1 default profile: "default"
2026-06-07 17:06:16.852 [main] INFO  o.s.d.r.c.RepositoryConfigurationDelegate
                [service=iam_service]
                [correlationId=]
                [userId=]
                [keyId=]
                [challengeId=]
                - Bootstrapping Spring Data JPA repositories in DEFAULT mode.
2026-06-07 17:06:16.945 [main] INFO  o.s.d.r.c.RepositoryConfigurationDelegate
                [service=iam_service]
                [correlationId=]
                [userId=]
                [keyId=]
                [challengeId=]
                - Finished Spring Data repository scanning in 82 ms. Found 4 JPA repository interfaces.
2026-06-07 17:06:17.715 [main] INFO  o.s.b.w.e.tomcat.TomcatWebServer
                [service=iam_service]
                [correlationId=]
                [userId=]
                [keyId=]
                [challengeId=]
                - Tomcat initialized with port 8081 (http)
2026-06-07 17:06:17.734 [main] INFO  o.a.coyote.http11.Http11NioProtocol
                [service=iam_service]
                [correlationId=]
                [userId=]
                [keyId=]
                [challengeId=]
                - Initializing ProtocolHandler ["http-nio-8081"]
2026-06-07 17:06:17.739 [main] INFO  o.a.catalina.core.StandardService
                [service=iam_service]
                [correlationId=]
                [userId=]
                [keyId=]
                [challengeId=]
                - Starting service [Tomcat]
2026-06-07 17:06:17.739 [main] INFO  o.a.catalina.core.StandardEngine
                [service=iam_service]
                [correlationId=]
                [userId=]
                [keyId=]
                [challengeId=]
                - Starting Servlet engine: [Apache Tomcat/10.1.31]
2026-06-07 17:06:17.807 [main] INFO  o.a.c.c.C.[Tomcat].[localhost].[/]
                [service=iam_service]
                [correlationId=]
                [userId=]
                [keyId=]
                [challengeId=]
                - Initializing Spring embedded WebApplicationContext
2026-06-07 17:06:17.808 [main] INFO  o.s.b.w.s.c.ServletWebServerApplicationContext
                [service=iam_service]
                [correlationId=]
                [userId=]
                [keyId=]
                [challengeId=]
                - Root WebApplicationContext: initialization completed in 1782 ms
2026-06-07 17:06:18.312 [main] INFO  com.zaxxer.hikari.HikariDataSource
                [service=iam_service]
                [correlationId=]
                [userId=]
                [keyId=]
                [challengeId=]
                - HikariPool-1 - Starting...
2026-06-07 17:06:19.429 [main] INFO  com.zaxxer.hikari.HikariDataSource
                [service=iam_service]
                [correlationId=]
                [userId=]
                [keyId=]
                [challengeId=]
                - HikariPool-1 - Starting...
2026-06-07 17:06:20.477 [main] INFO  com.zaxxer.hikari.HikariDataSource
                [service=iam_service]
                [correlationId=]
                [userId=]
                [keyId=]
                [challengeId=]
                - HikariPool-1 - Starting...
2026-06-07 17:06:21.523 [main] INFO  com.zaxxer.hikari.HikariDataSource
                [service=iam_service]
                [correlationId=]
                [userId=]
                [keyId=]
                [challengeId=]
                - HikariPool-1 - Starting...
2026-06-07 17:06:22.548 [main] INFO  com.zaxxer.hikari.HikariDataSource
                [service=iam_service]
                [correlationId=]
                [userId=]
                [keyId=]
                [challengeId=]
                - HikariPool-1 - Starting...
2026-06-07 17:06:23.569 [main] INFO  o.a.catalina.core.StandardService
                [service=iam_service]
                [correlationId=]
                [userId=]
                [keyId=]
                [challengeId=]
                - Stopping service [Tomcat]
2026-06-07 17:06:23.591 [main] INFO  o.s.b.a.l.ConditionEvaluationReportLogger
                [service=iam_service]
                [correlationId=]
                [userId=]
                [keyId=]
                [challengeId=]
                - 

Error starting ApplicationContext. To display the condition evaluation report re-run your application with 'debug' enabled.
2026-06-07 17:07:35.740 [background-preinit] INFO  o.h.validator.internal.util.Version
                [service=iam_service]
                [correlationId=]
                [userId=]
                [keyId=]
                [challengeId=]
                - HV000001: Hibernate Validator 8.0.1.Final
2026-06-07 17:07:35.782 [main] INFO  c.c.iam.IamServiceApplication
                [service=iam_service]
                [correlationId=]
                [userId=]
                [keyId=]
                [challengeId=]
                - Starting IamServiceApplication using Java 17.0.19 with PID 5660 (C:\Users\Lenovo\IdeaProjects\5th_Spring_miceoservice\services\iam\target\classes started by Lenovo in C:\Users\Lenovo\IdeaProjects\5th_Spring_miceoservice)
2026-06-07 17:07:35.782 [main] INFO  c.c.iam.IamServiceApplication
                [service=iam_service]
                [correlationId=]
                [userId=]
                [keyId=]
                [challengeId=]
                - No active profile set, falling back to 1 default profile: "default"
2026-06-07 17:07:36.671 [main] INFO  o.s.d.r.c.RepositoryConfigurationDelegate
                [service=iam_service]
                [correlationId=]
                [userId=]
                [keyId=]
                [challengeId=]
                - Bootstrapping Spring Data JPA repositories in DEFAULT mode.
2026-06-07 17:07:36.764 [main] INFO  o.s.d.r.c.RepositoryConfigurationDelegate
                [service=iam_service]
                [correlationId=]
                [userId=]
                [keyId=]
                [challengeId=]
                - Finished Spring Data repository scanning in 75 ms. Found 4 JPA repository interfaces.
2026-06-07 17:07:37.536 [main] INFO  o.s.b.w.e.tomcat.TomcatWebServer
                [service=iam_service]
                [correlationId=]
                [userId=]
                [keyId=]
                [challengeId=]
                - Tomcat initialized with port 8081 (http)
2026-06-07 17:07:37.551 [main] INFO  o.a.coyote.http11.Http11NioProtocol
                [service=iam_service]
                [correlationId=]
                [userId=]
                [keyId=]
                [challengeId=]
                - Initializing ProtocolHandler ["http-nio-8081"]
2026-06-07 17:07:37.551 [main] INFO  o.a.catalina.core.StandardService
                [service=iam_service]
                [correlationId=]
                [userId=]
                [keyId=]
                [challengeId=]
                - Starting service [Tomcat]
2026-06-07 17:07:37.551 [main] INFO  o.a.catalina.core.StandardEngine
                [service=iam_service]
                [correlationId=]
                [userId=]
                [keyId=]
                [challengeId=]
                - Starting Servlet engine: [Apache Tomcat/10.1.31]
2026-06-07 17:07:37.609 [main] INFO  o.a.c.c.C.[Tomcat].[localhost].[/]
                [service=iam_service]
                [correlationId=]
                [userId=]
                [keyId=]
                [challengeId=]
                - Initializing Spring embedded WebApplicationContext
2026-06-07 17:07:37.625 [main] INFO  o.s.b.w.s.c.ServletWebServerApplicationContext
                [service=iam_service]
                [correlationId=]
                [userId=]
                [keyId=]
                [challengeId=]
                - Root WebApplicationContext: initialization completed in 1812 ms
2026-06-07 17:07:38.214 [main] INFO  com.zaxxer.hikari.HikariDataSource
                [service=iam_service]
                [correlationId=]
                [userId=]
                [keyId=]
                [challengeId=]
                - HikariPool-1 - Starting...
2026-06-07 17:07:38.383 [main] INFO  com.zaxxer.hikari.pool.HikariPool
                [service=iam_service]
                [correlationId=]
                [userId=]
                [keyId=]
                [challengeId=]
                - HikariPool-1 - Added connection org.postgresql.jdbc.PgConnection@1f3c5308
2026-06-07 17:07:38.383 [main] INFO  com.zaxxer.hikari.HikariDataSource
                [service=iam_service]
                [correlationId=]
                [userId=]
                [keyId=]
                [challengeId=]
                - HikariPool-1 - Start completed.
2026-06-07 17:07:38.414 [main] INFO  org.flywaydb.core.FlywayExecutor
                [service=iam_service]
                [correlationId=]
                [userId=]
                [keyId=]
                [challengeId=]
                - Database: jdbc:postgresql://localhost:5432/iam_db (PostgreSQL 18.4)
2026-06-07 17:07:38.447 [main] INFO  o.f.c.i.s.JdbcTableSchemaHistory
                [service=iam_service]
                [correlationId=]
                [userId=]
                [keyId=]
                [challengeId=]
                - Schema history table "public"."flyway_schema_history" does not exist yet
2026-06-07 17:07:38.452 [main] INFO  o.f.core.internal.command.DbValidate
                [service=iam_service]
                [correlationId=]
                [userId=]
                [keyId=]
                [challengeId=]
                - Successfully validated 4 migrations (execution time 00:00.019s)
2026-06-07 17:07:38.453 [main] INFO  o.f.c.i.s.JdbcTableSchemaHistory
                [service=iam_service]
                [correlationId=]
                [userId=]
                [keyId=]
                [challengeId=]
                - Creating Schema History table "public"."flyway_schema_history" ...
2026-06-07 17:07:38.536 [main] INFO  o.f.core.internal.command.DbMigrate
                [service=iam_service]
                [correlationId=]
                [userId=]
                [keyId=]
                [challengeId=]
                - Current version of schema "public": << Empty Schema >>
2026-06-07 17:07:38.541 [main] INFO  o.f.core.internal.command.DbMigrate
                [service=iam_service]
                [correlationId=]
                [userId=]
                [keyId=]
                [challengeId=]
                - Migrating schema "public" to version "1 - create user accounts"
2026-06-07 17:07:38.562 [main] INFO  o.f.core.internal.command.DbMigrate
                [service=iam_service]
                [correlationId=]
                [userId=]
                [keyId=]
                [challengeId=]
                - Migrating schema "public" to version "2 - create user public keys"
2026-06-07 17:07:38.578 [main] INFO  o.f.core.internal.command.DbMigrate
                [service=iam_service]
                [correlationId=]
                [userId=]
                [keyId=]
                [challengeId=]
                - Migrating schema "public" to version "3 - create auth challenges"
2026-06-07 17:07:38.593 [main] INFO  o.f.core.internal.command.DbMigrate
                [service=iam_service]
                [correlationId=]
                [userId=]
                [keyId=]
                [challengeId=]
                - Migrating schema "public" to version "4 - create outbox events"
2026-06-07 17:07:38.609 [main] INFO  o.f.core.internal.command.DbMigrate
                [service=iam_service]
                [correlationId=]
                [userId=]
                [keyId=]
                [challengeId=]
                - Successfully applied 4 migrations to schema "public", now at version v4 (execution time 00:00.028s)
2026-06-07 17:07:38.743 [main] INFO  o.h.jpa.internal.util.LogHelper
                [service=iam_service]
                [correlationId=]
                [userId=]
                [keyId=]
                [challengeId=]
                - HHH000204: Processing PersistenceUnitInfo [name: default]
2026-06-07 17:07:38.812 [main] INFO  org.hibernate.Version
                [service=iam_service]
                [correlationId=]
                [userId=]
                [keyId=]
                [challengeId=]
                - HHH000412: Hibernate ORM core version 6.5.3.Final
2026-06-07 17:07:38.827 [main] INFO  o.h.c.i.RegionFactoryInitiator
                [service=iam_service]
                [correlationId=]
                [userId=]
                [keyId=]
                [challengeId=]
                - HHH000026: Second-level cache disabled
2026-06-07 17:07:39.000 [main] INFO  o.s.o.j.p.SpringPersistenceUnitInfo
                [service=iam_service]
                [correlationId=]
                [userId=]
                [keyId=]
                [challengeId=]
                - No LoadTimeWeaver setup: ignoring JPA class transformer
2026-06-07 17:07:39.656 [main] INFO  o.h.e.t.j.p.i.JtaPlatformInitiator
                [service=iam_service]
                [correlationId=]
                [userId=]
                [keyId=]
                [challengeId=]
                - HHH000489: No JTA platform available (set 'hibernate.transaction.jta.platform' to enable JTA platform integration)
2026-06-07 17:07:39.683 [main] INFO  com.zaxxer.hikari.HikariDataSource
                [service=iam_service]
                [correlationId=]
                [userId=]
                [keyId=]
                [challengeId=]
                - HikariPool-1 - Shutdown initiated...
2026-06-07 17:07:39.683 [main] INFO  com.zaxxer.hikari.HikariDataSource
                [service=iam_service]
                [correlationId=]
                [userId=]
                [keyId=]
                [challengeId=]
                - HikariPool-1 - Shutdown completed.
2026-06-07 17:07:39.699 [main] INFO  o.a.catalina.core.StandardService
                [service=iam_service]
                [correlationId=]
                [userId=]
                [keyId=]
                [challengeId=]
                - Stopping service [Tomcat]
2026-06-07 17:07:39.699 [main] INFO  o.s.b.a.l.ConditionEvaluationReportLogger
                [service=iam_service]
                [correlationId=]
                [userId=]
                [keyId=]
                [challengeId=]
                - 

Error starting ApplicationContext. To display the condition evaluation report re-run your application with 'debug' enabled.
2026-06-07 17:10:16.753 [background-preinit] INFO  o.h.validator.internal.util.Version
                [service=iam_service]
                [correlationId=]
                [userId=]
                [keyId=]
                [challengeId=]
                - HV000001: Hibernate Validator 8.0.1.Final
2026-06-07 17:10:16.787 [main] INFO  c.c.iam.IamServiceApplication
                [service=iam_service]
                [correlationId=]
                [userId=]
                [keyId=]
                [challengeId=]
                - Starting IamServiceApplication using Java 17.0.19 with PID 12624 (C:\Users\Lenovo\IdeaProjects\5th_Spring_miceoservice\services\iam\target\classes started by Lenovo in C:\Users\Lenovo\IdeaProjects\5th_Spring_miceoservice)
2026-06-07 17:10:16.788 [main] INFO  c.c.iam.IamServiceApplication
                [service=iam_service]
                [correlationId=]
                [userId=]
                [keyId=]
                [challengeId=]
                - No active profile set, falling back to 1 default profile: "default"
2026-06-07 17:10:17.562 [main] INFO  o.s.d.r.c.RepositoryConfigurationDelegate
                [service=iam_service]
                [correlationId=]
                [userId=]
                [keyId=]
                [challengeId=]
                - Bootstrapping Spring Data JPA repositories in DEFAULT mode.
2026-06-07 17:10:17.635 [main] INFO  o.s.d.r.c.RepositoryConfigurationDelegate
                [service=iam_service]
                [correlationId=]
                [userId=]
                [keyId=]
                [challengeId=]
                - Finished Spring Data repository scanning in 69 ms. Found 4 JPA repository interfaces.
2026-06-07 17:10:18.361 [main] INFO  o.s.b.w.e.tomcat.TomcatWebServer
                [service=iam_service]
                [correlationId=]
                [userId=]
                [keyId=]
                [challengeId=]
                - Tomcat initialized with port 8081 (http)
2026-06-07 17:10:18.376 [main] INFO  o.a.coyote.http11.Http11NioProtocol
                [service=iam_service]
                [correlationId=]
                [userId=]
                [keyId=]
                [challengeId=]
                - Initializing ProtocolHandler ["http-nio-8081"]
2026-06-07 17:10:18.380 [main] INFO  o.a.catalina.core.StandardService
                [service=iam_service]
                [correlationId=]
                [userId=]
                [keyId=]
                [challengeId=]
                - Starting service [Tomcat]
2026-06-07 17:10:18.381 [main] INFO  o.a.catalina.core.StandardEngine
                [service=iam_service]
                [correlationId=]
                [userId=]
                [keyId=]
                [challengeId=]
                - Starting Servlet engine: [Apache Tomcat/10.1.31]
2026-06-07 17:10:18.444 [main] INFO  o.a.c.c.C.[Tomcat].[localhost].[/]
                [service=iam_service]
                [correlationId=]
                [userId=]
                [keyId=]
                [challengeId=]
                - Initializing Spring embedded WebApplicationContext
2026-06-07 17:10:18.445 [main] INFO  o.s.b.w.s.c.ServletWebServerApplicationContext
                [service=iam_service]
                [correlationId=]
                [userId=]
                [keyId=]
                [challengeId=]
                - Root WebApplicationContext: initialization completed in 1627 ms
2026-06-07 17:10:19.015 [main] INFO  com.zaxxer.hikari.HikariDataSource
                [service=iam_service]
                [correlationId=]
                [userId=]
                [keyId=]
                [challengeId=]
                - HikariPool-1 - Starting...
2026-06-07 17:10:19.158 [main] INFO  com.zaxxer.hikari.pool.HikariPool
                [service=iam_service]
                [correlationId=]
                [userId=]
                [keyId=]
                [challengeId=]
                - HikariPool-1 - Added connection org.postgresql.jdbc.PgConnection@29f95272
2026-06-07 17:10:19.158 [main] INFO  com.zaxxer.hikari.HikariDataSource
                [service=iam_service]
                [correlationId=]
                [userId=]
                [keyId=]
                [challengeId=]
                - HikariPool-1 - Start completed.
2026-06-07 17:10:19.200 [main] INFO  org.flywaydb.core.FlywayExecutor
                [service=iam_service]
                [correlationId=]
                [userId=]
                [keyId=]
                [challengeId=]
                - Database: jdbc:postgresql://localhost:5432/iam_db (PostgreSQL 18.4)
2026-06-07 17:10:19.231 [main] INFO  o.f.c.i.s.JdbcTableSchemaHistory
                [service=iam_service]
                [correlationId=]
                [userId=]
                [keyId=]
                [challengeId=]
                - Schema history table "public"."flyway_schema_history" does not exist yet
2026-06-07 17:10:19.231 [main] INFO  o.f.core.internal.command.DbValidate
                [service=iam_service]
                [correlationId=]
                [userId=]
                [keyId=]
                [challengeId=]
                - Successfully validated 4 migrations (execution time 00:00.022s)
2026-06-07 17:10:19.257 [main] INFO  o.f.c.i.s.JdbcTableSchemaHistory
                [service=iam_service]
                [correlationId=]
                [userId=]
                [keyId=]
                [challengeId=]
                - Creating Schema History table "public"."flyway_schema_history" ...
2026-06-07 17:10:19.343 [main] INFO  o.f.core.internal.command.DbMigrate
                [service=iam_service]
                [correlationId=]
                [userId=]
                [keyId=]
                [challengeId=]
                - Current version of schema "public": << Empty Schema >>
2026-06-07 17:10:19.344 [main] INFO  o.f.core.internal.command.DbMigrate
                [service=iam_service]
                [correlationId=]
                [userId=]
                [keyId=]
                [challengeId=]
                - Migrating schema "public" to version "1 - create user accounts"
2026-06-07 17:10:19.381 [main] INFO  o.f.core.internal.command.DbMigrate
                [service=iam_service]
                [correlationId=]
                [userId=]
                [keyId=]
                [challengeId=]
                - Migrating schema "public" to version "2 - create user public keys"
2026-06-07 17:10:19.386 [main] INFO  o.f.core.internal.command.DbMigrate
                [service=iam_service]
                [correlationId=]
                [userId=]
                [keyId=]
                [challengeId=]
                - Migrating schema "public" to version "3 - create auth challenges"
2026-06-07 17:10:19.406 [main] INFO  o.f.core.internal.command.DbMigrate
                [service=iam_service]
                [correlationId=]
                [userId=]
                [keyId=]
                [challengeId=]
                - Migrating schema "public" to version "4 - create outbox events"
2026-06-07 17:10:19.421 [main] INFO  o.f.core.internal.command.DbMigrate
                [service=iam_service]
                [correlationId=]
                [userId=]
                [keyId=]
                [challengeId=]
                - Successfully applied 4 migrations to schema "public", now at version v4 (execution time 00:00.031s)
2026-06-07 17:10:19.509 [main] INFO  o.h.jpa.internal.util.LogHelper
                [service=iam_service]
                [correlationId=]
                [userId=]
                [keyId=]
                [challengeId=]
                - HHH000204: Processing PersistenceUnitInfo [name: default]
2026-06-07 17:10:19.546 [main] INFO  org.hibernate.Version
                [service=iam_service]
                [correlationId=]
                [userId=]
                [keyId=]
                [challengeId=]
                - HHH000412: Hibernate ORM core version 6.5.3.Final
2026-06-07 17:10:19.562 [main] INFO  o.h.c.i.RegionFactoryInitiator
                [service=iam_service]
                [correlationId=]
                [userId=]
                [keyId=]
                [challengeId=]
                - HHH000026: Second-level cache disabled
2026-06-07 17:10:19.723 [main] INFO  o.s.o.j.p.SpringPersistenceUnitInfo
                [service=iam_service]
                [correlationId=]
                [userId=]
                [keyId=]
                [challengeId=]
                - No LoadTimeWeaver setup: ignoring JPA class transformer
2026-06-07 17:10:20.373 [main] INFO  o.h.e.t.j.p.i.JtaPlatformInitiator
                [service=iam_service]
                [correlationId=]
                [userId=]
                [keyId=]
                [challengeId=]
                - HHH000489: No JTA platform available (set 'hibernate.transaction.jta.platform' to enable JTA platform integration)
2026-06-07 17:10:20.408 [main] INFO  o.s.o.j.LocalContainerEntityManagerFactoryBean
                [service=iam_service]
                [correlationId=]
                [userId=]
                [keyId=]
                [challengeId=]
                - Initialized JPA EntityManagerFactory for persistence unit 'default'
2026-06-07 17:10:22.073 [main] INFO  o.s.b.a.e.web.EndpointLinksResolver
                [service=iam_service]
                [correlationId=]
                [userId=]
                [keyId=]
                [challengeId=]
                - Exposing 2 endpoints beneath base path '/actuator'
2026-06-07 17:10:22.151 [main] INFO  o.a.k.c.admin.AdminClientConfig
                [service=iam_service]
                [correlationId=]
                [userId=]
                [keyId=]
                [challengeId=]
                - AdminClientConfig values: 
	auto.include.jmx.reporter = true
	bootstrap.controllers = []
	bootstrap.servers = [localhost:9092]
	client.dns.lookup = use_all_dns_ips
	client.id = iam-service-admin-0
	connections.max.idle.ms = 300000
	default.api.timeout.ms = 60000
	enable.metrics.push = true
	metadata.max.age.ms = 300000
	metric.reporters = []
	metrics.num.samples = 2
	metrics.recording.level = INFO
	metrics.sample.window.ms = 30000
	receive.buffer.bytes = 65536
	reconnect.backoff.max.ms = 1000
	reconnect.backoff.ms = 50
	request.timeout.ms = 30000
	retries = 2147483647
	retry.backoff.max.ms = 1000
	retry.backoff.ms = 100
	sasl.client.callback.handler.class = null
	sasl.jaas.config = null
	sasl.kerberos.kinit.cmd = /usr/bin/kinit
	sasl.kerberos.min.time.before.relogin = 60000
	sasl.kerberos.service.name = null
	sasl.kerberos.ticket.renew.jitter = 0.05
	sasl.kerberos.ticket.renew.window.factor = 0.8
	sasl.login.callback.handler.class = null
	sasl.login.class = null
	sasl.login.connect.timeout.ms = null
	sasl.login.read.timeout.ms = null
	sasl.login.refresh.buffer.seconds = 300
	sasl.login.refresh.min.period.seconds = 60
	sasl.login.refresh.window.factor = 0.8
	sasl.login.refresh.window.jitter = 0.05
	sasl.login.retry.backoff.max.ms = 10000
	sasl.login.retry.backoff.ms = 100
	sasl.mechanism = GSSAPI
	sasl.oauthbearer.clock.skew.seconds = 30
	sasl.oauthbearer.expected.audience = null
	sasl.oauthbearer.expected.issuer = null
	sasl.oauthbearer.jwks.endpoint.refresh.ms = 3600000
	sasl.oauthbearer.jwks.endpoint.retry.backoff.max.ms = 10000
	sasl.oauthbearer.jwks.endpoint.retry.backoff.ms = 100
	sasl.oauthbearer.jwks.endpoint.url = null
	sasl.oauthbearer.scope.claim.name = scope
	sasl.oauthbearer.sub.claim.name = sub
	sasl.oauthbearer.token.endpoint.url = null
	security.protocol = PLAINTEXT
	security.providers = null
	send.buffer.bytes = 131072
	socket.connection.setup.timeout.max.ms = 30000
	socket.connection.setup.timeout.ms = 10000
	ssl.cipher.suites = null
	ssl.enabled.protocols = [TLSv1.2, TLSv1.3]
	ssl.endpoint.identification.algorithm = https
	ssl.engine.factory.class = null
	ssl.key.password = null
	ssl.keymanager.algorithm = SunX509
	ssl.keystore.certificate.chain = null
	ssl.keystore.key = null
	ssl.keystore.location = null
	ssl.keystore.password = null
	ssl.keystore.type = JKS
	ssl.protocol = TLSv1.3
	ssl.provider = null
	ssl.secure.random.implementation = null
	ssl.trustmanager.algorithm = PKIX
	ssl.truststore.certificates = null
	ssl.truststore.location = null
	ssl.truststore.password = null
	ssl.truststore.type = JKS

2026-06-07 17:10:22.254 [main] INFO  o.a.kafka.common.utils.AppInfoParser
                [service=iam_service]
                [correlationId=]
                [userId=]
                [keyId=]
                [challengeId=]
                - Kafka version: 3.7.1
2026-06-07 17:10:22.255 [main] INFO  o.a.kafka.common.utils.AppInfoParser
                [service=iam_service]
                [correlationId=]
                [userId=]
                [keyId=]
                [challengeId=]
                - Kafka commitId: e2494e6ffb89f828
2026-06-07 17:10:22.255 [main] INFO  o.a.kafka.common.utils.AppInfoParser
                [service=iam_service]
                [correlationId=]
                [userId=]
                [keyId=]
                [challengeId=]
                - Kafka startTimeMs: 1780841422254
2026-06-07 17:10:22.596 [kafka-admin-client-thread | iam-service-admin-0] INFO  o.a.kafka.common.utils.AppInfoParser
                [service=iam_service]
                [correlationId=]
                [userId=]
                [keyId=]
                [challengeId=]
                - App info kafka.admin.client for iam-service-admin-0 unregistered
2026-06-07 17:10:22.600 [kafka-admin-client-thread | iam-service-admin-0] INFO  o.a.kafka.common.metrics.Metrics
                [service=iam_service]
                [correlationId=]
                [userId=]
                [keyId=]
                [challengeId=]
                - Metrics scheduler closed
2026-06-07 17:10:22.600 [kafka-admin-client-thread | iam-service-admin-0] INFO  o.a.kafka.common.metrics.Metrics
                [service=iam_service]
                [correlationId=]
                [userId=]
                [keyId=]
                [challengeId=]
                - Closing reporter org.apache.kafka.common.metrics.JmxReporter
2026-06-07 17:10:22.601 [kafka-admin-client-thread | iam-service-admin-0] INFO  o.a.kafka.common.metrics.Metrics
                [service=iam_service]
                [correlationId=]
                [userId=]
                [keyId=]
                [challengeId=]
                - Metrics reporters closed
2026-06-07 17:10:22.604 [main] INFO  o.a.coyote.http11.Http11NioProtocol
                [service=iam_service]
                [correlationId=]
                [userId=]
                [keyId=]
                [challengeId=]
                - Starting ProtocolHandler ["http-nio-8081"]
2026-06-07 17:10:22.614 [main] INFO  o.s.b.w.e.tomcat.TomcatWebServer
                [service=iam_service]
                [correlationId=]
                [userId=]
                [keyId=]
                [challengeId=]
                - Tomcat started on port 8081 (http) with context path '/'
2026-06-07 17:10:22.639 [main] INFO  c.c.iam.IamServiceApplication
                [service=iam_service]
                [correlationId=]
                [userId=]
                [keyId=]
                [challengeId=]
                - Started IamServiceApplication in 6.21 seconds (process running for 6.46)
2026-06-07 17:12:46.788 [http-nio-8081-exec-1] INFO  o.a.c.c.C.[Tomcat].[localhost].[/]
                [service=iam_service]
                [correlationId=]
                [userId=]
                [keyId=]
                [challengeId=]
                - Initializing Spring DispatcherServlet 'dispatcherServlet'
2026-06-07 17:12:46.788 [http-nio-8081-exec-1] INFO  o.s.web.servlet.DispatcherServlet
                [service=iam_service]
                [correlationId=]
                [userId=]
                [keyId=]
                [challengeId=]
                - Initializing Servlet 'dispatcherServlet'
2026-06-07 17:12:46.790 [http-nio-8081-exec-1] INFO  o.s.web.servlet.DispatcherServlet
                [service=iam_service]
                [correlationId=]
                [userId=]
                [keyId=]
                [challengeId=]
                - Completed initialization in 2 ms
2026-06-07 17:12:46.792 [http-nio-8081-exec-1] INFO  c.c.i.c.filter.RequestLoggingFilter
                [service=iam_service]
                [correlationId=70c7fbce-d024-4d43-bc78-f6e1ac9877bd]
                [userId=]
                [keyId=]
                [challengeId=]
                - HTTP_REQUEST_STARTED method=GET path=/swagger-ui.html correlationId=70c7fbce-d024-4d43-bc78-f6e1ac9877bd
2026-06-07 17:12:46.861 [http-nio-8081-exec-1] INFO  c.c.i.c.filter.RequestLoggingFilter
                [service=iam_service]
                [correlationId=70c7fbce-d024-4d43-bc78-f6e1ac9877bd]
                [userId=]
                [keyId=]
                [challengeId=]
                - HTTP_REQUEST_COMPLETED method=GET path=/swagger-ui.html status=302 durationMs=69 correlationId=70c7fbce-d024-4d43-bc78-f6e1ac9877bd
2026-06-07 17:12:46.868 [http-nio-8081-exec-4] INFO  c.c.i.c.filter.RequestLoggingFilter
                [service=iam_service]
                [correlationId=dfbb440b-c811-4179-ab6f-5036271af0e9]
                [userId=]
                [keyId=]
                [challengeId=]
                - HTTP_REQUEST_STARTED method=GET path=/swagger-ui/index.html correlationId=dfbb440b-c811-4179-ab6f-5036271af0e9
2026-06-07 17:12:46.874 [http-nio-8081-exec-4] INFO  c.c.i.c.filter.RequestLoggingFilter
                [service=iam_service]
                [correlationId=dfbb440b-c811-4179-ab6f-5036271af0e9]
                [userId=]
                [keyId=]
                [challengeId=]
                - HTTP_REQUEST_COMPLETED method=GET path=/swagger-ui/index.html status=200 durationMs=6 correlationId=dfbb440b-c811-4179-ab6f-5036271af0e9
2026-06-07 17:12:46.883 [http-nio-8081-exec-2] INFO  c.c.i.c.filter.RequestLoggingFilter
                [service=iam_service]
                [correlationId=c705bca0-c9b5-4d73-8eca-0cae83a6601b]
                [userId=]
                [keyId=]
                [challengeId=]
                - HTTP_REQUEST_STARTED method=GET path=/swagger-ui/index.css correlationId=c705bca0-c9b5-4d73-8eca-0cae83a6601b
2026-06-07 17:12:46.883 [http-nio-8081-exec-5] INFO  c.c.i.c.filter.RequestLoggingFilter
                [service=iam_service]
                [correlationId=76fe1a33-96ad-4574-8548-a448ef00e694]
                [userId=]
                [keyId=]
                [challengeId=]
                - HTTP_REQUEST_STARTED method=GET path=/swagger-ui/swagger-ui-bundle.js correlationId=76fe1a33-96ad-4574-8548-a448ef00e694
2026-06-07 17:12:46.883 [http-nio-8081-exec-6] INFO  c.c.i.c.filter.RequestLoggingFilter
                [service=iam_service]
                [correlationId=8ac2b940-dbb4-4b97-8466-7d8199f78774]
                [userId=]
                [keyId=]
                [challengeId=]
                - HTTP_REQUEST_STARTED method=GET path=/swagger-ui/swagger-ui-standalone-preset.js correlationId=8ac2b940-dbb4-4b97-8466-7d8199f78774
2026-06-07 17:12:46.883 [http-nio-8081-exec-3] INFO  c.c.i.c.filter.RequestLoggingFilter
                [service=iam_service]
                [correlationId=bb249ae9-5321-4b24-93a1-210921350f4b]
                [userId=]
                [keyId=]
                [challengeId=]
                - HTTP_REQUEST_STARTED method=GET path=/swagger-ui/swagger-ui.css correlationId=bb249ae9-5321-4b24-93a1-210921350f4b
2026-06-07 17:12:46.884 [http-nio-8081-exec-7] INFO  c.c.i.c.filter.RequestLoggingFilter
                [service=iam_service]
                [correlationId=878c7e28-3aab-401b-985a-8438a648c5ac]
                [userId=]
                [keyId=]
                [challengeId=]
                - HTTP_REQUEST_STARTED method=GET path=/swagger-ui/swagger-initializer.js correlationId=878c7e28-3aab-401b-985a-8438a648c5ac
2026-06-07 17:12:46.890 [http-nio-8081-exec-2] INFO  c.c.i.c.filter.RequestLoggingFilter
                [service=iam_service]
                [correlationId=c705bca0-c9b5-4d73-8eca-0cae83a6601b]
                [userId=]
                [keyId=]
                [challengeId=]
                - HTTP_REQUEST_COMPLETED method=GET path=/swagger-ui/index.css status=200 durationMs=7 correlationId=c705bca0-c9b5-4d73-8eca-0cae83a6601b
2026-06-07 17:12:46.893 [http-nio-8081-exec-3] INFO  c.c.i.c.filter.RequestLoggingFilter
                [service=iam_service]
                [correlationId=bb249ae9-5321-4b24-93a1-210921350f4b]
                [userId=]
                [keyId=]
                [challengeId=]
                - HTTP_REQUEST_COMPLETED method=GET path=/swagger-ui/swagger-ui.css status=200 durationMs=10 correlationId=bb249ae9-5321-4b24-93a1-210921350f4b
2026-06-07 17:12:46.897 [http-nio-8081-exec-6] INFO  c.c.i.c.filter.RequestLoggingFilter
                [service=iam_service]
                [correlationId=8ac2b940-dbb4-4b97-8466-7d8199f78774]
                [userId=]
                [keyId=]
                [challengeId=]
                - HTTP_REQUEST_COMPLETED method=GET path=/swagger-ui/swagger-ui-standalone-preset.js status=200 durationMs=14 correlationId=8ac2b940-dbb4-4b97-8466-7d8199f78774
2026-06-07 17:12:46.908 [http-nio-8081-exec-5] INFO  c.c.i.c.filter.RequestLoggingFilter
                [service=iam_service]
                [correlationId=76fe1a33-96ad-4574-8548-a448ef00e694]
                [userId=]
                [keyId=]
                [challengeId=]
                - HTTP_REQUEST_COMPLETED method=GET path=/swagger-ui/swagger-ui-bundle.js status=200 durationMs=25 correlationId=76fe1a33-96ad-4574-8548-a448ef00e694
2026-06-07 17:12:46.917 [http-nio-8081-exec-7] INFO  c.c.i.c.filter.RequestLoggingFilter
                [service=iam_service]
                [correlationId=878c7e28-3aab-401b-985a-8438a648c5ac]
                [userId=]
                [keyId=]
                [challengeId=]
                - HTTP_REQUEST_COMPLETED method=GET path=/swagger-ui/swagger-initializer.js status=200 durationMs=33 correlationId=878c7e28-3aab-401b-985a-8438a648c5ac
2026-06-07 17:12:46.988 [http-nio-8081-exec-8] INFO  c.c.i.c.filter.RequestLoggingFilter
                [service=iam_service]
                [correlationId=e3cfcdc6-b586-4769-80e5-77f7752a33ab]
                [userId=]
                [keyId=]
                [challengeId=]
                - HTTP_REQUEST_STARTED method=GET path=/api/auth/v3/api-docs/swagger-config correlationId=e3cfcdc6-b586-4769-80e5-77f7752a33ab
2026-06-07 17:12:46.988 [http-nio-8081-exec-9] INFO  c.c.i.c.filter.RequestLoggingFilter
                [service=iam_service]
                [correlationId=d5f60533-6661-4ac3-a4b0-ec0d2466642d]
                [userId=]
                [keyId=]
                [challengeId=]
                - HTTP_REQUEST_STARTED method=GET path=/swagger-ui/favicon-32x32.png correlationId=d5f60533-6661-4ac3-a4b0-ec0d2466642d
2026-06-07 17:12:46.991 [http-nio-8081-exec-9] INFO  c.c.i.c.filter.RequestLoggingFilter
                [service=iam_service]
                [correlationId=d5f60533-6661-4ac3-a4b0-ec0d2466642d]
                [userId=]
                [keyId=]
                [challengeId=]
                - HTTP_REQUEST_COMPLETED method=GET path=/swagger-ui/favicon-32x32.png status=200 durationMs=3 correlationId=d5f60533-6661-4ac3-a4b0-ec0d2466642d
2026-06-07 17:12:46.995 [http-nio-8081-exec-8] INFO  c.c.i.c.filter.RequestLoggingFilter
                [service=iam_service]
                [correlationId=e3cfcdc6-b586-4769-80e5-77f7752a33ab]
                [userId=]
                [keyId=]
                [challengeId=]
                - HTTP_REQUEST_COMPLETED method=GET path=/api/auth/v3/api-docs/swagger-config status=200 durationMs=7 correlationId=e3cfcdc6-b586-4769-80e5-77f7752a33ab
2026-06-07 17:12:47.002 [http-nio-8081-exec-10] INFO  c.c.i.c.filter.RequestLoggingFilter
                [service=iam_service]
                [correlationId=31d2df8b-f8d4-4eda-a4f6-fed9b596fae1]
                [userId=]
                [keyId=]
                [challengeId=]
                - HTTP_REQUEST_STARTED method=GET path=/api/auth/v3/api-docs correlationId=31d2df8b-f8d4-4eda-a4f6-fed9b596fae1
2026-06-07 17:12:47.389 [http-nio-8081-exec-10] INFO  o.s.api.AbstractOpenApiResource
                [service=iam_service]
                [correlationId=31d2df8b-f8d4-4eda-a4f6-fed9b596fae1]
                [userId=]
                [keyId=]
                [challengeId=]
                - Init duration for springdoc-openapi is: 374 ms
2026-06-07 17:12:47.402 [http-nio-8081-exec-10] INFO  c.c.i.c.filter.RequestLoggingFilter
                [service=iam_service]
                [correlationId=31d2df8b-f8d4-4eda-a4f6-fed9b596fae1]
                [userId=]
                [keyId=]
                [challengeId=]
                - HTTP_REQUEST_COMPLETED method=GET path=/api/auth/v3/api-docs status=200 durationMs=401 correlationId=31d2df8b-f8d4-4eda-a4f6-fed9b596fae1
2026-06-07 17:16:53.352 [http-nio-8081-exec-5] INFO  c.c.i.c.filter.RequestLoggingFilter
                [service=iam_service]
                [correlationId=b69b0c9b-29b7-4bbd-8d31-2e9310cd385d]
                [userId=]
                [keyId=]
                [challengeId=]
                - HTTP_REQUEST_STARTED method=POST path=/api/auth/users/register correlationId=b69b0c9b-29b7-4bbd-8d31-2e9310cd385d
2026-06-07 17:16:53.423 [http-nio-8081-exec-5] INFO  c.c.i.a.a.u.RegisterUserUseCase
                [service=iam_service]
                [correlationId=b69b0c9b-29b7-4bbd-8d31-2e9310cd385d]
                [userId=]
                [keyId=]
                [challengeId=]
                - REGISTER_USER_STARTED email=ismail@test.com
2026-06-07 17:16:53.525 [http-nio-8081-exec-5] INFO  c.c.i.a.a.u.RegisterUserUseCase
                [service=iam_service]
                [correlationId=b69b0c9b-29b7-4bbd-8d31-2e9310cd385d]
                [userId=06e21f81-8a3b-4435-80f4-7135942bbaa8]
                [keyId=aca80abc-4457-49d5-ba4e-871bb985e72a]
                [challengeId=]
                - REGISTER_USER_SUCCESS userId=06e21f81-8a3b-4435-80f4-7135942bbaa8 keyId=aca80abc-4457-49d5-ba4e-871bb985e72a
2026-06-07 17:16:53.576 [http-nio-8081-exec-5] INFO  c.c.i.c.filter.RequestLoggingFilter
                [service=iam_service]
                [correlationId=b69b0c9b-29b7-4bbd-8d31-2e9310cd385d]
                [userId=]
                [keyId=]
                [challengeId=]
                - HTTP_REQUEST_COMPLETED method=POST path=/api/auth/users/register status=409 durationMs=224 correlationId=b69b0c9b-29b7-4bbd-8d31-2e9310cd385d
2026-06-07 17:20:59.443 [http-nio-8081-exec-9] INFO  c.c.i.c.filter.RequestLoggingFilter
                [service=iam_service]
                [correlationId=8ca709f1-5aba-442b-a0e3-0501ef72170a]
                [userId=]
                [keyId=]
                [challengeId=]
                - HTTP_REQUEST_STARTED method=POST path=/api/auth/users/register correlationId=8ca709f1-5aba-442b-a0e3-0501ef72170a
2026-06-07 17:20:59.444 [http-nio-8081-exec-9] INFO  c.c.i.a.a.u.RegisterUserUseCase
                [service=iam_service]
                [correlationId=8ca709f1-5aba-442b-a0e3-0501ef72170a]
                [userId=]
                [keyId=]
                [challengeId=]
                - REGISTER_USER_STARTED email=ismail@gmail.com
2026-06-07 17:20:59.451 [http-nio-8081-exec-9] INFO  c.c.i.a.a.u.RegisterUserUseCase
                [service=iam_service]
                [correlationId=8ca709f1-5aba-442b-a0e3-0501ef72170a]
                [userId=50a26649-ff6d-449a-b22d-91614e2372a4]
                [keyId=a285aca1-7d24-4e6e-ac38-c21c56568725]
                [challengeId=]
                - REGISTER_USER_SUCCESS userId=50a26649-ff6d-449a-b22d-91614e2372a4 keyId=a285aca1-7d24-4e6e-ac38-c21c56568725
2026-06-07 17:20:59.451 [http-nio-8081-exec-9] INFO  c.c.i.c.filter.RequestLoggingFilter
                [service=iam_service]
                [correlationId=8ca709f1-5aba-442b-a0e3-0501ef72170a]
                [userId=]
                [keyId=]
                [challengeId=]
                - HTTP_REQUEST_COMPLETED method=POST path=/api/auth/users/register status=409 durationMs=8 correlationId=8ca709f1-5aba-442b-a0e3-0501ef72170a
2026-06-07 18:13:07.683 [SpringApplicationShutdownHook] INFO  o.s.o.j.LocalContainerEntityManagerFactoryBean
                [service=iam_service]
                [correlationId=]
                [userId=]
                [keyId=]
                [challengeId=]
                - Closing JPA EntityManagerFactory for persistence unit 'default'
2026-06-07 18:13:07.683 [SpringApplicationShutdownHook] INFO  com.zaxxer.hikari.HikariDataSource
                [service=iam_service]
                [correlationId=]
                [userId=]
                [keyId=]
                [challengeId=]
                - HikariPool-1 - Shutdown initiated...
2026-06-07 18:13:08.499 [SpringApplicationShutdownHook] INFO  com.zaxxer.hikari.HikariDataSource
                [service=iam_service]
                [correlationId=]
                [userId=]
                [keyId=]
                [challengeId=]
                - HikariPool-1 - Shutdown completed.
2026-06-07 18:14:20.231 [background-preinit] INFO  o.h.validator.internal.util.Version
                [service=iam_service]
                [correlationId=]
                [userId=]
                [keyId=]
                [challengeId=]
                - HV000001: Hibernate Validator 8.0.1.Final
2026-06-07 18:14:20.259 [main] INFO  c.c.iam.IamServiceApplication
                [service=iam_service]
                [correlationId=]
                [userId=]
                [keyId=]
                [challengeId=]
                - Starting IamServiceApplication using Java 17.0.19 with PID 18152 (C:\Users\Lenovo\IdeaProjects\5th_Spring_miceoservice\services\iam\target\classes started by Lenovo in C:\Users\Lenovo\IdeaProjects\5th_Spring_miceoservice)
2026-06-07 18:14:20.259 [main] INFO  c.c.iam.IamServiceApplication
                [service=iam_service]
                [correlationId=]
                [userId=]
                [keyId=]
                [challengeId=]
                - No active profile set, falling back to 1 default profile: "default"
2026-06-07 18:14:21.063 [main] INFO  o.s.d.r.c.RepositoryConfigurationDelegate
                [service=iam_service]
                [correlationId=]
                [userId=]
                [keyId=]
                [challengeId=]
                - Bootstrapping Spring Data JPA repositories in DEFAULT mode.
2026-06-07 18:14:21.149 [main] INFO  o.s.d.r.c.RepositoryConfigurationDelegate
                [service=iam_service]
                [correlationId=]
                [userId=]
                [keyId=]
                [challengeId=]
                - Finished Spring Data repository scanning in 67 ms. Found 4 JPA repository interfaces.
2026-06-07 18:14:21.917 [main] INFO  o.s.b.w.e.tomcat.TomcatWebServer
                [service=iam_service]
                [correlationId=]
                [userId=]
                [keyId=]
                [challengeId=]
                - Tomcat initialized with port 8081 (http)
2026-06-07 18:14:21.938 [main] INFO  o.a.coyote.http11.Http11NioProtocol
                [service=iam_service]
                [correlationId=]
                [userId=]
                [keyId=]
                [challengeId=]
                - Initializing ProtocolHandler ["http-nio-8081"]
2026-06-07 18:14:21.938 [main] INFO  o.a.catalina.core.StandardService
                [service=iam_service]
                [correlationId=]
                [userId=]
                [keyId=]
                [challengeId=]
                - Starting service [Tomcat]
2026-06-07 18:14:21.938 [main] INFO  o.a.catalina.core.StandardEngine
                [service=iam_service]
                [correlationId=]
                [userId=]
                [keyId=]
                [challengeId=]
                - Starting Servlet engine: [Apache Tomcat/10.1.31]
2026-06-07 18:14:22.000 [main] INFO  o.a.c.c.C.[Tomcat].[localhost].[/]
                [service=iam_service]
                [correlationId=]
                [userId=]
                [keyId=]
                [challengeId=]
                - Initializing Spring embedded WebApplicationContext
2026-06-07 18:14:22.000 [main] INFO  o.s.b.w.s.c.ServletWebServerApplicationContext
                [service=iam_service]
                [correlationId=]
                [userId=]
                [keyId=]
                [challengeId=]
                - Root WebApplicationContext: initialization completed in 1711 ms
2026-06-07 18:14:22.486 [main] INFO  com.zaxxer.hikari.HikariDataSource
                [service=iam_service]
                [correlationId=]
                [userId=]
                [keyId=]
                [challengeId=]
                - HikariPool-1 - Starting...
2026-06-07 18:14:22.734 [main] INFO  com.zaxxer.hikari.pool.HikariPool
                [service=iam_service]
                [correlationId=]
                [userId=]
                [keyId=]
                [challengeId=]
                - HikariPool-1 - Added connection org.postgresql.jdbc.PgConnection@7c8f047a
2026-06-07 18:14:22.734 [main] INFO  com.zaxxer.hikari.HikariDataSource
                [service=iam_service]
                [correlationId=]
                [userId=]
                [keyId=]
                [challengeId=]
                - HikariPool-1 - Start completed.
2026-06-07 18:14:22.749 [main] INFO  org.flywaydb.core.FlywayExecutor
                [service=iam_service]
                [correlationId=]
                [userId=]
                [keyId=]
                [challengeId=]
                - Database: jdbc:postgresql://localhost:5432/iam_db (PostgreSQL 18.4)
2026-06-07 18:14:22.790 [main] INFO  o.f.c.i.s.JdbcTableSchemaHistory
                [service=iam_service]
                [correlationId=]
                [userId=]
                [keyId=]
                [challengeId=]
                - Schema history table "public"."flyway_schema_history" does not exist yet
2026-06-07 18:14:22.794 [main] INFO  o.f.core.internal.command.DbValidate
                [service=iam_service]
                [correlationId=]
                [userId=]
                [keyId=]
                [challengeId=]
                - Successfully validated 4 migrations (execution time 00:00.020s)
2026-06-07 18:14:22.797 [main] INFO  o.f.c.i.s.JdbcTableSchemaHistory
                [service=iam_service]
                [correlationId=]
                [userId=]
                [keyId=]
                [challengeId=]
                - Creating Schema History table "public"."flyway_schema_history" ...
2026-06-07 18:14:22.876 [main] INFO  o.f.core.internal.command.DbMigrate
                [service=iam_service]
                [correlationId=]
                [userId=]
                [keyId=]
                [challengeId=]
                - Current version of schema "public": << Empty Schema >>
2026-06-07 18:14:22.876 [main] INFO  o.f.core.internal.command.DbMigrate
                [service=iam_service]
                [correlationId=]
                [userId=]
                [keyId=]
                [challengeId=]
                - Migrating schema "public" to version "1 - create user accounts"
2026-06-07 18:14:22.903 [main] INFO  o.f.core.internal.command.DbMigrate
                [service=iam_service]
                [correlationId=]
                [userId=]
                [keyId=]
                [challengeId=]
                - Migrating schema "public" to version "2 - create user public keys"
2026-06-07 18:14:22.905 [main] INFO  o.f.core.internal.command.DbMigrate
                [service=iam_service]
                [correlationId=]
                [userId=]
                [keyId=]
                [challengeId=]
                - Migrating schema "public" to version "3 - create auth challenges"
2026-06-07 18:14:22.921 [main] INFO  o.f.core.internal.command.DbMigrate
                [service=iam_service]
                [correlationId=]
                [userId=]
                [keyId=]
                [challengeId=]
                - Migrating schema "public" to version "4 - create outbox events"
2026-06-07 18:14:22.949 [main] INFO  o.f.core.internal.command.DbMigrate
                [service=iam_service]
                [correlationId=]
                [userId=]
                [keyId=]
                [challengeId=]
                - Successfully applied 4 migrations to schema "public", now at version v4 (execution time 00:00.030s)
2026-06-07 18:14:23.032 [main] INFO  o.h.jpa.internal.util.LogHelper
                [service=iam_service]
                [correlationId=]
                [userId=]
                [keyId=]
                [challengeId=]
                - HHH000204: Processing PersistenceUnitInfo [name: default]
2026-06-07 18:14:23.078 [main] INFO  org.hibernate.Version
                [service=iam_service]
                [correlationId=]
                [userId=]
                [keyId=]
                [challengeId=]
                - HHH000412: Hibernate ORM core version 6.5.3.Final
2026-06-07 18:14:23.101 [main] INFO  o.h.c.i.RegionFactoryInitiator
                [service=iam_service]
                [correlationId=]
                [userId=]
                [keyId=]
                [challengeId=]
                - HHH000026: Second-level cache disabled
2026-06-07 18:14:23.265 [main] INFO  o.s.o.j.p.SpringPersistenceUnitInfo
                [service=iam_service]
                [correlationId=]
                [userId=]
                [keyId=]
                [challengeId=]
                - No LoadTimeWeaver setup: ignoring JPA class transformer
2026-06-07 18:14:23.906 [main] INFO  o.h.e.t.j.p.i.JtaPlatformInitiator
                [service=iam_service]
                [correlationId=]
                [userId=]
                [keyId=]
                [challengeId=]
                - HHH000489: No JTA platform available (set 'hibernate.transaction.jta.platform' to enable JTA platform integration)
2026-06-07 18:14:23.922 [main] INFO  o.s.o.j.LocalContainerEntityManagerFactoryBean
                [service=iam_service]
                [correlationId=]
                [userId=]
                [keyId=]
                [challengeId=]
                - Initialized JPA EntityManagerFactory for persistence unit 'default'
2026-06-07 18:14:25.281 [main] INFO  o.s.b.a.e.web.EndpointLinksResolver
                [service=iam_service]
                [correlationId=]
                [userId=]
                [keyId=]
                [challengeId=]
                - Exposing 2 endpoints beneath base path '/actuator'
2026-06-07 18:14:25.344 [main] INFO  o.a.k.c.admin.AdminClientConfig
                [service=iam_service]
                [correlationId=]
                [userId=]
                [keyId=]
                [challengeId=]
                - AdminClientConfig values: 
	auto.include.jmx.reporter = true
	bootstrap.controllers = []
	bootstrap.servers = [localhost:9092]
	client.dns.lookup = use_all_dns_ips
	client.id = iam-service-admin-0
	connections.max.idle.ms = 300000
	default.api.timeout.ms = 60000
	enable.metrics.push = true
	metadata.max.age.ms = 300000
	metric.reporters = []
	metrics.num.samples = 2
	metrics.recording.level = INFO
	metrics.sample.window.ms = 30000
	receive.buffer.bytes = 65536
	reconnect.backoff.max.ms = 1000
	reconnect.backoff.ms = 50
	request.timeout.ms = 30000
	retries = 2147483647
	retry.backoff.max.ms = 1000
	retry.backoff.ms = 100
	sasl.client.callback.handler.class = null
	sasl.jaas.config = null
	sasl.kerberos.kinit.cmd = /usr/bin/kinit
	sasl.kerberos.min.time.before.relogin = 60000
	sasl.kerberos.service.name = null
	sasl.kerberos.ticket.renew.jitter = 0.05
	sasl.kerberos.ticket.renew.window.factor = 0.8
	sasl.login.callback.handler.class = null
	sasl.login.class = null
	sasl.login.connect.timeout.ms = null
	sasl.login.read.timeout.ms = null
	sasl.login.refresh.buffer.seconds = 300
	sasl.login.refresh.min.period.seconds = 60
	sasl.login.refresh.window.factor = 0.8
	sasl.login.refresh.window.jitter = 0.05
	sasl.login.retry.backoff.max.ms = 10000
	sasl.login.retry.backoff.ms = 100
	sasl.mechanism = GSSAPI
	sasl.oauthbearer.clock.skew.seconds = 30
	sasl.oauthbearer.expected.audience = null
	sasl.oauthbearer.expected.issuer = null
	sasl.oauthbearer.jwks.endpoint.refresh.ms = 3600000
	sasl.oauthbearer.jwks.endpoint.retry.backoff.max.ms = 10000
	sasl.oauthbearer.jwks.endpoint.retry.backoff.ms = 100
	sasl.oauthbearer.jwks.endpoint.url = null
	sasl.oauthbearer.scope.claim.name = scope
	sasl.oauthbearer.sub.claim.name = sub
	sasl.oauthbearer.token.endpoint.url = null
	security.protocol = PLAINTEXT
	security.providers = null
	send.buffer.bytes = 131072
	socket.connection.setup.timeout.max.ms = 30000
	socket.connection.setup.timeout.ms = 10000
	ssl.cipher.suites = null
	ssl.enabled.protocols = [TLSv1.2, TLSv1.3]
	ssl.endpoint.identification.algorithm = https
	ssl.engine.factory.class = null
	ssl.key.password = null
	ssl.keymanager.algorithm = SunX509
	ssl.keystore.certificate.chain = null
	ssl.keystore.key = null
	ssl.keystore.location = null
	ssl.keystore.password = null
	ssl.keystore.type = JKS
	ssl.protocol = TLSv1.3
	ssl.provider = null
	ssl.secure.random.implementation = null
	ssl.trustmanager.algorithm = PKIX
	ssl.truststore.certificates = null
	ssl.truststore.location = null
	ssl.truststore.password = null
	ssl.truststore.type = JKS

2026-06-07 18:14:25.402 [main] INFO  o.a.kafka.common.utils.AppInfoParser
                [service=iam_service]
                [correlationId=]
                [userId=]
                [keyId=]
                [challengeId=]
                - Kafka version: 3.7.1
2026-06-07 18:14:25.402 [main] INFO  o.a.kafka.common.utils.AppInfoParser
                [service=iam_service]
                [correlationId=]
                [userId=]
                [keyId=]
                [challengeId=]
                - Kafka commitId: e2494e6ffb89f828
2026-06-07 18:14:25.402 [main] INFO  o.a.kafka.common.utils.AppInfoParser
                [service=iam_service]
                [correlationId=]
                [userId=]
                [keyId=]
                [challengeId=]
                - Kafka startTimeMs: 1780845265402
2026-06-07 18:14:25.603 [kafka-admin-client-thread | iam-service-admin-0] INFO  o.a.kafka.common.utils.AppInfoParser
                [service=iam_service]
                [correlationId=]
                [userId=]
                [keyId=]
                [challengeId=]
                - App info kafka.admin.client for iam-service-admin-0 unregistered
2026-06-07 18:14:25.606 [kafka-admin-client-thread | iam-service-admin-0] INFO  o.a.kafka.common.metrics.Metrics
                [service=iam_service]
                [correlationId=]
                [userId=]
                [keyId=]
                [challengeId=]
                - Metrics scheduler closed
2026-06-07 18:14:25.606 [kafka-admin-client-thread | iam-service-admin-0] INFO  o.a.kafka.common.metrics.Metrics
                [service=iam_service]
                [correlationId=]
                [userId=]
                [keyId=]
                [challengeId=]
                - Closing reporter org.apache.kafka.common.metrics.JmxReporter
2026-06-07 18:14:25.606 [kafka-admin-client-thread | iam-service-admin-0] INFO  o.a.kafka.common.metrics.Metrics
                [service=iam_service]
                [correlationId=]
                [userId=]
                [keyId=]
                [challengeId=]
                - Metrics reporters closed
2026-06-07 18:14:25.609 [main] INFO  o.a.coyote.http11.Http11NioProtocol
                [service=iam_service]
                [correlationId=]
                [userId=]
                [keyId=]
                [challengeId=]
                - Starting ProtocolHandler ["http-nio-8081"]
2026-06-07 18:14:25.618 [main] INFO  o.s.b.w.e.tomcat.TomcatWebServer
                [service=iam_service]
                [correlationId=]
                [userId=]
                [keyId=]
                [challengeId=]
                - Tomcat started on port 8081 (http) with context path '/'
2026-06-07 18:14:25.618 [main] INFO  c.c.iam.IamServiceApplication
                [service=iam_service]
                [correlationId=]
                [userId=]
                [keyId=]
                [challengeId=]
                - Started IamServiceApplication in 5.688 seconds (process running for 5.944)
2026-06-07 18:14:35.292 [http-nio-8081-exec-1] INFO  o.a.c.c.C.[Tomcat].[localhost].[/]
                [service=iam_service]
                [correlationId=]
                [userId=]
                [keyId=]
                [challengeId=]
                - Initializing Spring DispatcherServlet 'dispatcherServlet'
2026-06-07 18:14:35.292 [http-nio-8081-exec-1] INFO  o.s.web.servlet.DispatcherServlet
                [service=iam_service]
                [correlationId=]
                [userId=]
                [keyId=]
                [challengeId=]
                - Initializing Servlet 'dispatcherServlet'
2026-06-07 18:14:35.294 [http-nio-8081-exec-1] INFO  o.s.web.servlet.DispatcherServlet
                [service=iam_service]
                [correlationId=]
                [userId=]
                [keyId=]
                [challengeId=]
                - Completed initialization in 2 ms
2026-06-07 18:14:35.298 [http-nio-8081-exec-1] INFO  c.c.i.c.filter.RequestLoggingFilter
                [service=iam_service]
                [correlationId=c667cd96-035b-48e8-9a73-ee4ccb4210c7]
                [userId=]
                [keyId=]
                [challengeId=]
                - HTTP_REQUEST_STARTED method=GET path=/swagger-ui/index.html correlationId=c667cd96-035b-48e8-9a73-ee4ccb4210c7
2026-06-07 18:14:35.324 [http-nio-8081-exec-1] INFO  c.c.i.c.filter.RequestLoggingFilter
                [service=iam_service]
                [correlationId=c667cd96-035b-48e8-9a73-ee4ccb4210c7]
                [userId=]
                [keyId=]
                [challengeId=]
                - HTTP_REQUEST_COMPLETED method=GET path=/swagger-ui/index.html status=304 durationMs=26 correlationId=c667cd96-035b-48e8-9a73-ee4ccb4210c7
2026-06-07 18:14:35.334 [http-nio-8081-exec-2] INFO  c.c.i.c.filter.RequestLoggingFilter
                [service=iam_service]
                [correlationId=169ce33b-8131-4195-802f-3d5286d9afa0]
                [userId=]
                [keyId=]
                [challengeId=]
                - HTTP_REQUEST_STARTED method=GET path=/swagger-ui/swagger-ui.css correlationId=169ce33b-8131-4195-802f-3d5286d9afa0
2026-06-07 18:14:35.334 [http-nio-8081-exec-7] INFO  c.c.i.c.filter.RequestLoggingFilter
                [service=iam_service]
                [correlationId=5a9f760f-3cf3-43bc-becd-c1d90ca3aafd]
                [userId=]
                [keyId=]
                [challengeId=]
                - HTTP_REQUEST_STARTED method=GET path=/swagger-ui/swagger-ui-bundle.js correlationId=5a9f760f-3cf3-43bc-becd-c1d90ca3aafd
2026-06-07 18:14:35.334 [http-nio-8081-exec-6] INFO  c.c.i.c.filter.RequestLoggingFilter
                [service=iam_service]
                [correlationId=74afc83f-8820-43fd-858e-ddebd5c4496c]
                [userId=]
                [keyId=]
                [challengeId=]
                - HTTP_REQUEST_STARTED method=GET path=/swagger-ui/swagger-ui-standalone-preset.js correlationId=74afc83f-8820-43fd-858e-ddebd5c4496c
2026-06-07 18:14:35.334 [http-nio-8081-exec-4] INFO  c.c.i.c.filter.RequestLoggingFilter
                [service=iam_service]
                [correlationId=14c8543c-ac94-42ad-8602-0250874ea86d]
                [userId=]
                [keyId=]
                [challengeId=]
                - HTTP_REQUEST_STARTED method=GET path=/swagger-ui/index.css correlationId=14c8543c-ac94-42ad-8602-0250874ea86d
2026-06-07 18:14:35.334 [http-nio-8081-exec-8] INFO  c.c.i.c.filter.RequestLoggingFilter
                [service=iam_service]
                [correlationId=515822d8-d758-4d49-b7db-67bdf70de4af]
                [userId=]
                [keyId=]
                [challengeId=]
                - HTTP_REQUEST_STARTED method=GET path=/swagger-ui/swagger-initializer.js correlationId=515822d8-d758-4d49-b7db-67bdf70de4af
2026-06-07 18:14:35.337 [http-nio-8081-exec-7] INFO  c.c.i.c.filter.RequestLoggingFilter
                [service=iam_service]
                [correlationId=5a9f760f-3cf3-43bc-becd-c1d90ca3aafd]
                [userId=]
                [keyId=]
                [challengeId=]
                - HTTP_REQUEST_COMPLETED method=GET path=/swagger-ui/swagger-ui-bundle.js status=304 durationMs=3 correlationId=5a9f760f-3cf3-43bc-becd-c1d90ca3aafd
2026-06-07 18:14:35.337 [http-nio-8081-exec-2] INFO  c.c.i.c.filter.RequestLoggingFilter
                [service=iam_service]
                [correlationId=169ce33b-8131-4195-802f-3d5286d9afa0]
                [userId=]
                [keyId=]
                [challengeId=]
                - HTTP_REQUEST_COMPLETED method=GET path=/swagger-ui/swagger-ui.css status=304 durationMs=3 correlationId=169ce33b-8131-4195-802f-3d5286d9afa0
2026-06-07 18:14:35.337 [http-nio-8081-exec-6] INFO  c.c.i.c.filter.RequestLoggingFilter
                [service=iam_service]
                [correlationId=74afc83f-8820-43fd-858e-ddebd5c4496c]
                [userId=]
                [keyId=]
                [challengeId=]
                - HTTP_REQUEST_COMPLETED method=GET path=/swagger-ui/swagger-ui-standalone-preset.js status=304 durationMs=3 correlationId=74afc83f-8820-43fd-858e-ddebd5c4496c
2026-06-07 18:14:35.337 [http-nio-8081-exec-4] INFO  c.c.i.c.filter.RequestLoggingFilter
                [service=iam_service]
                [correlationId=14c8543c-ac94-42ad-8602-0250874ea86d]
                [userId=]
                [keyId=]
                [challengeId=]
                - HTTP_REQUEST_COMPLETED method=GET path=/swagger-ui/index.css status=304 durationMs=3 correlationId=14c8543c-ac94-42ad-8602-0250874ea86d
2026-06-07 18:14:35.356 [http-nio-8081-exec-8] INFO  c.c.i.c.filter.RequestLoggingFilter
                [service=iam_service]
                [correlationId=515822d8-d758-4d49-b7db-67bdf70de4af]
                [userId=]
                [keyId=]
                [challengeId=]
                - HTTP_REQUEST_COMPLETED method=GET path=/swagger-ui/swagger-initializer.js status=200 durationMs=22 correlationId=515822d8-d758-4d49-b7db-67bdf70de4af
2026-06-07 18:14:35.443 [http-nio-8081-exec-5] INFO  c.c.i.c.filter.RequestLoggingFilter
                [service=iam_service]
                [correlationId=0de0a7b0-2167-4f73-abe9-33307816a065]
                [userId=]
                [keyId=]
                [challengeId=]
                - HTTP_REQUEST_STARTED method=GET path=/api/auth/v3/api-docs/swagger-config correlationId=0de0a7b0-2167-4f73-abe9-33307816a065
2026-06-07 18:14:35.445 [http-nio-8081-exec-9] INFO  c.c.i.c.filter.RequestLoggingFilter
                [service=iam_service]
                [correlationId=0065d617-75e0-4368-9b39-85118a941e1f]
                [userId=]
                [keyId=]
                [challengeId=]
                - HTTP_REQUEST_STARTED method=GET path=/swagger-ui/favicon-32x32.png correlationId=0065d617-75e0-4368-9b39-85118a941e1f
2026-06-07 18:14:35.447 [http-nio-8081-exec-9] INFO  c.c.i.c.filter.RequestLoggingFilter
                [service=iam_service]
                [correlationId=0065d617-75e0-4368-9b39-85118a941e1f]
                [userId=]
                [keyId=]
                [challengeId=]
                - HTTP_REQUEST_COMPLETED method=GET path=/swagger-ui/favicon-32x32.png status=304 durationMs=2 correlationId=0065d617-75e0-4368-9b39-85118a941e1f
2026-06-07 18:14:35.468 [http-nio-8081-exec-5] INFO  c.c.i.c.filter.RequestLoggingFilter
                [service=iam_service]
                [correlationId=0de0a7b0-2167-4f73-abe9-33307816a065]
                [userId=]
                [keyId=]
                [challengeId=]
                - HTTP_REQUEST_COMPLETED method=GET path=/api/auth/v3/api-docs/swagger-config status=200 durationMs=25 correlationId=0de0a7b0-2167-4f73-abe9-33307816a065
2026-06-07 18:14:35.475 [http-nio-8081-exec-3] INFO  c.c.i.c.filter.RequestLoggingFilter
                [service=iam_service]
                [correlationId=527cd42e-edde-469a-962e-888f7718c0c9]
                [userId=]
                [keyId=]
                [challengeId=]
                - HTTP_REQUEST_STARTED method=GET path=/api/auth/v3/api-docs correlationId=527cd42e-edde-469a-962e-888f7718c0c9
2026-06-07 18:14:35.938 [http-nio-8081-exec-3] INFO  o.s.api.AbstractOpenApiResource
                [service=iam_service]
                [correlationId=527cd42e-edde-469a-962e-888f7718c0c9]
                [userId=]
                [keyId=]
                [challengeId=]
                - Init duration for springdoc-openapi is: 451 ms
2026-06-07 18:14:35.954 [http-nio-8081-exec-3] INFO  c.c.i.c.filter.RequestLoggingFilter
                [service=iam_service]
                [correlationId=527cd42e-edde-469a-962e-888f7718c0c9]
                [userId=]
                [keyId=]
                [challengeId=]
                - HTTP_REQUEST_COMPLETED method=GET path=/api/auth/v3/api-docs status=200 durationMs=479 correlationId=527cd42e-edde-469a-962e-888f7718c0c9
2026-06-07 18:14:43.029 [http-nio-8081-exec-10] INFO  c.c.i.c.filter.RequestLoggingFilter
                [service=iam_service]
                [correlationId=1f41cb4d-456d-4c8f-b6f4-436ad422feb7]
                [userId=]
                [keyId=]
                [challengeId=]
                - HTTP_REQUEST_STARTED method=POST path=/api/auth/users/register correlationId=1f41cb4d-456d-4c8f-b6f4-436ad422feb7
2026-06-07 18:14:43.087 [http-nio-8081-exec-10] INFO  c.c.i.a.a.u.RegisterUserUseCase
                [service=iam_service]
                [correlationId=1f41cb4d-456d-4c8f-b6f4-436ad422feb7]
                [userId=]
                [keyId=]
                [challengeId=]
                - REGISTER_USER_STARTED email=ismail@gmail.com
2026-06-07 18:14:43.191 [http-nio-8081-exec-10] INFO  c.c.i.a.a.u.RegisterUserUseCase
                [service=iam_service]
                [correlationId=1f41cb4d-456d-4c8f-b6f4-436ad422feb7]
                [userId=04985cd8-1957-40b9-989e-4fc95b74935f]
                [keyId=92122c71-d31c-4049-aef0-ac8fa3a224c1]
                [challengeId=]
                - REGISTER_USER_SUCCESS userId=04985cd8-1957-40b9-989e-4fc95b74935f keyId=92122c71-d31c-4049-aef0-ac8fa3a224c1
2026-06-07 18:14:43.246 [http-nio-8081-exec-10] INFO  c.c.i.c.filter.RequestLoggingFilter
                [service=iam_service]
                [correlationId=1f41cb4d-456d-4c8f-b6f4-436ad422feb7]
                [userId=]
                [keyId=]
                [challengeId=]
                - HTTP_REQUEST_COMPLETED method=POST path=/api/auth/users/register status=200 durationMs=217 correlationId=1f41cb4d-456d-4c8f-b6f4-436ad422feb7
2026-06-07 18:14:45.881 [scheduling-1] INFO  o.a.k.c.producer.ProducerConfig
                [service=iam_service]
                [correlationId=]
                [userId=]
                [keyId=]
                [challengeId=]
                - ProducerConfig values: 
	acks = -1
	auto.include.jmx.reporter = true
	batch.size = 16384
	bootstrap.servers = [localhost:9092]
	buffer.memory = 33554432
	client.dns.lookup = use_all_dns_ips
	client.id = iam-service-producer-1
	compression.type = none
	connections.max.idle.ms = 540000
	delivery.timeout.ms = 120000
	enable.idempotence = true
	enable.metrics.push = true
	interceptor.classes = []
	key.serializer = class org.apache.kafka.common.serialization.StringSerializer
	linger.ms = 0
	max.block.ms = 60000
	max.in.flight.requests.per.connection = 5
	max.request.size = 1048576
	metadata.max.age.ms = 300000
	metadata.max.idle.ms = 300000
	metric.reporters = []
	metrics.num.samples = 2
	metrics.recording.level = INFO
	metrics.sample.window.ms = 30000
	partitioner.adaptive.partitioning.enable = true
	partitioner.availability.timeout.ms = 0
	partitioner.class = null
	partitioner.ignore.keys = false
	receive.buffer.bytes = 32768
	reconnect.backoff.max.ms = 1000
	reconnect.backoff.ms = 50
	request.timeout.ms = 30000
	retries = 10
	retry.backoff.max.ms = 1000
	retry.backoff.ms = 100
	sasl.client.callback.handler.class = null
	sasl.jaas.config = null
	sasl.kerberos.kinit.cmd = /usr/bin/kinit
	sasl.kerberos.min.time.before.relogin = 60000
	sasl.kerberos.service.name = null
	sasl.kerberos.ticket.renew.jitter = 0.05
	sasl.kerberos.ticket.renew.window.factor = 0.8
	sasl.login.callback.handler.class = null
	sasl.login.class = null
	sasl.login.connect.timeout.ms = null
	sasl.login.read.timeout.ms = null
	sasl.login.refresh.buffer.seconds = 300
	sasl.login.refresh.min.period.seconds = 60
	sasl.login.refresh.window.factor = 0.8
	sasl.login.refresh.window.jitter = 0.05
	sasl.login.retry.backoff.max.ms = 10000
	sasl.login.retry.backoff.ms = 100
	sasl.mechanism = GSSAPI
	sasl.oauthbearer.clock.skew.seconds = 30
	sasl.oauthbearer.expected.audience = null
	sasl.oauthbearer.expected.issuer = null
	sasl.oauthbearer.jwks.endpoint.refresh.ms = 3600000
	sasl.oauthbearer.jwks.endpoint.retry.backoff.max.ms = 10000
	sasl.oauthbearer.jwks.endpoint.retry.backoff.ms = 100
	sasl.oauthbearer.jwks.endpoint.url = null
	sasl.oauthbearer.scope.claim.name = scope
	sasl.oauthbearer.sub.claim.name = sub
	sasl.oauthbearer.token.endpoint.url = null
	security.protocol = PLAINTEXT
	security.providers = null
	send.buffer.bytes = 131072
	socket.connection.setup.timeout.max.ms = 30000
	socket.connection.setup.timeout.ms = 10000
	ssl.cipher.suites = null
	ssl.enabled.protocols = [TLSv1.2, TLSv1.3]
	ssl.endpoint.identification.algorithm = https
	ssl.engine.factory.class = null
	ssl.key.password = null
	ssl.keymanager.algorithm = SunX509
	ssl.keystore.certificate.chain = null
	ssl.keystore.key = null
	ssl.keystore.location = null
	ssl.keystore.password = null
	ssl.keystore.type = JKS
	ssl.protocol = TLSv1.3
	ssl.provider = null
	ssl.secure.random.implementation = null
	ssl.trustmanager.algorithm = PKIX
	ssl.truststore.certificates = null
	ssl.truststore.location = null
	ssl.truststore.password = null
	ssl.truststore.type = JKS
	transaction.timeout.ms = 60000
	transactional.id = null
	value.serializer = class org.springframework.kafka.support.serializer.JsonSerializer

2026-06-07 18:14:45.926 [scheduling-1] INFO  o.a.k.c.t.i.KafkaMetricsCollector
                [service=iam_service]
                [correlationId=]
                [userId=]
                [keyId=]
                [challengeId=]
                - initializing Kafka metrics collector
2026-06-07 18:14:45.937 [scheduling-1] INFO  o.a.k.clients.producer.KafkaProducer
                [service=iam_service]
                [correlationId=]
                [userId=]
                [keyId=]
                [challengeId=]
                - [Producer clientId=iam-service-producer-1] Instantiated an idempotent producer.
2026-06-07 18:14:45.953 [scheduling-1] INFO  o.a.kafka.common.utils.AppInfoParser
                [service=iam_service]
                [correlationId=]
                [userId=]
                [keyId=]
                [challengeId=]
                - Kafka version: 3.7.1
2026-06-07 18:14:45.953 [scheduling-1] INFO  o.a.kafka.common.utils.AppInfoParser
                [service=iam_service]
                [correlationId=]
                [userId=]
                [keyId=]
                [challengeId=]
                - Kafka commitId: e2494e6ffb89f828
2026-06-07 18:14:45.953 [scheduling-1] INFO  o.a.kafka.common.utils.AppInfoParser
                [service=iam_service]
                [correlationId=]
                [userId=]
                [keyId=]
                [challengeId=]
                - Kafka startTimeMs: 1780845285953
2026-06-07 18:14:45.970 [kafka-producer-network-thread | iam-service-producer-1] INFO  org.apache.kafka.clients.Metadata
                [service=iam_service]
                [correlationId=]
                [userId=]
                [keyId=]
                [challengeId=]
                - [Producer clientId=iam-service-producer-1] Cluster ID: 5L6g3nShT-eMCtK--X86sw
2026-06-07 18:14:46.102 [kafka-producer-network-thread | iam-service-producer-1] INFO  o.a.k.c.p.i.TransactionManager
                [service=iam_service]
                [correlationId=]
                [userId=]
                [keyId=]
                [challengeId=]
                - [Producer clientId=iam-service-producer-1] ProducerId set to 0 with epoch 0
2026-06-07 18:14:46.150 [scheduling-1] INFO  c.c.i.a.i.m.k.KafkaOutboxPublisher
                [service=iam_service]
                [correlationId=]
                [userId=]
                [keyId=]
                [challengeId=]
                - OUTBOX_EVENT_PUBLISHED eventId=2005a435-0b03-4538-b0ba-aeb867f3244d topic=iam.user-public-key.registered.v1 key=04985cd8-1957-40b9-989e-4fc95b74935f
2026-06-07 18:15:56.776 [http-nio-8081-exec-8] INFO  c.c.i.c.filter.RequestLoggingFilter
                [service=iam_service]
                [correlationId=8df64dc8-8b2c-4139-aa68-4cca788d4d11]
                [userId=]
                [keyId=]
                [challengeId=]
                - HTTP_REQUEST_STARTED method=POST path=/api/auth/challenges correlationId=8df64dc8-8b2c-4139-aa68-4cca788d4d11
2026-06-07 18:15:56.792 [http-nio-8081-exec-8] INFO  c.c.i.c.filter.RequestLoggingFilter
                [service=iam_service]
                [correlationId=8df64dc8-8b2c-4139-aa68-4cca788d4d11]
                [userId=3fa85f64-5717-4562-b3fc-2c963f66afa6]
                [keyId=]
                [challengeId=]
                - HTTP_REQUEST_COMPLETED method=POST path=/api/auth/challenges status=404 durationMs=16 correlationId=8df64dc8-8b2c-4139-aa68-4cca788d4d11
2026-06-07 18:16:47.271 [http-nio-8081-exec-9] INFO  c.c.i.c.filter.RequestLoggingFilter
                [service=iam_service]
                [correlationId=4386d5e2-e7d9-4492-9e9e-4105f4f11826]
                [userId=]
                [keyId=]
                [challengeId=]
                - HTTP_REQUEST_STARTED method=POST path=/api/auth/challenges correlationId=4386d5e2-e7d9-4492-9e9e-4105f4f11826
2026-06-07 18:16:47.285 [http-nio-8081-exec-9] INFO  c.c.i.a.a.u.CreateChallengeUseCase
                [service=iam_service]
                [correlationId=4386d5e2-e7d9-4492-9e9e-4105f4f11826]
                [userId=04985cd8-1957-40b9-989e-4fc95b74935f]
                [keyId=]
                [challengeId=0ed9380c-f0e3-4505-aa1a-7b09e9f953b4]
                - CREATE_CHALLENGE_SUCCESS userId=04985cd8-1957-40b9-989e-4fc95b74935f challengeId=0ed9380c-f0e3-4505-aa1a-7b09e9f953b4
2026-06-07 18:16:47.299 [http-nio-8081-exec-9] INFO  c.c.i.c.filter.RequestLoggingFilter
                [service=iam_service]
                [correlationId=4386d5e2-e7d9-4492-9e9e-4105f4f11826]
                [userId=04985cd8-1957-40b9-989e-4fc95b74935f]
                [keyId=]
                [challengeId=0ed9380c-f0e3-4505-aa1a-7b09e9f953b4]
                - HTTP_REQUEST_COMPLETED method=POST path=/api/auth/challenges status=409 durationMs=28 correlationId=4386d5e2-e7d9-4492-9e9e-4105f4f11826
2026-06-07 18:23:46.032 [kafka-producer-network-thread | iam-service-producer-1] INFO  o.apache.kafka.clients.NetworkClient
                [service=iam_service]
                [correlationId=]
                [userId=]
                [keyId=]
                [challengeId=]
                - [Producer clientId=iam-service-producer-1] Node -1 disconnected.
2026-06-07 18:24:44.274 [SpringApplicationShutdownHook] INFO  o.a.k.clients.producer.KafkaProducer
                [service=iam_service]
                [correlationId=]
                [userId=]
                [keyId=]
                [challengeId=]
                - [Producer clientId=iam-service-producer-1] Closing the Kafka producer with timeoutMillis = 30000 ms.
2026-06-07 18:24:44.279 [SpringApplicationShutdownHook] INFO  o.a.kafka.common.metrics.Metrics
                [service=iam_service]
                [correlationId=]
                [userId=]
                [keyId=]
                [challengeId=]
                - Metrics scheduler closed
2026-06-07 18:24:44.279 [SpringApplicationShutdownHook] INFO  o.a.kafka.common.metrics.Metrics
                [service=iam_service]
                [correlationId=]
                [userId=]
                [keyId=]
                [challengeId=]
                - Closing reporter org.apache.kafka.common.metrics.JmxReporter
2026-06-07 18:24:44.279 [SpringApplicationShutdownHook] INFO  o.a.kafka.common.metrics.Metrics
                [service=iam_service]
                [correlationId=]
                [userId=]
                [keyId=]
                [challengeId=]
                - Closing reporter org.apache.kafka.common.telemetry.internals.ClientTelemetryReporter
2026-06-07 18:24:44.279 [SpringApplicationShutdownHook] INFO  o.a.kafka.common.metrics.Metrics
                [service=iam_service]
                [correlationId=]
                [userId=]
                [keyId=]
                [challengeId=]
                - Metrics reporters closed
2026-06-07 18:24:44.279 [SpringApplicationShutdownHook] INFO  o.a.kafka.common.utils.AppInfoParser
                [service=iam_service]
                [correlationId=]
                [userId=]
                [keyId=]
                [challengeId=]
                - App info kafka.producer for iam-service-producer-1 unregistered
2026-06-07 18:24:44.289 [SpringApplicationShutdownHook] INFO  o.s.o.j.LocalContainerEntityManagerFactoryBean
                [service=iam_service]
                [correlationId=]
                [userId=]
                [keyId=]
                [challengeId=]
                - Closing JPA EntityManagerFactory for persistence unit 'default'
2026-06-07 18:24:44.291 [SpringApplicationShutdownHook] INFO  com.zaxxer.hikari.HikariDataSource
                [service=iam_service]
                [correlationId=]
                [userId=]
                [keyId=]
                [challengeId=]
                - HikariPool-1 - Shutdown initiated...
2026-06-07 18:24:44.293 [SpringApplicationShutdownHook] INFO  com.zaxxer.hikari.HikariDataSource
                [service=iam_service]
                [correlationId=]
                [userId=]
                [keyId=]
                [challengeId=]
                - HikariPool-1 - Shutdown completed.
2026-06-07 18:29:15.243 [background-preinit] INFO  o.h.validator.internal.util.Version
                [service=iam_service]
                [correlationId=]
                [userId=]
                [keyId=]
                [challengeId=]
                - HV000001: Hibernate Validator 8.0.1.Final
2026-06-07 18:29:15.287 [main] INFO  c.c.iam.IamServiceApplication
                [service=iam_service]
                [correlationId=]
                [userId=]
                [keyId=]
                [challengeId=]
                - Starting IamServiceApplication using Java 17.0.19 with PID 4116 (C:\Users\Lenovo\IdeaProjects\5th_Spring_miceoservice\services\iam\target\classes started by Lenovo in C:\Users\Lenovo\IdeaProjects\5th_Spring_miceoservice)
2026-06-07 18:29:15.287 [main] INFO  c.c.iam.IamServiceApplication
                [service=iam_service]
                [correlationId=]
                [userId=]
                [keyId=]
                [challengeId=]
                - No active profile set, falling back to 1 default profile: "default"
2026-06-07 18:29:16.101 [main] INFO  o.s.d.r.c.RepositoryConfigurationDelegate
                [service=iam_service]
                [correlationId=]
                [userId=]
                [keyId=]
                [challengeId=]
                - Bootstrapping Spring Data JPA repositories in DEFAULT mode.
2026-06-07 18:29:16.187 [main] INFO  o.s.d.r.c.RepositoryConfigurationDelegate
                [service=iam_service]
                [correlationId=]
                [userId=]
                [keyId=]
                [challengeId=]
                - Finished Spring Data repository scanning in 80 ms. Found 4 JPA repository interfaces.
2026-06-07 18:29:17.000 [main] INFO  o.s.b.w.e.tomcat.TomcatWebServer
                [service=iam_service]
                [correlationId=]
                [userId=]
                [keyId=]
                [challengeId=]
                - Tomcat initialized with port 8081 (http)
2026-06-07 18:29:17.015 [main] INFO  o.a.coyote.http11.Http11NioProtocol
                [service=iam_service]
                [correlationId=]
                [userId=]
                [keyId=]
                [challengeId=]
                - Initializing ProtocolHandler ["http-nio-8081"]
2026-06-07 18:29:17.015 [main] INFO  o.a.catalina.core.StandardService
                [service=iam_service]
                [correlationId=]
                [userId=]
                [keyId=]
                [challengeId=]
                - Starting service [Tomcat]
2026-06-07 18:29:17.015 [main] INFO  o.a.catalina.core.StandardEngine
                [service=iam_service]
                [correlationId=]
                [userId=]
                [keyId=]
                [challengeId=]
                - Starting Servlet engine: [Apache Tomcat/10.1.31]
2026-06-07 18:29:17.093 [main] INFO  o.a.c.c.C.[Tomcat].[localhost].[/]
                [service=iam_service]
                [correlationId=]
                [userId=]
                [keyId=]
                [challengeId=]
                - Initializing Spring embedded WebApplicationContext
2026-06-07 18:29:17.109 [main] INFO  o.s.b.w.s.c.ServletWebServerApplicationContext
                [service=iam_service]
                [correlationId=]
                [userId=]
                [keyId=]
                [challengeId=]
                - Root WebApplicationContext: initialization completed in 1776 ms
2026-06-07 18:29:17.636 [main] INFO  com.zaxxer.hikari.HikariDataSource
                [service=iam_service]
                [correlationId=]
                [userId=]
                [keyId=]
                [challengeId=]
                - HikariPool-1 - Starting...
2026-06-07 18:29:17.766 [main] INFO  com.zaxxer.hikari.pool.HikariPool
                [service=iam_service]
                [correlationId=]
                [userId=]
                [keyId=]
                [challengeId=]
                - HikariPool-1 - Added connection org.postgresql.jdbc.PgConnection@5fc1e4fb
2026-06-07 18:29:17.766 [main] INFO  com.zaxxer.hikari.HikariDataSource
                [service=iam_service]
                [correlationId=]
                [userId=]
                [keyId=]
                [challengeId=]
                - HikariPool-1 - Start completed.
2026-06-07 18:29:17.807 [main] INFO  org.flywaydb.core.FlywayExecutor
                [service=iam_service]
                [correlationId=]
                [userId=]
                [keyId=]
                [challengeId=]
                - Database: jdbc:postgresql://localhost:5432/iam_db (PostgreSQL 18.4)
2026-06-07 18:29:17.859 [main] INFO  com.zaxxer.hikari.HikariDataSource
                [service=iam_service]
                [correlationId=]
                [userId=]
                [keyId=]
                [challengeId=]
                - HikariPool-1 - Shutdown initiated...
2026-06-07 18:29:17.859 [main] INFO  com.zaxxer.hikari.HikariDataSource
                [service=iam_service]
                [correlationId=]
                [userId=]
                [keyId=]
                [challengeId=]
                - HikariPool-1 - Shutdown completed.
2026-06-07 18:29:17.874 [main] INFO  o.a.catalina.core.StandardService
                [service=iam_service]
                [correlationId=]
                [userId=]
                [keyId=]
                [challengeId=]
                - Stopping service [Tomcat]
2026-06-07 18:29:17.890 [main] INFO  o.s.b.a.l.ConditionEvaluationReportLogger
                [service=iam_service]
                [correlationId=]
                [userId=]
                [keyId=]
                [challengeId=]
                - 

Error starting ApplicationContext. To display the condition evaluation report re-run your application with 'debug' enabled.
2026-06-07 18:31:41.104 [background-preinit] INFO  o.h.validator.internal.util.Version
                [service=iam_service]
                [correlationId=]
                [userId=]
                [keyId=]
                [challengeId=]
                - HV000001: Hibernate Validator 8.0.1.Final
2026-06-07 18:31:41.132 [main] INFO  c.c.iam.IamServiceApplication
                [service=iam_service]
                [correlationId=]
                [userId=]
                [keyId=]
                [challengeId=]
                - Starting IamServiceApplication using Java 17.0.19 with PID 2008 (C:\Users\Lenovo\IdeaProjects\5th_Spring_miceoservice\services\iam\target\classes started by Lenovo in C:\Users\Lenovo\IdeaProjects\5th_Spring_miceoservice)
2026-06-07 18:31:41.132 [main] INFO  c.c.iam.IamServiceApplication
                [service=iam_service]
                [correlationId=]
                [userId=]
                [keyId=]
                [challengeId=]
                - No active profile set, falling back to 1 default profile: "default"
2026-06-07 18:31:41.970 [main] INFO  o.s.d.r.c.RepositoryConfigurationDelegate
                [service=iam_service]
                [correlationId=]
                [userId=]
                [keyId=]
                [challengeId=]
                - Bootstrapping Spring Data JPA repositories in DEFAULT mode.
2026-06-07 18:31:42.046 [main] INFO  o.s.d.r.c.RepositoryConfigurationDelegate
                [service=iam_service]
                [correlationId=]
                [userId=]
                [keyId=]
                [challengeId=]
                - Finished Spring Data repository scanning in 74 ms. Found 4 JPA repository interfaces.
2026-06-07 18:31:42.830 [main] INFO  o.s.b.w.e.tomcat.TomcatWebServer
                [service=iam_service]
                [correlationId=]
                [userId=]
                [keyId=]
                [challengeId=]
                - Tomcat initialized with port 8081 (http)
2026-06-07 18:31:42.847 [main] INFO  o.a.coyote.http11.Http11NioProtocol
                [service=iam_service]
                [correlationId=]
                [userId=]
                [keyId=]
                [challengeId=]
                - Initializing ProtocolHandler ["http-nio-8081"]
2026-06-07 18:31:42.851 [main] INFO  o.a.catalina.core.StandardService
                [service=iam_service]
                [correlationId=]
                [userId=]
                [keyId=]
                [challengeId=]
                - Starting service [Tomcat]
2026-06-07 18:31:42.852 [main] INFO  o.a.catalina.core.StandardEngine
                [service=iam_service]
                [correlationId=]
                [userId=]
                [keyId=]
                [challengeId=]
                - Starting Servlet engine: [Apache Tomcat/10.1.31]
2026-06-07 18:31:42.921 [main] INFO  o.a.c.c.C.[Tomcat].[localhost].[/]
                [service=iam_service]
                [correlationId=]
                [userId=]
                [keyId=]
                [challengeId=]
                - Initializing Spring embedded WebApplicationContext
2026-06-07 18:31:42.921 [main] INFO  o.s.b.w.s.c.ServletWebServerApplicationContext
                [service=iam_service]
                [correlationId=]
                [userId=]
                [keyId=]
                [challengeId=]
                - Root WebApplicationContext: initialization completed in 1766 ms
2026-06-07 18:31:43.469 [main] INFO  com.zaxxer.hikari.HikariDataSource
                [service=iam_service]
                [correlationId=]
                [userId=]
                [keyId=]
                [challengeId=]
                - HikariPool-1 - Starting...
2026-06-07 18:31:43.624 [main] INFO  com.zaxxer.hikari.pool.HikariPool
                [service=iam_service]
                [correlationId=]
                [userId=]
                [keyId=]
                [challengeId=]
                - HikariPool-1 - Added connection org.postgresql.jdbc.PgConnection@c754401
2026-06-07 18:31:43.624 [main] INFO  com.zaxxer.hikari.HikariDataSource
                [service=iam_service]
                [correlationId=]
                [userId=]
                [keyId=]
                [challengeId=]
                - HikariPool-1 - Start completed.
2026-06-07 18:31:43.655 [main] INFO  org.flywaydb.core.FlywayExecutor
                [service=iam_service]
                [correlationId=]
                [userId=]
                [keyId=]
                [challengeId=]
                - Database: jdbc:postgresql://localhost:5432/iam_db (PostgreSQL 18.4)
2026-06-07 18:31:43.683 [main] INFO  o.f.c.i.s.JdbcTableSchemaHistory
                [service=iam_service]
                [correlationId=]
                [userId=]
                [keyId=]
                [challengeId=]
                - Schema history table "public"."flyway_schema_history" does not exist yet
2026-06-07 18:31:43.698 [main] INFO  o.f.core.internal.command.DbValidate
                [service=iam_service]
                [correlationId=]
                [userId=]
                [keyId=]
                [challengeId=]
                - Successfully validated 4 migrations (execution time 00:00.024s)
2026-06-07 18:31:43.714 [main] INFO  o.f.c.i.s.JdbcTableSchemaHistory
                [service=iam_service]
                [correlationId=]
                [userId=]
                [keyId=]
                [challengeId=]
                - Creating Schema History table "public"."flyway_schema_history" ...
2026-06-07 18:31:43.796 [main] INFO  o.f.core.internal.command.DbMigrate
                [service=iam_service]
                [correlationId=]
                [userId=]
                [keyId=]
                [challengeId=]
                - Current version of schema "public": << Empty Schema >>
2026-06-07 18:31:43.800 [main] INFO  o.f.core.internal.command.DbMigrate
                [service=iam_service]
                [correlationId=]
                [userId=]
                [keyId=]
                [challengeId=]
                - Migrating schema "public" to version "1 - create user accounts"
2026-06-07 18:31:43.835 [main] INFO  o.f.core.internal.command.DbMigrate
                [service=iam_service]
                [correlationId=]
                [userId=]
                [keyId=]
                [challengeId=]
                - Migrating schema "public" to version "2 - create user public keys"
2026-06-07 18:31:43.843 [main] INFO  o.f.core.internal.command.DbMigrate
                [service=iam_service]
                [correlationId=]
                [userId=]
                [keyId=]
                [challengeId=]
                - Migrating schema "public" to version "3 - create auth challenges"
2026-06-07 18:31:43.859 [main] INFO  o.f.core.internal.command.DbMigrate
                [service=iam_service]
                [correlationId=]
                [userId=]
                [keyId=]
                [challengeId=]
                - Migrating schema "public" to version "4 - create outbox events"
2026-06-07 18:31:43.876 [main] INFO  o.f.core.internal.command.DbMigrate
                [service=iam_service]
                [correlationId=]
                [userId=]
                [keyId=]
                [challengeId=]
                - Successfully applied 4 migrations to schema "public", now at version v4 (execution time 00:00.028s)
2026-06-07 18:31:43.953 [main] INFO  o.h.jpa.internal.util.LogHelper
                [service=iam_service]
                [correlationId=]
                [userId=]
                [keyId=]
                [challengeId=]
                - HHH000204: Processing PersistenceUnitInfo [name: default]
2026-06-07 18:31:44.004 [main] INFO  org.hibernate.Version
                [service=iam_service]
                [correlationId=]
                [userId=]
                [keyId=]
                [challengeId=]
                - HHH000412: Hibernate ORM core version 6.5.3.Final
2026-06-07 18:31:44.020 [main] INFO  o.h.c.i.RegionFactoryInitiator
                [service=iam_service]
                [correlationId=]
                [userId=]
                [keyId=]
                [challengeId=]
                - HHH000026: Second-level cache disabled
2026-06-07 18:31:44.188 [main] INFO  o.s.o.j.p.SpringPersistenceUnitInfo
                [service=iam_service]
                [correlationId=]
                [userId=]
                [keyId=]
                [challengeId=]
                - No LoadTimeWeaver setup: ignoring JPA class transformer
2026-06-07 18:31:44.866 [main] INFO  o.h.e.t.j.p.i.JtaPlatformInitiator
                [service=iam_service]
                [correlationId=]
                [userId=]
                [keyId=]
                [challengeId=]
                - HHH000489: No JTA platform available (set 'hibernate.transaction.jta.platform' to enable JTA platform integration)
2026-06-07 18:31:44.894 [main] INFO  o.s.o.j.LocalContainerEntityManagerFactoryBean
                [service=iam_service]
                [correlationId=]
                [userId=]
                [keyId=]
                [challengeId=]
                - Initialized JPA EntityManagerFactory for persistence unit 'default'
2026-06-07 18:31:46.336 [main] INFO  o.s.b.a.e.web.EndpointLinksResolver
                [service=iam_service]
                [correlationId=]
                [userId=]
                [keyId=]
                [challengeId=]
                - Exposing 2 endpoints beneath base path '/actuator'
2026-06-07 18:31:46.410 [main] INFO  o.a.k.c.admin.AdminClientConfig
                [service=iam_service]
                [correlationId=]
                [userId=]
                [keyId=]
                [challengeId=]
                - AdminClientConfig values: 
	auto.include.jmx.reporter = true
	bootstrap.controllers = []
	bootstrap.servers = [localhost:9092]
	client.dns.lookup = use_all_dns_ips
	client.id = iam-service-admin-0
	connections.max.idle.ms = 300000
	default.api.timeout.ms = 60000
	enable.metrics.push = true
	metadata.max.age.ms = 300000
	metric.reporters = []
	metrics.num.samples = 2
	metrics.recording.level = INFO
	metrics.sample.window.ms = 30000
	receive.buffer.bytes = 65536
	reconnect.backoff.max.ms = 1000
	reconnect.backoff.ms = 50
	request.timeout.ms = 30000
	retries = 2147483647
	retry.backoff.max.ms = 1000
	retry.backoff.ms = 100
	sasl.client.callback.handler.class = null
	sasl.jaas.config = null
	sasl.kerberos.kinit.cmd = /usr/bin/kinit
	sasl.kerberos.min.time.before.relogin = 60000
	sasl.kerberos.service.name = null
	sasl.kerberos.ticket.renew.jitter = 0.05
	sasl.kerberos.ticket.renew.window.factor = 0.8
	sasl.login.callback.handler.class = null
	sasl.login.class = null
	sasl.login.connect.timeout.ms = null
	sasl.login.read.timeout.ms = null
	sasl.login.refresh.buffer.seconds = 300
	sasl.login.refresh.min.period.seconds = 60
	sasl.login.refresh.window.factor = 0.8
	sasl.login.refresh.window.jitter = 0.05
	sasl.login.retry.backoff.max.ms = 10000
	sasl.login.retry.backoff.ms = 100
	sasl.mechanism = GSSAPI
	sasl.oauthbearer.clock.skew.seconds = 30
	sasl.oauthbearer.expected.audience = null
	sasl.oauthbearer.expected.issuer = null
	sasl.oauthbearer.jwks.endpoint.refresh.ms = 3600000
	sasl.oauthbearer.jwks.endpoint.retry.backoff.max.ms = 10000
	sasl.oauthbearer.jwks.endpoint.retry.backoff.ms = 100
	sasl.oauthbearer.jwks.endpoint.url = null
	sasl.oauthbearer.scope.claim.name = scope
	sasl.oauthbearer.sub.claim.name = sub
	sasl.oauthbearer.token.endpoint.url = null
	security.protocol = PLAINTEXT
	security.providers = null
	send.buffer.bytes = 131072
	socket.connection.setup.timeout.max.ms = 30000
	socket.connection.setup.timeout.ms = 10000
	ssl.cipher.suites = null
	ssl.enabled.protocols = [TLSv1.2, TLSv1.3]
	ssl.endpoint.identification.algorithm = https
	ssl.engine.factory.class = null
	ssl.key.password = null
	ssl.keymanager.algorithm = SunX509
	ssl.keystore.certificate.chain = null
	ssl.keystore.key = null
	ssl.keystore.location = null
	ssl.keystore.password = null
	ssl.keystore.type = JKS
	ssl.protocol = TLSv1.3
	ssl.provider = null
	ssl.secure.random.implementation = null
	ssl.trustmanager.algorithm = PKIX
	ssl.truststore.certificates = null
	ssl.truststore.location = null
	ssl.truststore.password = null
	ssl.truststore.type = JKS

2026-06-07 18:31:46.483 [main] INFO  o.a.kafka.common.utils.AppInfoParser
                [service=iam_service]
                [correlationId=]
                [userId=]
                [keyId=]
                [challengeId=]
                - Kafka version: 3.7.1
2026-06-07 18:31:46.483 [main] INFO  o.a.kafka.common.utils.AppInfoParser
                [service=iam_service]
                [correlationId=]
                [userId=]
                [keyId=]
                [challengeId=]
                - Kafka commitId: e2494e6ffb89f828
2026-06-07 18:31:46.483 [main] INFO  o.a.kafka.common.utils.AppInfoParser
                [service=iam_service]
                [correlationId=]
                [userId=]
                [keyId=]
                [challengeId=]
                - Kafka startTimeMs: 1780846306483
2026-06-07 18:31:46.702 [kafka-admin-client-thread | iam-service-admin-0] INFO  o.a.kafka.common.utils.AppInfoParser
                [service=iam_service]
                [correlationId=]
                [userId=]
                [keyId=]
                [challengeId=]
                - App info kafka.admin.client for iam-service-admin-0 unregistered
2026-06-07 18:31:46.706 [kafka-admin-client-thread | iam-service-admin-0] INFO  o.a.kafka.common.metrics.Metrics
                [service=iam_service]
                [correlationId=]
                [userId=]
                [keyId=]
                [challengeId=]
                - Metrics scheduler closed
2026-06-07 18:31:46.706 [kafka-admin-client-thread | iam-service-admin-0] INFO  o.a.kafka.common.metrics.Metrics
                [service=iam_service]
                [correlationId=]
                [userId=]
                [keyId=]
                [challengeId=]
                - Closing reporter org.apache.kafka.common.metrics.JmxReporter
2026-06-07 18:31:46.707 [kafka-admin-client-thread | iam-service-admin-0] INFO  o.a.kafka.common.metrics.Metrics
                [service=iam_service]
                [correlationId=]
                [userId=]
                [keyId=]
                [challengeId=]
                - Metrics reporters closed
2026-06-07 18:31:46.710 [main] INFO  o.a.coyote.http11.Http11NioProtocol
                [service=iam_service]
                [correlationId=]
                [userId=]
                [keyId=]
                [challengeId=]
                - Starting ProtocolHandler ["http-nio-8081"]
2026-06-07 18:31:46.715 [main] INFO  o.s.b.w.e.tomcat.TomcatWebServer
                [service=iam_service]
                [correlationId=]
                [userId=]
                [keyId=]
                [challengeId=]
                - Tomcat started on port 8081 (http) with context path '/'
2026-06-07 18:31:46.731 [main] INFO  c.c.iam.IamServiceApplication
                [service=iam_service]
                [correlationId=]
                [userId=]
                [keyId=]
                [challengeId=]
                - Started IamServiceApplication in 5.919 seconds (process running for 6.159)
2026-06-07 18:31:56.346 [http-nio-8081-exec-1] INFO  o.a.c.c.C.[Tomcat].[localhost].[/]
                [service=iam_service]
                [correlationId=]
                [userId=]
                [keyId=]
                [challengeId=]
                - Initializing Spring DispatcherServlet 'dispatcherServlet'
2026-06-07 18:31:56.346 [http-nio-8081-exec-1] INFO  o.s.web.servlet.DispatcherServlet
                [service=iam_service]
                [correlationId=]
                [userId=]
                [keyId=]
                [challengeId=]
                - Initializing Servlet 'dispatcherServlet'
2026-06-07 18:31:56.346 [http-nio-8081-exec-1] INFO  o.s.web.servlet.DispatcherServlet
                [service=iam_service]
                [correlationId=]
                [userId=]
                [keyId=]
                [challengeId=]
                - Completed initialization in 0 ms
2026-06-07 18:31:56.353 [http-nio-8081-exec-1] INFO  c.c.i.c.filter.RequestLoggingFilter
                [service=iam_service]
                [correlationId=f5161833-4fe2-453f-a33f-490c61632ff7]
                [userId=]
                [keyId=]
                [challengeId=]
                - HTTP_REQUEST_STARTED method=POST path=/api/auth/users/register correlationId=f5161833-4fe2-453f-a33f-490c61632ff7
2026-06-07 18:31:56.465 [http-nio-8081-exec-1] INFO  c.c.i.a.a.u.RegisterUserUseCase
                [service=iam_service]
                [correlationId=f5161833-4fe2-453f-a33f-490c61632ff7]
                [userId=]
                [keyId=]
                [challengeId=]
                - REGISTER_USER_STARTED email=ismail@gmail.com
2026-06-07 18:31:56.599 [http-nio-8081-exec-1] INFO  c.c.i.a.a.u.RegisterUserUseCase
                [service=iam_service]
                [correlationId=f5161833-4fe2-453f-a33f-490c61632ff7]
                [userId=8d7acba2-3df2-4f7f-9879-c679c4718fa2]
                [keyId=d581b4de-8b89-460c-b9b3-89f034ad61ba]
                [challengeId=]
                - REGISTER_USER_SUCCESS userId=8d7acba2-3df2-4f7f-9879-c679c4718fa2 keyId=d581b4de-8b89-460c-b9b3-89f034ad61ba
2026-06-07 18:31:56.680 [http-nio-8081-exec-1] INFO  c.c.i.c.filter.RequestLoggingFilter
                [service=iam_service]
                [correlationId=f5161833-4fe2-453f-a33f-490c61632ff7]
                [userId=]
                [keyId=]
                [challengeId=]
                - HTTP_REQUEST_COMPLETED method=POST path=/api/auth/users/register status=200 durationMs=327 correlationId=f5161833-4fe2-453f-a33f-490c61632ff7
2026-06-07 18:31:57.942 [scheduling-1] INFO  o.a.k.c.producer.ProducerConfig
                [service=iam_service]
                [correlationId=]
                [userId=]
                [keyId=]
                [challengeId=]
                - ProducerConfig values: 
	acks = -1
	auto.include.jmx.reporter = true
	batch.size = 16384
	bootstrap.servers = [localhost:9092]
	buffer.memory = 33554432
	client.dns.lookup = use_all_dns_ips
	client.id = iam-service-producer-1
	compression.type = none
	connections.max.idle.ms = 540000
	delivery.timeout.ms = 120000
	enable.idempotence = true
	enable.metrics.push = true
	interceptor.classes = []
	key.serializer = class org.apache.kafka.common.serialization.StringSerializer
	linger.ms = 0
	max.block.ms = 60000
	max.in.flight.requests.per.connection = 5
	max.request.size = 1048576
	metadata.max.age.ms = 300000
	metadata.max.idle.ms = 300000
	metric.reporters = []
	metrics.num.samples = 2
	metrics.recording.level = INFO
	metrics.sample.window.ms = 30000
	partitioner.adaptive.partitioning.enable = true
	partitioner.availability.timeout.ms = 0
	partitioner.class = null
	partitioner.ignore.keys = false
	receive.buffer.bytes = 32768
	reconnect.backoff.max.ms = 1000
	reconnect.backoff.ms = 50
	request.timeout.ms = 30000
	retries = 10
	retry.backoff.max.ms = 1000
	retry.backoff.ms = 100
	sasl.client.callback.handler.class = null
	sasl.jaas.config = null
	sasl.kerberos.kinit.cmd = /usr/bin/kinit
	sasl.kerberos.min.time.before.relogin = 60000
	sasl.kerberos.service.name = null
	sasl.kerberos.ticket.renew.jitter = 0.05
	sasl.kerberos.ticket.renew.window.factor = 0.8
	sasl.login.callback.handler.class = null
	sasl.login.class = null
	sasl.login.connect.timeout.ms = null
	sasl.login.read.timeout.ms = null
	sasl.login.refresh.buffer.seconds = 300
	sasl.login.refresh.min.period.seconds = 60
	sasl.login.refresh.window.factor = 0.8
	sasl.login.refresh.window.jitter = 0.05
	sasl.login.retry.backoff.max.ms = 10000
	sasl.login.retry.backoff.ms = 100
	sasl.mechanism = GSSAPI
	sasl.oauthbearer.clock.skew.seconds = 30
	sasl.oauthbearer.expected.audience = null
	sasl.oauthbearer.expected.issuer = null
	sasl.oauthbearer.jwks.endpoint.refresh.ms = 3600000
	sasl.oauthbearer.jwks.endpoint.retry.backoff.max.ms = 10000
	sasl.oauthbearer.jwks.endpoint.retry.backoff.ms = 100
	sasl.oauthbearer.jwks.endpoint.url = null
	sasl.oauthbearer.scope.claim.name = scope
	sasl.oauthbearer.sub.claim.name = sub
	sasl.oauthbearer.token.endpoint.url = null
	security.protocol = PLAINTEXT
	security.providers = null
	send.buffer.bytes = 131072
	socket.connection.setup.timeout.max.ms = 30000
	socket.connection.setup.timeout.ms = 10000
	ssl.cipher.suites = null
	ssl.enabled.protocols = [TLSv1.2, TLSv1.3]
	ssl.endpoint.identification.algorithm = https
	ssl.engine.factory.class = null
	ssl.key.password = null
	ssl.keymanager.algorithm = SunX509
	ssl.keystore.certificate.chain = null
	ssl.keystore.key = null
	ssl.keystore.location = null
	ssl.keystore.password = null
	ssl.keystore.type = JKS
	ssl.protocol = TLSv1.3
	ssl.provider = null
	ssl.secure.random.implementation = null
	ssl.trustmanager.algorithm = PKIX
	ssl.truststore.certificates = null
	ssl.truststore.location = null
	ssl.truststore.password = null
	ssl.truststore.type = JKS
	transaction.timeout.ms = 60000
	transactional.id = null
	value.serializer = class org.springframework.kafka.support.serializer.JsonSerializer

2026-06-07 18:31:57.970 [scheduling-1] INFO  o.a.k.c.t.i.KafkaMetricsCollector
                [service=iam_service]
                [correlationId=]
                [userId=]
                [keyId=]
                [challengeId=]
                - initializing Kafka metrics collector
2026-06-07 18:31:57.971 [scheduling-1] INFO  o.a.k.clients.producer.KafkaProducer
                [service=iam_service]
                [correlationId=]
                [userId=]
                [keyId=]
                [challengeId=]
                - [Producer clientId=iam-service-producer-1] Instantiated an idempotent producer.
2026-06-07 18:31:58.010 [scheduling-1] INFO  o.a.kafka.common.utils.AppInfoParser
                [service=iam_service]
                [correlationId=]
                [userId=]
                [keyId=]
                [challengeId=]
                - Kafka version: 3.7.1
2026-06-07 18:31:58.010 [scheduling-1] INFO  o.a.kafka.common.utils.AppInfoParser
                [service=iam_service]
                [correlationId=]
                [userId=]
                [keyId=]
                [challengeId=]
                - Kafka commitId: e2494e6ffb89f828
2026-06-07 18:31:58.010 [scheduling-1] INFO  o.a.kafka.common.utils.AppInfoParser
                [service=iam_service]
                [correlationId=]
                [userId=]
                [keyId=]
                [challengeId=]
                - Kafka startTimeMs: 1780846318010
2026-06-07 18:31:58.026 [kafka-producer-network-thread | iam-service-producer-1] INFO  org.apache.kafka.clients.Metadata
                [service=iam_service]
                [correlationId=]
                [userId=]
                [keyId=]
                [challengeId=]
                - [Producer clientId=iam-service-producer-1] Cluster ID: 5L6g3nShT-eMCtK--X86sw
2026-06-07 18:31:58.027 [kafka-producer-network-thread | iam-service-producer-1] INFO  o.a.k.c.p.i.TransactionManager
                [service=iam_service]
                [correlationId=]
                [userId=]
                [keyId=]
                [challengeId=]
                - [Producer clientId=iam-service-producer-1] ProducerId set to 1 with epoch 0
2026-06-07 18:31:58.070 [scheduling-1] INFO  c.c.i.a.i.m.k.KafkaOutboxPublisher
                [service=iam_service]
                [correlationId=]
                [userId=]
                [keyId=]
                [challengeId=]
                - OUTBOX_EVENT_PUBLISHED eventId=a2ca0ff5-76e5-4de7-a46d-4d3d2b276a51 topic=iam.user-public-key.registered.v1 key=8d7acba2-3df2-4f7f-9879-c679c4718fa2
2026-06-07 18:32:17.827 [http-nio-8081-exec-2] INFO  c.c.i.c.filter.RequestLoggingFilter
                [service=iam_service]
                [correlationId=d6e21fef-6fd2-4153-a964-bedf1e535109]
                [userId=]
                [keyId=]
                [challengeId=]
                - HTTP_REQUEST_STARTED method=POST path=/api/auth/challenges correlationId=d6e21fef-6fd2-4153-a964-bedf1e535109
2026-06-07 18:32:17.844 [http-nio-8081-exec-2] INFO  c.c.i.a.a.u.CreateChallengeUseCase
                [service=iam_service]
                [correlationId=d6e21fef-6fd2-4153-a964-bedf1e535109]
                [userId=8d7acba2-3df2-4f7f-9879-c679c4718fa2]
                [keyId=]
                [challengeId=5dbd7b09-2e50-454c-8d07-54dfb10b7857]
                - CREATE_CHALLENGE_SUCCESS userId=8d7acba2-3df2-4f7f-9879-c679c4718fa2 challengeId=5dbd7b09-2e50-454c-8d07-54dfb10b7857
2026-06-07 18:32:17.857 [http-nio-8081-exec-2] INFO  c.c.i.c.filter.RequestLoggingFilter
                [service=iam_service]
                [correlationId=d6e21fef-6fd2-4153-a964-bedf1e535109]
                [userId=8d7acba2-3df2-4f7f-9879-c679c4718fa2]
                [keyId=]
                [challengeId=5dbd7b09-2e50-454c-8d07-54dfb10b7857]
                - HTTP_REQUEST_COMPLETED method=POST path=/api/auth/challenges status=200 durationMs=30 correlationId=d6e21fef-6fd2-4153-a964-bedf1e535109
2026-06-07 18:35:11.453 [SpringApplicationShutdownHook] INFO  o.a.k.clients.producer.KafkaProducer
                [service=iam_service]
                [correlationId=]
                [userId=]
                [keyId=]
                [challengeId=]
                - [Producer clientId=iam-service-producer-1] Closing the Kafka producer with timeoutMillis = 30000 ms.
2026-06-07 18:35:11.457 [SpringApplicationShutdownHook] INFO  o.a.kafka.common.metrics.Metrics
                [service=iam_service]
                [correlationId=]
                [userId=]
                [keyId=]
                [challengeId=]
                - Metrics scheduler closed
2026-06-07 18:35:11.457 [SpringApplicationShutdownHook] INFO  o.a.kafka.common.metrics.Metrics
                [service=iam_service]
                [correlationId=]
                [userId=]
                [keyId=]
                [challengeId=]
                - Closing reporter org.apache.kafka.common.metrics.JmxReporter
2026-06-07 18:35:11.457 [SpringApplicationShutdownHook] INFO  o.a.kafka.common.metrics.Metrics
                [service=iam_service]
                [correlationId=]
                [userId=]
                [keyId=]
                [challengeId=]
                - Closing reporter org.apache.kafka.common.telemetry.internals.ClientTelemetryReporter
2026-06-07 18:35:11.457 [SpringApplicationShutdownHook] INFO  o.a.kafka.common.metrics.Metrics
                [service=iam_service]
                [correlationId=]
                [userId=]
                [keyId=]
                [challengeId=]
                - Metrics reporters closed
2026-06-07 18:35:11.457 [SpringApplicationShutdownHook] INFO  o.a.kafka.common.utils.AppInfoParser
                [service=iam_service]
                [correlationId=]
                [userId=]
                [keyId=]
                [challengeId=]
                - App info kafka.producer for iam-service-producer-1 unregistered
2026-06-07 18:35:11.457 [SpringApplicationShutdownHook] INFO  o.s.o.j.LocalContainerEntityManagerFactoryBean
                [service=iam_service]
                [correlationId=]
                [userId=]
                [keyId=]
                [challengeId=]
                - Closing JPA EntityManagerFactory for persistence unit 'default'
2026-06-07 18:35:11.457 [SpringApplicationShutdownHook] INFO  com.zaxxer.hikari.HikariDataSource
                [service=iam_service]
                [correlationId=]
                [userId=]
                [keyId=]
                [challengeId=]
                - HikariPool-1 - Shutdown initiated...
2026-06-07 18:35:11.473 [SpringApplicationShutdownHook] INFO  com.zaxxer.hikari.HikariDataSource
                [service=iam_service]
                [correlationId=]
                [userId=]
                [keyId=]
                [challengeId=]
                - HikariPool-1 - Shutdown completed.
2026-06-07 18:36:31.204 [background-preinit] INFO  o.h.validator.internal.util.Version
                [service=iam_service]
                [correlationId=]
                [userId=]
                [keyId=]
                [challengeId=]
                - HV000001: Hibernate Validator 8.0.1.Final
2026-06-07 18:36:31.234 [main] INFO  c.c.iam.IamServiceApplication
                [service=iam_service]
                [correlationId=]
                [userId=]
                [keyId=]
                [challengeId=]
                - Starting IamServiceApplication using Java 17.0.19 with PID 19416 (C:\Users\Lenovo\IdeaProjects\5th_Spring_miceoservice\services\iam\target\classes started by Lenovo in C:\Users\Lenovo\IdeaProjects\5th_Spring_miceoservice)
2026-06-07 18:36:31.235 [main] INFO  c.c.iam.IamServiceApplication
                [service=iam_service]
                [correlationId=]
                [userId=]
                [keyId=]
                [challengeId=]
                - No active profile set, falling back to 1 default profile: "default"
2026-06-07 18:36:32.031 [main] INFO  o.s.d.r.c.RepositoryConfigurationDelegate
                [service=iam_service]
                [correlationId=]
                [userId=]
                [keyId=]
                [challengeId=]
                - Bootstrapping Spring Data JPA repositories in DEFAULT mode.
2026-06-07 18:36:32.125 [main] INFO  o.s.d.r.c.RepositoryConfigurationDelegate
                [service=iam_service]
                [correlationId=]
                [userId=]
                [keyId=]
                [challengeId=]
                - Finished Spring Data repository scanning in 79 ms. Found 4 JPA repository interfaces.
2026-06-07 18:36:32.875 [main] INFO  o.s.b.w.e.tomcat.TomcatWebServer
                [service=iam_service]
                [correlationId=]
                [userId=]
                [keyId=]
                [challengeId=]
                - Tomcat initialized with port 8081 (http)
2026-06-07 18:36:32.890 [main] INFO  o.a.coyote.http11.Http11NioProtocol
                [service=iam_service]
                [correlationId=]
                [userId=]
                [keyId=]
                [challengeId=]
                - Initializing ProtocolHandler ["http-nio-8081"]
2026-06-07 18:36:32.908 [main] INFO  o.a.catalina.core.StandardService
                [service=iam_service]
                [correlationId=]
                [userId=]
                [keyId=]
                [challengeId=]
                - Starting service [Tomcat]
2026-06-07 18:36:32.908 [main] INFO  o.a.catalina.core.StandardEngine
                [service=iam_service]
                [correlationId=]
                [userId=]
                [keyId=]
                [challengeId=]
                - Starting Servlet engine: [Apache Tomcat/10.1.31]
2026-06-07 18:36:32.969 [main] INFO  o.a.c.c.C.[Tomcat].[localhost].[/]
                [service=iam_service]
                [correlationId=]
                [userId=]
                [keyId=]
                [challengeId=]
                - Initializing Spring embedded WebApplicationContext
2026-06-07 18:36:32.969 [main] INFO  o.s.b.w.s.c.ServletWebServerApplicationContext
                [service=iam_service]
                [correlationId=]
                [userId=]
                [keyId=]
                [challengeId=]
                - Root WebApplicationContext: initialization completed in 1714 ms
2026-06-07 18:36:33.468 [main] INFO  com.zaxxer.hikari.HikariDataSource
                [service=iam_service]
                [correlationId=]
                [userId=]
                [keyId=]
                [challengeId=]
                - HikariPool-1 - Starting...
2026-06-07 18:36:33.604 [main] INFO  com.zaxxer.hikari.pool.HikariPool
                [service=iam_service]
                [correlationId=]
                [userId=]
                [keyId=]
                [challengeId=]
                - HikariPool-1 - Added connection org.postgresql.jdbc.PgConnection@7079f8f0
2026-06-07 18:36:33.604 [main] INFO  com.zaxxer.hikari.HikariDataSource
                [service=iam_service]
                [correlationId=]
                [userId=]
                [keyId=]
                [challengeId=]
                - HikariPool-1 - Start completed.
2026-06-07 18:36:33.636 [main] INFO  org.flywaydb.core.FlywayExecutor
                [service=iam_service]
                [correlationId=]
                [userId=]
                [keyId=]
                [challengeId=]
                - Database: jdbc:postgresql://localhost:5432/iam_db (PostgreSQL 18.4)
2026-06-07 18:36:33.672 [main] INFO  o.f.core.internal.command.DbValidate
                [service=iam_service]
                [correlationId=]
                [userId=]
                [keyId=]
                [challengeId=]
                - Successfully validated 4 migrations (execution time 00:00.034s)
2026-06-07 18:36:33.725 [main] INFO  o.f.core.internal.command.DbMigrate
                [service=iam_service]
                [correlationId=]
                [userId=]
                [keyId=]
                [challengeId=]
                - Current version of schema "public": 4
2026-06-07 18:36:33.732 [main] INFO  o.f.core.internal.command.DbMigrate
                [service=iam_service]
                [correlationId=]
                [userId=]
                [keyId=]
                [challengeId=]
                - Schema "public" is up to date. No migration necessary.
2026-06-07 18:36:33.823 [main] INFO  o.h.jpa.internal.util.LogHelper
                [service=iam_service]
                [correlationId=]
                [userId=]
                [keyId=]
                [challengeId=]
                - HHH000204: Processing PersistenceUnitInfo [name: default]
2026-06-07 18:36:33.858 [main] INFO  org.hibernate.Version
                [service=iam_service]
                [correlationId=]
                [userId=]
                [keyId=]
                [challengeId=]
                - HHH000412: Hibernate ORM core version 6.5.3.Final
2026-06-07 18:36:33.889 [main] INFO  o.h.c.i.RegionFactoryInitiator
                [service=iam_service]
                [correlationId=]
                [userId=]
                [keyId=]
                [challengeId=]
                - HHH000026: Second-level cache disabled
2026-06-07 18:36:34.064 [main] INFO  o.s.o.j.p.SpringPersistenceUnitInfo
                [service=iam_service]
                [correlationId=]
                [userId=]
                [keyId=]
                [challengeId=]
                - No LoadTimeWeaver setup: ignoring JPA class transformer
2026-06-07 18:36:34.717 [main] INFO  o.h.e.t.j.p.i.JtaPlatformInitiator
                [service=iam_service]
                [correlationId=]
                [userId=]
                [keyId=]
                [challengeId=]
                - HHH000489: No JTA platform available (set 'hibernate.transaction.jta.platform' to enable JTA platform integration)
2026-06-07 18:36:34.748 [main] INFO  o.s.o.j.LocalContainerEntityManagerFactoryBean
                [service=iam_service]
                [correlationId=]
                [userId=]
                [keyId=]
                [challengeId=]
                - Initialized JPA EntityManagerFactory for persistence unit 'default'
2026-06-07 18:36:36.373 [main] INFO  o.s.b.a.e.web.EndpointLinksResolver
                [service=iam_service]
                [correlationId=]
                [userId=]
                [keyId=]
                [challengeId=]
                - Exposing 2 endpoints beneath base path '/actuator'
2026-06-07 18:36:36.443 [main] INFO  o.a.k.c.admin.AdminClientConfig
                [service=iam_service]
                [correlationId=]
                [userId=]
                [keyId=]
                [challengeId=]
                - AdminClientConfig values: 
	auto.include.jmx.reporter = true
	bootstrap.controllers = []
	bootstrap.servers = [localhost:9092]
	client.dns.lookup = use_all_dns_ips
	client.id = iam-service-admin-0
	connections.max.idle.ms = 300000
	default.api.timeout.ms = 60000
	enable.metrics.push = true
	metadata.max.age.ms = 300000
	metric.reporters = []
	metrics.num.samples = 2
	metrics.recording.level = INFO
	metrics.sample.window.ms = 30000
	receive.buffer.bytes = 65536
	reconnect.backoff.max.ms = 1000
	reconnect.backoff.ms = 50
	request.timeout.ms = 30000
	retries = 2147483647
	retry.backoff.max.ms = 1000
	retry.backoff.ms = 100
	sasl.client.callback.handler.class = null
	sasl.jaas.config = null
	sasl.kerberos.kinit.cmd = /usr/bin/kinit
	sasl.kerberos.min.time.before.relogin = 60000
	sasl.kerberos.service.name = null
	sasl.kerberos.ticket.renew.jitter = 0.05
	sasl.kerberos.ticket.renew.window.factor = 0.8
	sasl.login.callback.handler.class = null
	sasl.login.class = null
	sasl.login.connect.timeout.ms = null
	sasl.login.read.timeout.ms = null
	sasl.login.refresh.buffer.seconds = 300
	sasl.login.refresh.min.period.seconds = 60
	sasl.login.refresh.window.factor = 0.8
	sasl.login.refresh.window.jitter = 0.05
	sasl.login.retry.backoff.max.ms = 10000
	sasl.login.retry.backoff.ms = 100
	sasl.mechanism = GSSAPI
	sasl.oauthbearer.clock.skew.seconds = 30
	sasl.oauthbearer.expected.audience = null
	sasl.oauthbearer.expected.issuer = null
	sasl.oauthbearer.jwks.endpoint.refresh.ms = 3600000
	sasl.oauthbearer.jwks.endpoint.retry.backoff.max.ms = 10000
	sasl.oauthbearer.jwks.endpoint.retry.backoff.ms = 100
	sasl.oauthbearer.jwks.endpoint.url = null
	sasl.oauthbearer.scope.claim.name = scope
	sasl.oauthbearer.sub.claim.name = sub
	sasl.oauthbearer.token.endpoint.url = null
	security.protocol = PLAINTEXT
	security.providers = null
	send.buffer.bytes = 131072
	socket.connection.setup.timeout.max.ms = 30000
	socket.connection.setup.timeout.ms = 10000
	ssl.cipher.suites = null
	ssl.enabled.protocols = [TLSv1.2, TLSv1.3]
	ssl.endpoint.identification.algorithm = https
	ssl.engine.factory.class = null
	ssl.key.password = null
	ssl.keymanager.algorithm = SunX509
	ssl.keystore.certificate.chain = null
	ssl.keystore.key = null
	ssl.keystore.location = null
	ssl.keystore.password = null
	ssl.keystore.type = JKS
	ssl.protocol = TLSv1.3
	ssl.provider = null
	ssl.secure.random.implementation = null
	ssl.trustmanager.algorithm = PKIX
	ssl.truststore.certificates = null
	ssl.truststore.location = null
	ssl.truststore.password = null
	ssl.truststore.type = JKS

2026-06-07 18:36:36.516 [main] INFO  o.a.kafka.common.utils.AppInfoParser
                [service=iam_service]
                [correlationId=]
                [userId=]
                [keyId=]
                [challengeId=]
                - Kafka version: 3.7.1
2026-06-07 18:36:36.516 [main] INFO  o.a.kafka.common.utils.AppInfoParser
                [service=iam_service]
                [correlationId=]
                [userId=]
                [keyId=]
                [challengeId=]
                - Kafka commitId: e2494e6ffb89f828
2026-06-07 18:36:36.516 [main] INFO  o.a.kafka.common.utils.AppInfoParser
                [service=iam_service]
                [correlationId=]
                [userId=]
                [keyId=]
                [challengeId=]
                - Kafka startTimeMs: 1780846596516
2026-06-07 18:36:36.723 [kafka-admin-client-thread | iam-service-admin-0] INFO  o.a.kafka.common.utils.AppInfoParser
                [service=iam_service]
                [correlationId=]
                [userId=]
                [keyId=]
                [challengeId=]
                - App info kafka.admin.client for iam-service-admin-0 unregistered
2026-06-07 18:36:36.728 [kafka-admin-client-thread | iam-service-admin-0] INFO  o.a.kafka.common.metrics.Metrics
                [service=iam_service]
                [correlationId=]
                [userId=]
                [keyId=]
                [challengeId=]
                - Metrics scheduler closed
2026-06-07 18:36:36.728 [kafka-admin-client-thread | iam-service-admin-0] INFO  o.a.kafka.common.metrics.Metrics
                [service=iam_service]
                [correlationId=]
                [userId=]
                [keyId=]
                [challengeId=]
                - Closing reporter org.apache.kafka.common.metrics.JmxReporter
2026-06-07 18:36:36.728 [kafka-admin-client-thread | iam-service-admin-0] INFO  o.a.kafka.common.metrics.Metrics
                [service=iam_service]
                [correlationId=]
                [userId=]
                [keyId=]
                [challengeId=]
                - Metrics reporters closed
2026-06-07 18:36:36.732 [main] INFO  o.a.coyote.http11.Http11NioProtocol
                [service=iam_service]
                [correlationId=]
                [userId=]
                [keyId=]
                [challengeId=]
                - Starting ProtocolHandler ["http-nio-8081"]
2026-06-07 18:36:36.740 [main] INFO  o.s.b.w.e.tomcat.TomcatWebServer
                [service=iam_service]
                [correlationId=]
                [userId=]
                [keyId=]
                [challengeId=]
                - Tomcat started on port 8081 (http) with context path '/'
2026-06-07 18:36:36.755 [main] INFO  c.c.iam.IamServiceApplication
                [service=iam_service]
                [correlationId=]
                [userId=]
                [keyId=]
                [challengeId=]
                - Started IamServiceApplication in 5.865 seconds (process running for 6.083)
2026-06-07 18:36:38.612 [http-nio-8081-exec-1] INFO  o.a.c.c.C.[Tomcat].[localhost].[/]
                [service=iam_service]
                [correlationId=]
                [userId=]
                [keyId=]
                [challengeId=]
                - Initializing Spring DispatcherServlet 'dispatcherServlet'
2026-06-07 18:36:38.612 [http-nio-8081-exec-1] INFO  o.s.web.servlet.DispatcherServlet
                [service=iam_service]
                [correlationId=]
                [userId=]
                [keyId=]
                [challengeId=]
                - Initializing Servlet 'dispatcherServlet'
2026-06-07 18:36:38.613 [http-nio-8081-exec-1] INFO  o.s.web.servlet.DispatcherServlet
                [service=iam_service]
                [correlationId=]
                [userId=]
                [keyId=]
                [challengeId=]
                - Completed initialization in 1 ms
2026-06-07 18:36:38.620 [http-nio-8081-exec-1] INFO  c.c.i.c.filter.RequestLoggingFilter
                [service=iam_service]
                [correlationId=222ae6ad-6a92-4999-b301-a384898a92e0]
                [userId=]
                [keyId=]
                [challengeId=]
                - HTTP_REQUEST_STARTED method=GET path=/swagger-ui/index.html correlationId=222ae6ad-6a92-4999-b301-a384898a92e0
2026-06-07 18:36:38.637 [http-nio-8081-exec-1] INFO  c.c.i.c.filter.RequestLoggingFilter
                [service=iam_service]
                [correlationId=222ae6ad-6a92-4999-b301-a384898a92e0]
                [userId=]
                [keyId=]
                [challengeId=]
                - HTTP_REQUEST_COMPLETED method=GET path=/swagger-ui/index.html status=304 durationMs=17 correlationId=222ae6ad-6a92-4999-b301-a384898a92e0
2026-06-07 18:36:38.646 [http-nio-8081-exec-3] INFO  c.c.i.c.filter.RequestLoggingFilter
                [service=iam_service]
                [correlationId=50307d45-7b82-46d3-9da5-f48bbc313017]
                [userId=]
                [keyId=]
                [challengeId=]
                - HTTP_REQUEST_STARTED method=GET path=/swagger-ui/swagger-initializer.js correlationId=50307d45-7b82-46d3-9da5-f48bbc313017
2026-06-07 18:36:38.660 [http-nio-8081-exec-3] INFO  c.c.i.c.filter.RequestLoggingFilter
                [service=iam_service]
                [correlationId=50307d45-7b82-46d3-9da5-f48bbc313017]
                [userId=]
                [keyId=]
                [challengeId=]
                - HTTP_REQUEST_COMPLETED method=GET path=/swagger-ui/swagger-initializer.js status=200 durationMs=14 correlationId=50307d45-7b82-46d3-9da5-f48bbc313017
2026-06-07 18:36:38.681 [http-nio-8081-exec-2] INFO  c.c.i.c.filter.RequestLoggingFilter
                [service=iam_service]
                [correlationId=44236216-b9e8-413a-bf88-ecbd52eb5b9a]
                [userId=]
                [keyId=]
                [challengeId=]
                - HTTP_REQUEST_STARTED method=GET path=/api/auth/v3/api-docs/swagger-config correlationId=44236216-b9e8-413a-bf88-ecbd52eb5b9a
2026-06-07 18:36:38.697 [http-nio-8081-exec-2] INFO  c.c.i.c.filter.RequestLoggingFilter
                [service=iam_service]
                [correlationId=44236216-b9e8-413a-bf88-ecbd52eb5b9a]
                [userId=]
                [keyId=]
                [challengeId=]
                - HTTP_REQUEST_COMPLETED method=GET path=/api/auth/v3/api-docs/swagger-config status=200 durationMs=16 correlationId=44236216-b9e8-413a-bf88-ecbd52eb5b9a
2026-06-07 18:36:38.701 [http-nio-8081-exec-4] INFO  c.c.i.c.filter.RequestLoggingFilter
                [service=iam_service]
                [correlationId=e3db7d1e-62a0-457d-ba54-1405e6416a40]
                [userId=]
                [keyId=]
                [challengeId=]
                - HTTP_REQUEST_STARTED method=GET path=/api/auth/v3/api-docs correlationId=e3db7d1e-62a0-457d-ba54-1405e6416a40
2026-06-07 18:36:38.961 [http-nio-8081-exec-4] INFO  o.s.api.AbstractOpenApiResource
                [service=iam_service]
                [correlationId=e3db7d1e-62a0-457d-ba54-1405e6416a40]
                [userId=]
                [keyId=]
                [challengeId=]
                - Init duration for springdoc-openapi is: 250 ms
2026-06-07 18:36:38.980 [http-nio-8081-exec-4] INFO  c.c.i.c.filter.RequestLoggingFilter
                [service=iam_service]
                [correlationId=e3db7d1e-62a0-457d-ba54-1405e6416a40]
                [userId=]
                [keyId=]
                [challengeId=]
                - HTTP_REQUEST_COMPLETED method=GET path=/api/auth/v3/api-docs status=200 durationMs=279 correlationId=e3db7d1e-62a0-457d-ba54-1405e6416a40
2026-06-07 18:37:03.682 [http-nio-8081-exec-5] INFO  c.c.i.c.filter.RequestLoggingFilter
                [service=iam_service]
                [correlationId=814bcfdc-1edb-4107-8dfd-27fb1e2af946]
                [userId=]
                [keyId=]
                [challengeId=]
                - HTTP_REQUEST_STARTED method=GET path=/api/auth/dev/keypair correlationId=814bcfdc-1edb-4107-8dfd-27fb1e2af946
2026-06-07 18:37:03.706 [http-nio-8081-exec-5] INFO  c.c.i.c.filter.RequestLoggingFilter
                [service=iam_service]
                [correlationId=814bcfdc-1edb-4107-8dfd-27fb1e2af946]
                [userId=]
                [keyId=]
                [challengeId=]
                - HTTP_REQUEST_COMPLETED method=GET path=/api/auth/dev/keypair status=200 durationMs=24 correlationId=814bcfdc-1edb-4107-8dfd-27fb1e2af946
2026-06-07 18:37:44.015 [http-nio-8081-exec-7] INFO  c.c.i.c.filter.RequestLoggingFilter
                [service=iam_service]
                [correlationId=7e87a0ec-4d64-49fb-86a8-d48cabc1426a]
                [userId=]
                [keyId=]
                [challengeId=]
                - HTTP_REQUEST_STARTED method=POST path=/api/auth/users/register correlationId=7e87a0ec-4d64-49fb-86a8-d48cabc1426a
2026-06-07 18:37:44.075 [http-nio-8081-exec-7] INFO  c.c.i.a.a.u.RegisterUserUseCase
                [service=iam_service]
                [correlationId=7e87a0ec-4d64-49fb-86a8-d48cabc1426a]
                [userId=]
                [keyId=]
                [challengeId=]
                - REGISTER_USER_STARTED email=ismail2@gmail.com
2026-06-07 18:37:44.089 [http-nio-8081-exec-7] INFO  c.c.i.c.filter.RequestLoggingFilter
                [service=iam_service]
                [correlationId=7e87a0ec-4d64-49fb-86a8-d48cabc1426a]
                [userId=]
                [keyId=]
                [challengeId=]
                - HTTP_REQUEST_COMPLETED method=POST path=/api/auth/users/register status=400 durationMs=74 correlationId=7e87a0ec-4d64-49fb-86a8-d48cabc1426a
2026-06-07 18:37:55.831 [http-nio-8081-exec-8] INFO  c.c.i.c.filter.RequestLoggingFilter
                [service=iam_service]
                [correlationId=880454e0-aa1e-4d0c-9955-82854598762a]
                [userId=]
                [keyId=]
                [challengeId=]
                - HTTP_REQUEST_STARTED method=POST path=/api/auth/users/register correlationId=880454e0-aa1e-4d0c-9955-82854598762a
2026-06-07 18:37:55.831 [http-nio-8081-exec-8] INFO  c.c.i.a.a.u.RegisterUserUseCase
                [service=iam_service]
                [correlationId=880454e0-aa1e-4d0c-9955-82854598762a]
                [userId=]
                [keyId=]
                [challengeId=]
                - REGISTER_USER_STARTED email=ismail2@gmail.com
2026-06-07 18:37:55.886 [http-nio-8081-exec-8] INFO  c.c.i.a.a.u.RegisterUserUseCase
                [service=iam_service]
                [correlationId=880454e0-aa1e-4d0c-9955-82854598762a]
                [userId=3f2eaa53-3aaa-419b-a99c-b8c0f4acdc09]
                [keyId=dc0dca26-d18b-4778-a9a0-6a3895850036]
                [challengeId=]
                - REGISTER_USER_SUCCESS userId=3f2eaa53-3aaa-419b-a99c-b8c0f4acdc09 keyId=dc0dca26-d18b-4778-a9a0-6a3895850036
2026-06-07 18:37:55.919 [http-nio-8081-exec-8] INFO  c.c.i.c.filter.RequestLoggingFilter
                [service=iam_service]
                [correlationId=880454e0-aa1e-4d0c-9955-82854598762a]
                [userId=]
                [keyId=]
                [challengeId=]
                - HTTP_REQUEST_COMPLETED method=POST path=/api/auth/users/register status=200 durationMs=88 correlationId=880454e0-aa1e-4d0c-9955-82854598762a
2026-06-07 18:37:57.321 [scheduling-1] INFO  o.a.k.c.producer.ProducerConfig
                [service=iam_service]
                [correlationId=]
                [userId=]
                [keyId=]
                [challengeId=]
                - ProducerConfig values: 
	acks = -1
	auto.include.jmx.reporter = true
	batch.size = 16384
	bootstrap.servers = [localhost:9092]
	buffer.memory = 33554432
	client.dns.lookup = use_all_dns_ips
	client.id = iam-service-producer-1
	compression.type = none
	connections.max.idle.ms = 540000
	delivery.timeout.ms = 120000
	enable.idempotence = true
	enable.metrics.push = true
	interceptor.classes = []
	key.serializer = class org.apache.kafka.common.serialization.StringSerializer
	linger.ms = 0
	max.block.ms = 60000
	max.in.flight.requests.per.connection = 5
	max.request.size = 1048576
	metadata.max.age.ms = 300000
	metadata.max.idle.ms = 300000
	metric.reporters = []
	metrics.num.samples = 2
	metrics.recording.level = INFO
	metrics.sample.window.ms = 30000
	partitioner.adaptive.partitioning.enable = true
	partitioner.availability.timeout.ms = 0
	partitioner.class = null
	partitioner.ignore.keys = false
	receive.buffer.bytes = 32768
	reconnect.backoff.max.ms = 1000
	reconnect.backoff.ms = 50
	request.timeout.ms = 30000
	retries = 10
	retry.backoff.max.ms = 1000
	retry.backoff.ms = 100
	sasl.client.callback.handler.class = null
	sasl.jaas.config = null
	sasl.kerberos.kinit.cmd = /usr/bin/kinit
	sasl.kerberos.min.time.before.relogin = 60000
	sasl.kerberos.service.name = null
	sasl.kerberos.ticket.renew.jitter = 0.05
	sasl.kerberos.ticket.renew.window.factor = 0.8
	sasl.login.callback.handler.class = null
	sasl.login.class = null
	sasl.login.connect.timeout.ms = null
	sasl.login.read.timeout.ms = null
	sasl.login.refresh.buffer.seconds = 300
	sasl.login.refresh.min.period.seconds = 60
	sasl.login.refresh.window.factor = 0.8
	sasl.login.refresh.window.jitter = 0.05
	sasl.login.retry.backoff.max.ms = 10000
	sasl.login.retry.backoff.ms = 100
	sasl.mechanism = GSSAPI
	sasl.oauthbearer.clock.skew.seconds = 30
	sasl.oauthbearer.expected.audience = null
	sasl.oauthbearer.expected.issuer = null
	sasl.oauthbearer.jwks.endpoint.refresh.ms = 3600000
	sasl.oauthbearer.jwks.endpoint.retry.backoff.max.ms = 10000
	sasl.oauthbearer.jwks.endpoint.retry.backoff.ms = 100
	sasl.oauthbearer.jwks.endpoint.url = null
	sasl.oauthbearer.scope.claim.name = scope
	sasl.oauthbearer.sub.claim.name = sub
	sasl.oauthbearer.token.endpoint.url = null
	security.protocol = PLAINTEXT
	security.providers = null
	send.buffer.bytes = 131072
	socket.connection.setup.timeout.max.ms = 30000
	socket.connection.setup.timeout.ms = 10000
	ssl.cipher.suites = null
	ssl.enabled.protocols = [TLSv1.2, TLSv1.3]
	ssl.endpoint.identification.algorithm = https
	ssl.engine.factory.class = null
	ssl.key.password = null
	ssl.keymanager.algorithm = SunX509
	ssl.keystore.certificate.chain = null
	ssl.keystore.key = null
	ssl.keystore.location = null
	ssl.keystore.password = null
	ssl.keystore.type = JKS
	ssl.protocol = TLSv1.3
	ssl.provider = null
	ssl.secure.random.implementation = null
	ssl.trustmanager.algorithm = PKIX
	ssl.truststore.certificates = null
	ssl.truststore.location = null
	ssl.truststore.password = null
	ssl.truststore.type = JKS
	transaction.timeout.ms = 60000
	transactional.id = null
	value.serializer = class org.springframework.kafka.support.serializer.JsonSerializer

2026-06-07 18:37:57.345 [scheduling-1] INFO  o.a.k.c.t.i.KafkaMetricsCollector
                [service=iam_service]
                [correlationId=]
                [userId=]
                [keyId=]
                [challengeId=]
                - initializing Kafka metrics collector
2026-06-07 18:37:57.360 [scheduling-1] INFO  o.a.k.clients.producer.KafkaProducer
                [service=iam_service]
                [correlationId=]
                [userId=]
                [keyId=]
                [challengeId=]
                - [Producer clientId=iam-service-producer-1] Instantiated an idempotent producer.
2026-06-07 18:37:57.385 [scheduling-1] INFO  o.a.kafka.common.utils.AppInfoParser
                [service=iam_service]
                [correlationId=]
                [userId=]
                [keyId=]
                [challengeId=]
                - Kafka version: 3.7.1
2026-06-07 18:37:57.385 [scheduling-1] INFO  o.a.kafka.common.utils.AppInfoParser
                [service=iam_service]
                [correlationId=]
                [userId=]
                [keyId=]
                [challengeId=]
                - Kafka commitId: e2494e6ffb89f828
2026-06-07 18:37:57.385 [scheduling-1] INFO  o.a.kafka.common.utils.AppInfoParser
                [service=iam_service]
                [correlationId=]
                [userId=]
                [keyId=]
                [challengeId=]
                - Kafka startTimeMs: 1780846677384
2026-06-07 18:37:57.397 [kafka-producer-network-thread | iam-service-producer-1] INFO  org.apache.kafka.clients.Metadata
                [service=iam_service]
                [correlationId=]
                [userId=]
                [keyId=]
                [challengeId=]
                - [Producer clientId=iam-service-producer-1] Cluster ID: 5L6g3nShT-eMCtK--X86sw
2026-06-07 18:37:57.398 [kafka-producer-network-thread | iam-service-producer-1] INFO  o.a.k.c.p.i.TransactionManager
                [service=iam_service]
                [correlationId=]
                [userId=]
                [keyId=]
                [challengeId=]
                - [Producer clientId=iam-service-producer-1] ProducerId set to 2 with epoch 0
2026-06-07 18:37:57.435 [scheduling-1] INFO  c.c.i.a.i.m.k.KafkaOutboxPublisher
                [service=iam_service]
                [correlationId=]
                [userId=]
                [keyId=]
                [challengeId=]
                - OUTBOX_EVENT_PUBLISHED eventId=af61b7e7-1e1d-46d0-8500-fd0bb03f42f6 topic=iam.user-public-key.registered.v1 key=3f2eaa53-3aaa-419b-a99c-b8c0f4acdc09
2026-06-07 18:38:52.748 [http-nio-8081-exec-9] INFO  c.c.i.c.filter.RequestLoggingFilter
                [service=iam_service]
                [correlationId=76eaf13f-e7c8-4503-af23-e4256f06ee1a]
                [userId=]
                [keyId=]
                [challengeId=]
                - HTTP_REQUEST_STARTED method=POST path=/api/auth/challenges correlationId=76eaf13f-e7c8-4503-af23-e4256f06ee1a
2026-06-07 18:38:52.767 [http-nio-8081-exec-9] INFO  c.c.i.a.a.u.CreateChallengeUseCase
                [service=iam_service]
                [correlationId=76eaf13f-e7c8-4503-af23-e4256f06ee1a]
                [userId=3f2eaa53-3aaa-419b-a99c-b8c0f4acdc09]
                [keyId=]
                [challengeId=9d1f65e7-f620-4d2b-8657-11305cfd65f1]
                - CREATE_CHALLENGE_SUCCESS userId=3f2eaa53-3aaa-419b-a99c-b8c0f4acdc09 challengeId=9d1f65e7-f620-4d2b-8657-11305cfd65f1
2026-06-07 18:38:52.767 [http-nio-8081-exec-9] INFO  c.c.i.c.filter.RequestLoggingFilter
                [service=iam_service]
                [correlationId=76eaf13f-e7c8-4503-af23-e4256f06ee1a]
                [userId=3f2eaa53-3aaa-419b-a99c-b8c0f4acdc09]
                [keyId=]
                [challengeId=9d1f65e7-f620-4d2b-8657-11305cfd65f1]
                - HTTP_REQUEST_COMPLETED method=POST path=/api/auth/challenges status=200 durationMs=19 correlationId=76eaf13f-e7c8-4503-af23-e4256f06ee1a
2026-06-07 18:40:26.254 [http-nio-8081-exec-1] INFO  c.c.i.c.filter.RequestLoggingFilter
                [service=iam_service]
                [correlationId=5da51886-8012-4d56-8c5c-7066ee92ff34]
                [userId=]
                [keyId=]
                [challengeId=]
                - HTTP_REQUEST_STARTED method=POST path=/api/auth/dev/sign correlationId=5da51886-8012-4d56-8c5c-7066ee92ff34
2026-06-07 18:40:26.271 [http-nio-8081-exec-1] INFO  c.c.i.c.filter.RequestLoggingFilter
                [service=iam_service]
                [correlationId=5da51886-8012-4d56-8c5c-7066ee92ff34]
                [userId=]
                [keyId=]
                [challengeId=]
                - HTTP_REQUEST_COMPLETED method=POST path=/api/auth/dev/sign status=200 durationMs=17 correlationId=5da51886-8012-4d56-8c5c-7066ee92ff34
2026-06-07 18:41:47.855 [http-nio-8081-exec-2] INFO  c.c.i.c.filter.RequestLoggingFilter
                [service=iam_service]
                [correlationId=713ce97f-09a0-4ac3-bf3d-3de81dce4acc]
                [userId=]
                [keyId=]
                [challengeId=]
                - HTTP_REQUEST_STARTED method=POST path=/api/auth/signatures/verify correlationId=713ce97f-09a0-4ac3-bf3d-3de81dce4acc
2026-06-07 18:41:47.859 [http-nio-8081-exec-2] INFO  c.c.i.a.a.u.VerifySignatureUseCase
                [service=iam_service]
                [correlationId=713ce97f-09a0-4ac3-bf3d-3de81dce4acc]
                [userId=3f2eaa53-3aaa-419b-a99c-b8c0f4acdc09]
                [keyId=dc0dca26-d18b-4778-a9a0-6a3895850036]
                [challengeId=9d1f65e7-f620-4d2b-8657-11305cfd65f1]
                - VERIFY_SIGNATURE_STARTED userId=3f2eaa53-3aaa-419b-a99c-b8c0f4acdc09 keyId=dc0dca26-d18b-4778-a9a0-6a3895850036 challengeId=9d1f65e7-f620-4d2b-8657-11305cfd65f1
2026-06-07 18:41:47.865 [http-nio-8081-exec-2] INFO  c.c.i.c.filter.RequestLoggingFilter
                [service=iam_service]
                [correlationId=713ce97f-09a0-4ac3-bf3d-3de81dce4acc]
                [userId=3f2eaa53-3aaa-419b-a99c-b8c0f4acdc09]
                [keyId=dc0dca26-d18b-4778-a9a0-6a3895850036]
                [challengeId=9d1f65e7-f620-4d2b-8657-11305cfd65f1]
                - HTTP_REQUEST_COMPLETED method=POST path=/api/auth/signatures/verify status=400 durationMs=10 correlationId=713ce97f-09a0-4ac3-bf3d-3de81dce4acc
2026-06-07 18:42:43.102 [http-nio-8081-exec-4] INFO  c.c.i.c.filter.RequestLoggingFilter
                [service=iam_service]
                [correlationId=27883902-d5b0-44b9-8994-3fd2df735a9e]
                [userId=]
                [keyId=]
                [challengeId=]
                - HTTP_REQUEST_STARTED method=POST path=/api/auth/challenges correlationId=27883902-d5b0-44b9-8994-3fd2df735a9e
2026-06-07 18:42:43.106 [http-nio-8081-exec-4] INFO  c.c.i.a.a.u.CreateChallengeUseCase
                [service=iam_service]
                [correlationId=27883902-d5b0-44b9-8994-3fd2df735a9e]
                [userId=3f2eaa53-3aaa-419b-a99c-b8c0f4acdc09]
                [keyId=]
                [challengeId=69ade7ed-37d7-4fbb-8639-7dbc51764bee]
                - CREATE_CHALLENGE_SUCCESS userId=3f2eaa53-3aaa-419b-a99c-b8c0f4acdc09 challengeId=69ade7ed-37d7-4fbb-8639-7dbc51764bee
2026-06-07 18:42:43.110 [http-nio-8081-exec-4] INFO  c.c.i.c.filter.RequestLoggingFilter
                [service=iam_service]
                [correlationId=27883902-d5b0-44b9-8994-3fd2df735a9e]
                [userId=3f2eaa53-3aaa-419b-a99c-b8c0f4acdc09]
                [keyId=]
                [challengeId=69ade7ed-37d7-4fbb-8639-7dbc51764bee]
                - HTTP_REQUEST_COMPLETED method=POST path=/api/auth/challenges status=200 durationMs=8 correlationId=27883902-d5b0-44b9-8994-3fd2df735a9e
2026-06-07 18:43:40.801 [http-nio-8081-exec-5] INFO  c.c.i.c.filter.RequestLoggingFilter
                [service=iam_service]
                [correlationId=adf3b92b-8ccc-43c5-b8c5-9151f03645a6]
                [userId=]
                [keyId=]
                [challengeId=]
                - HTTP_REQUEST_STARTED method=POST path=/api/auth/signatures/verify correlationId=adf3b92b-8ccc-43c5-b8c5-9151f03645a6
2026-06-07 18:43:40.803 [http-nio-8081-exec-5] INFO  c.c.i.a.a.u.VerifySignatureUseCase
                [service=iam_service]
                [correlationId=adf3b92b-8ccc-43c5-b8c5-9151f03645a6]
                [userId=3f2eaa53-3aaa-419b-a99c-b8c0f4acdc09]
                [keyId=dc0dca26-d18b-4778-a9a0-6a3895850036]
                [challengeId=69ade7ed-37d7-4fbb-8639-7dbc51764bee]
                - VERIFY_SIGNATURE_STARTED userId=3f2eaa53-3aaa-419b-a99c-b8c0f4acdc09 keyId=dc0dca26-d18b-4778-a9a0-6a3895850036 challengeId=69ade7ed-37d7-4fbb-8639-7dbc51764bee
2026-06-07 18:43:40.811 [http-nio-8081-exec-5] INFO  c.c.i.a.i.c.Ed25519SignatureVerifier
                [service=iam_service]
                [correlationId=adf3b92b-8ccc-43c5-b8c5-9151f03645a6]
                [userId=3f2eaa53-3aaa-419b-a99c-b8c0f4acdc09]
                [keyId=dc0dca26-d18b-4778-a9a0-6a3895850036]
                [challengeId=69ade7ed-37d7-4fbb-8639-7dbc51764bee]
                - ED25519_SIGNATURE_VERIFICATION valid=false
2026-06-07 18:43:40.812 [http-nio-8081-exec-5] INFO  c.c.i.c.filter.RequestLoggingFilter
                [service=iam_service]
                [correlationId=adf3b92b-8ccc-43c5-b8c5-9151f03645a6]
                [userId=3f2eaa53-3aaa-419b-a99c-b8c0f4acdc09]
                [keyId=dc0dca26-d18b-4778-a9a0-6a3895850036]
                [challengeId=69ade7ed-37d7-4fbb-8639-7dbc51764bee]
                - HTTP_REQUEST_COMPLETED method=POST path=/api/auth/signatures/verify status=400 durationMs=11 correlationId=adf3b92b-8ccc-43c5-b8c5-9151f03645a6
2026-06-07 18:44:30.730 [http-nio-8081-exec-6] INFO  c.c.i.c.filter.RequestLoggingFilter
                [service=iam_service]
                [correlationId=c0b485cb-bfe3-4535-b4db-3451a9c29448]
                [userId=]
                [keyId=]
                [challengeId=]
                - HTTP_REQUEST_STARTED method=POST path=/api/auth/challenges correlationId=c0b485cb-bfe3-4535-b4db-3451a9c29448
2026-06-07 18:44:30.735 [http-nio-8081-exec-6] INFO  c.c.i.a.a.u.CreateChallengeUseCase
                [service=iam_service]
                [correlationId=c0b485cb-bfe3-4535-b4db-3451a9c29448]
                [userId=3f2eaa53-3aaa-419b-a99c-b8c0f4acdc09]
                [keyId=]
                [challengeId=6a42c059-8442-4224-a8ec-e4ec54379d1d]
                - CREATE_CHALLENGE_SUCCESS userId=3f2eaa53-3aaa-419b-a99c-b8c0f4acdc09 challengeId=6a42c059-8442-4224-a8ec-e4ec54379d1d
2026-06-07 18:44:30.737 [http-nio-8081-exec-6] INFO  c.c.i.c.filter.RequestLoggingFilter
                [service=iam_service]
                [correlationId=c0b485cb-bfe3-4535-b4db-3451a9c29448]
                [userId=3f2eaa53-3aaa-419b-a99c-b8c0f4acdc09]
                [keyId=]
                [challengeId=6a42c059-8442-4224-a8ec-e4ec54379d1d]
                - HTTP_REQUEST_COMPLETED method=POST path=/api/auth/challenges status=200 durationMs=7 correlationId=c0b485cb-bfe3-4535-b4db-3451a9c29448
2026-06-07 18:46:09.933 [http-nio-8081-exec-8] INFO  c.c.i.c.filter.RequestLoggingFilter
                [service=iam_service]
                [correlationId=29d9608d-ae75-48d0-a46c-0c93c9a97e2b]
                [userId=]
                [keyId=]
                [challengeId=]
                - HTTP_REQUEST_STARTED method=POST path=/api/auth/signatures/verify correlationId=29d9608d-ae75-48d0-a46c-0c93c9a97e2b
2026-06-07 18:46:09.935 [http-nio-8081-exec-8] INFO  c.c.i.a.a.u.VerifySignatureUseCase
                [service=iam_service]
                [correlationId=29d9608d-ae75-48d0-a46c-0c93c9a97e2b]
                [userId=3f2eaa53-3aaa-419b-a99c-b8c0f4acdc09]
                [keyId=dc0dca26-d18b-4778-a9a0-6a3895850036]
                [challengeId=6a42c059-8442-4224-a8ec-e4ec54379d1d]
                - VERIFY_SIGNATURE_STARTED userId=3f2eaa53-3aaa-419b-a99c-b8c0f4acdc09 keyId=dc0dca26-d18b-4778-a9a0-6a3895850036 challengeId=6a42c059-8442-4224-a8ec-e4ec54379d1d
2026-06-07 18:46:09.944 [http-nio-8081-exec-8] INFO  c.c.i.a.i.c.Ed25519SignatureVerifier
                [service=iam_service]
                [correlationId=29d9608d-ae75-48d0-a46c-0c93c9a97e2b]
                [userId=3f2eaa53-3aaa-419b-a99c-b8c0f4acdc09]
                [keyId=dc0dca26-d18b-4778-a9a0-6a3895850036]
                [challengeId=6a42c059-8442-4224-a8ec-e4ec54379d1d]
                - ED25519_SIGNATURE_VERIFICATION valid=false
2026-06-07 18:46:09.946 [http-nio-8081-exec-8] INFO  c.c.i.c.filter.RequestLoggingFilter
                [service=iam_service]
                [correlationId=29d9608d-ae75-48d0-a46c-0c93c9a97e2b]
                [userId=3f2eaa53-3aaa-419b-a99c-b8c0f4acdc09]
                [keyId=dc0dca26-d18b-4778-a9a0-6a3895850036]
                [challengeId=6a42c059-8442-4224-a8ec-e4ec54379d1d]
                - HTTP_REQUEST_COMPLETED method=POST path=/api/auth/signatures/verify status=400 durationMs=13 correlationId=29d9608d-ae75-48d0-a46c-0c93c9a97e2b
2026-06-07 18:46:41.758 [http-nio-8081-exec-9] INFO  c.c.i.c.filter.RequestLoggingFilter
                [service=iam_service]
                [correlationId=ee5f45dc-994b-4fa2-aefe-072c9a6d5a7e]
                [userId=]
                [keyId=]
                [challengeId=]
                - HTTP_REQUEST_STARTED method=POST path=/api/auth/challenges correlationId=ee5f45dc-994b-4fa2-aefe-072c9a6d5a7e
2026-06-07 18:46:41.761 [http-nio-8081-exec-9] INFO  c.c.i.a.a.u.CreateChallengeUseCase
                [service=iam_service]
                [correlationId=ee5f45dc-994b-4fa2-aefe-072c9a6d5a7e]
                [userId=3f2eaa53-3aaa-419b-a99c-b8c0f4acdc09]
                [keyId=]
                [challengeId=9f5182d1-5781-4b4f-926b-a4c828bd4f42]
                - CREATE_CHALLENGE_SUCCESS userId=3f2eaa53-3aaa-419b-a99c-b8c0f4acdc09 challengeId=9f5182d1-5781-4b4f-926b-a4c828bd4f42
2026-06-07 18:46:41.764 [http-nio-8081-exec-9] INFO  c.c.i.c.filter.RequestLoggingFilter
                [service=iam_service]
                [correlationId=ee5f45dc-994b-4fa2-aefe-072c9a6d5a7e]
                [userId=3f2eaa53-3aaa-419b-a99c-b8c0f4acdc09]
                [keyId=]
                [challengeId=9f5182d1-5781-4b4f-926b-a4c828bd4f42]
                - HTTP_REQUEST_COMPLETED method=POST path=/api/auth/challenges status=200 durationMs=6 correlationId=ee5f45dc-994b-4fa2-aefe-072c9a6d5a7e
2026-06-07 18:46:57.445 [kafka-producer-network-thread | iam-service-producer-1] INFO  o.apache.kafka.clients.NetworkClient
                [service=iam_service]
                [correlationId=]
                [userId=]
                [keyId=]
                [challengeId=]
                - [Producer clientId=iam-service-producer-1] Node -1 disconnected.
2026-06-07 18:47:05.157 [http-nio-8081-exec-10] INFO  c.c.i.c.filter.RequestLoggingFilter
                [service=iam_service]
                [correlationId=5661ec07-6940-4f2d-a44c-ad7e5fbcb051]
                [userId=]
                [keyId=]
                [challengeId=]
                - HTTP_REQUEST_STARTED method=POST path=/api/auth/dev/sign correlationId=5661ec07-6940-4f2d-a44c-ad7e5fbcb051
2026-06-07 18:47:05.158 [http-nio-8081-exec-10] INFO  c.c.i.c.filter.RequestLoggingFilter
                [service=iam_service]
                [correlationId=5661ec07-6940-4f2d-a44c-ad7e5fbcb051]
                [userId=]
                [keyId=]
                [challengeId=]
                - HTTP_REQUEST_COMPLETED method=POST path=/api/auth/dev/sign status=200 durationMs=1 correlationId=5661ec07-6940-4f2d-a44c-ad7e5fbcb051
2026-06-07 18:47:56.278 [http-nio-8081-exec-1] INFO  c.c.i.c.filter.RequestLoggingFilter
                [service=iam_service]
                [correlationId=182358fe-9c9a-4f23-9166-5b38a2abebd4]
                [userId=]
                [keyId=]
                [challengeId=]
                - HTTP_REQUEST_STARTED method=POST path=/api/auth/signatures/verify correlationId=182358fe-9c9a-4f23-9166-5b38a2abebd4
2026-06-07 18:47:56.279 [http-nio-8081-exec-1] INFO  c.c.i.a.a.u.VerifySignatureUseCase
                [service=iam_service]
                [correlationId=182358fe-9c9a-4f23-9166-5b38a2abebd4]
                [userId=3f2eaa53-3aaa-419b-a99c-b8c0f4acdc09]
                [keyId=dc0dca26-d18b-4778-a9a0-6a3895850036]
                [challengeId=9f5182d1-5781-4b4f-926b-a4c828bd4f42]
                - VERIFY_SIGNATURE_STARTED userId=3f2eaa53-3aaa-419b-a99c-b8c0f4acdc09 keyId=dc0dca26-d18b-4778-a9a0-6a3895850036 challengeId=9f5182d1-5781-4b4f-926b-a4c828bd4f42
2026-06-07 18:47:56.283 [http-nio-8081-exec-1] INFO  c.c.i.a.i.c.Ed25519SignatureVerifier
                [service=iam_service]
                [correlationId=182358fe-9c9a-4f23-9166-5b38a2abebd4]
                [userId=3f2eaa53-3aaa-419b-a99c-b8c0f4acdc09]
                [keyId=dc0dca26-d18b-4778-a9a0-6a3895850036]
                [challengeId=9f5182d1-5781-4b4f-926b-a4c828bd4f42]
                - ED25519_SIGNATURE_VERIFICATION valid=false
2026-06-07 18:47:56.284 [http-nio-8081-exec-1] INFO  c.c.i.c.filter.RequestLoggingFilter
                [service=iam_service]
                [correlationId=182358fe-9c9a-4f23-9166-5b38a2abebd4]
                [userId=3f2eaa53-3aaa-419b-a99c-b8c0f4acdc09]
                [keyId=dc0dca26-d18b-4778-a9a0-6a3895850036]
                [challengeId=9f5182d1-5781-4b4f-926b-a4c828bd4f42]
                - HTTP_REQUEST_COMPLETED method=POST path=/api/auth/signatures/verify status=400 durationMs=7 correlationId=182358fe-9c9a-4f23-9166-5b38a2abebd4
2026-06-07 18:53:16.942 [SpringApplicationShutdownHook] INFO  o.a.k.clients.producer.KafkaProducer
                [service=iam_service]
                [correlationId=]
                [userId=]
                [keyId=]
                [challengeId=]
                - [Producer clientId=iam-service-producer-1] Closing the Kafka producer with timeoutMillis = 30000 ms.
2026-06-07 18:53:16.958 [SpringApplicationShutdownHook] INFO  o.a.kafka.common.metrics.Metrics
                [service=iam_service]
                [correlationId=]
                [userId=]
                [keyId=]
                [challengeId=]
                - Metrics scheduler closed
2026-06-07 18:53:16.958 [SpringApplicationShutdownHook] INFO  o.a.kafka.common.metrics.Metrics
                [service=iam_service]
                [correlationId=]
                [userId=]
                [keyId=]
                [challengeId=]
                - Closing reporter org.apache.kafka.common.metrics.JmxReporter
2026-06-07 18:53:16.959 [SpringApplicationShutdownHook] INFO  o.a.kafka.common.metrics.Metrics
                [service=iam_service]
                [correlationId=]
                [userId=]
                [keyId=]
                [challengeId=]
                - Closing reporter org.apache.kafka.common.telemetry.internals.ClientTelemetryReporter
2026-06-07 18:53:16.959 [SpringApplicationShutdownHook] INFO  o.a.kafka.common.metrics.Metrics
                [service=iam_service]
                [correlationId=]
                [userId=]
                [keyId=]
                [challengeId=]
                - Metrics reporters closed
2026-06-07 18:53:16.960 [SpringApplicationShutdownHook] INFO  o.a.kafka.common.utils.AppInfoParser
                [service=iam_service]
                [correlationId=]
                [userId=]
                [keyId=]
                [challengeId=]
                - App info kafka.producer for iam-service-producer-1 unregistered
2026-06-07 18:53:16.984 [SpringApplicationShutdownHook] INFO  o.s.o.j.LocalContainerEntityManagerFactoryBean
                [service=iam_service]
                [correlationId=]
                [userId=]
                [keyId=]
                [challengeId=]
                - Closing JPA EntityManagerFactory for persistence unit 'default'
2026-06-07 18:53:16.984 [SpringApplicationShutdownHook] INFO  com.zaxxer.hikari.HikariDataSource
                [service=iam_service]
                [correlationId=]
                [userId=]
                [keyId=]
                [challengeId=]
                - HikariPool-1 - Shutdown initiated...
2026-06-07 18:53:16.984 [SpringApplicationShutdownHook] INFO  com.zaxxer.hikari.HikariDataSource
                [service=iam_service]
                [correlationId=]
                [userId=]
                [keyId=]
                [challengeId=]
                - HikariPool-1 - Shutdown completed.
2026-06-07 18:53:26.828 [background-preinit] INFO  o.h.validator.internal.util.Version
                [service=iam_service]
                [correlationId=]
                [userId=]
                [keyId=]
                [challengeId=]
                - HV000001: Hibernate Validator 8.0.1.Final
2026-06-07 18:53:26.869 [main] INFO  c.c.iam.IamServiceApplication
                [service=iam_service]
                [correlationId=]
                [userId=]
                [keyId=]
                [challengeId=]
                - Starting IamServiceApplication using Java 17.0.19 with PID 17400 (C:\Users\Lenovo\IdeaProjects\5th_Spring_miceoservice\services\iam\target\classes started by Lenovo in C:\Users\Lenovo\IdeaProjects\5th_Spring_miceoservice)
2026-06-07 18:53:26.870 [main] INFO  c.c.iam.IamServiceApplication
                [service=iam_service]
                [correlationId=]
                [userId=]
                [keyId=]
                [challengeId=]
                - No active profile set, falling back to 1 default profile: "default"
2026-06-07 18:53:27.865 [main] INFO  o.s.d.r.c.RepositoryConfigurationDelegate
                [service=iam_service]
                [correlationId=]
                [userId=]
                [keyId=]
                [challengeId=]
                - Bootstrapping Spring Data JPA repositories in DEFAULT mode.
2026-06-07 18:53:27.965 [main] INFO  o.s.d.r.c.RepositoryConfigurationDelegate
                [service=iam_service]
                [correlationId=]
                [userId=]
                [keyId=]
                [challengeId=]
                - Finished Spring Data repository scanning in 100 ms. Found 4 JPA repository interfaces.
2026-06-07 18:53:29.219 [main] INFO  o.s.b.w.e.tomcat.TomcatWebServer
                [service=iam_service]
                [correlationId=]
                [userId=]
                [keyId=]
                [challengeId=]
                - Tomcat initialized with port 8081 (http)
2026-06-07 18:53:29.247 [main] INFO  o.a.coyote.http11.Http11NioProtocol
                [service=iam_service]
                [correlationId=]
                [userId=]
                [keyId=]
                [challengeId=]
                - Initializing ProtocolHandler ["http-nio-8081"]
2026-06-07 18:53:29.250 [main] INFO  o.a.catalina.core.StandardService
                [service=iam_service]
                [correlationId=]
                [userId=]
                [keyId=]
                [challengeId=]
                - Starting service [Tomcat]
2026-06-07 18:53:29.250 [main] INFO  o.a.catalina.core.StandardEngine
                [service=iam_service]
                [correlationId=]
                [userId=]
                [keyId=]
                [challengeId=]
                - Starting Servlet engine: [Apache Tomcat/10.1.31]
2026-06-07 18:53:29.325 [main] INFO  o.a.c.c.C.[Tomcat].[localhost].[/]
                [service=iam_service]
                [correlationId=]
                [userId=]
                [keyId=]
                [challengeId=]
                - Initializing Spring embedded WebApplicationContext
2026-06-07 18:53:29.325 [main] INFO  o.s.b.w.s.c.ServletWebServerApplicationContext
                [service=iam_service]
                [correlationId=]
                [userId=]
                [keyId=]
                [challengeId=]
                - Root WebApplicationContext: initialization completed in 2416 ms
2026-06-07 18:53:30.179 [main] INFO  com.zaxxer.hikari.HikariDataSource
                [service=iam_service]
                [correlationId=]
                [userId=]
                [keyId=]
                [challengeId=]
                - HikariPool-1 - Starting...
2026-06-07 18:53:30.383 [main] INFO  com.zaxxer.hikari.pool.HikariPool
                [service=iam_service]
                [correlationId=]
                [userId=]
                [keyId=]
                [challengeId=]
                - HikariPool-1 - Added connection org.postgresql.jdbc.PgConnection@545604a9
2026-06-07 18:53:30.398 [main] INFO  com.zaxxer.hikari.HikariDataSource
                [service=iam_service]
                [correlationId=]
                [userId=]
                [keyId=]
                [challengeId=]
                - HikariPool-1 - Start completed.
2026-06-07 18:53:30.424 [main] INFO  org.flywaydb.core.FlywayExecutor
                [service=iam_service]
                [correlationId=]
                [userId=]
                [keyId=]
                [challengeId=]
                - Database: jdbc:postgresql://localhost:5432/iam_db (PostgreSQL 18.4)
2026-06-07 18:53:30.505 [main] INFO  o.f.core.internal.command.DbValidate
                [service=iam_service]
                [correlationId=]
                [userId=]
                [keyId=]
                [challengeId=]
                - Successfully validated 4 migrations (execution time 00:00.061s)
2026-06-07 18:53:30.669 [main] INFO  o.f.core.internal.command.DbMigrate
                [service=iam_service]
                [correlationId=]
                [userId=]
                [keyId=]
                [challengeId=]
                - Current version of schema "public": 4
2026-06-07 18:53:30.672 [main] INFO  o.f.core.internal.command.DbMigrate
                [service=iam_service]
                [correlationId=]
                [userId=]
                [keyId=]
                [challengeId=]
                - Schema "public" is up to date. No migration necessary.
2026-06-07 18:53:30.794 [main] INFO  o.h.jpa.internal.util.LogHelper
                [service=iam_service]
                [correlationId=]
                [userId=]
                [keyId=]
                [challengeId=]
                - HHH000204: Processing PersistenceUnitInfo [name: default]
2026-06-07 18:53:30.881 [main] INFO  org.hibernate.Version
                [service=iam_service]
                [correlationId=]
                [userId=]
                [keyId=]
                [challengeId=]
                - HHH000412: Hibernate ORM core version 6.5.3.Final
2026-06-07 18:53:30.921 [main] INFO  o.h.c.i.RegionFactoryInitiator
                [service=iam_service]
                [correlationId=]
                [userId=]
                [keyId=]
                [challengeId=]
                - HHH000026: Second-level cache disabled
2026-06-07 18:53:31.162 [main] INFO  o.s.o.j.p.SpringPersistenceUnitInfo
                [service=iam_service]
                [correlationId=]
                [userId=]
                [keyId=]
                [challengeId=]
                - No LoadTimeWeaver setup: ignoring JPA class transformer
2026-06-07 18:53:32.067 [main] INFO  o.h.e.t.j.p.i.JtaPlatformInitiator
                [service=iam_service]
                [correlationId=]
                [userId=]
                [keyId=]
                [challengeId=]
                - HHH000489: No JTA platform available (set 'hibernate.transaction.jta.platform' to enable JTA platform integration)
2026-06-07 18:53:32.113 [main] INFO  o.s.o.j.LocalContainerEntityManagerFactoryBean
                [service=iam_service]
                [correlationId=]
                [userId=]
                [keyId=]
                [challengeId=]
                - Initialized JPA EntityManagerFactory for persistence unit 'default'
2026-06-07 18:53:34.638 [main] INFO  o.s.b.a.e.web.EndpointLinksResolver
                [service=iam_service]
                [correlationId=]
                [userId=]
                [keyId=]
                [challengeId=]
                - Exposing 2 endpoints beneath base path '/actuator'
2026-06-07 18:53:34.742 [main] INFO  o.a.k.c.admin.AdminClientConfig
                [service=iam_service]
                [correlationId=]
                [userId=]
                [keyId=]
                [challengeId=]
                - AdminClientConfig values: 
	auto.include.jmx.reporter = true
	bootstrap.controllers = []
	bootstrap.servers = [localhost:9092]
	client.dns.lookup = use_all_dns_ips
	client.id = iam-service-admin-0
	connections.max.idle.ms = 300000
	default.api.timeout.ms = 60000
	enable.metrics.push = true
	metadata.max.age.ms = 300000
	metric.reporters = []
	metrics.num.samples = 2
	metrics.recording.level = INFO
	metrics.sample.window.ms = 30000
	receive.buffer.bytes = 65536
	reconnect.backoff.max.ms = 1000
	reconnect.backoff.ms = 50
	request.timeout.ms = 30000
	retries = 2147483647
	retry.backoff.max.ms = 1000
	retry.backoff.ms = 100
	sasl.client.callback.handler.class = null
	sasl.jaas.config = null
	sasl.kerberos.kinit.cmd = /usr/bin/kinit
	sasl.kerberos.min.time.before.relogin = 60000
	sasl.kerberos.service.name = null
	sasl.kerberos.ticket.renew.jitter = 0.05
	sasl.kerberos.ticket.renew.window.factor = 0.8
	sasl.login.callback.handler.class = null
	sasl.login.class = null
	sasl.login.connect.timeout.ms = null
	sasl.login.read.timeout.ms = null
	sasl.login.refresh.buffer.seconds = 300
	sasl.login.refresh.min.period.seconds = 60
	sasl.login.refresh.window.factor = 0.8
	sasl.login.refresh.window.jitter = 0.05
	sasl.login.retry.backoff.max.ms = 10000
	sasl.login.retry.backoff.ms = 100
	sasl.mechanism = GSSAPI
	sasl.oauthbearer.clock.skew.seconds = 30
	sasl.oauthbearer.expected.audience = null
	sasl.oauthbearer.expected.issuer = null
	sasl.oauthbearer.jwks.endpoint.refresh.ms = 3600000
	sasl.oauthbearer.jwks.endpoint.retry.backoff.max.ms = 10000
	sasl.oauthbearer.jwks.endpoint.retry.backoff.ms = 100
	sasl.oauthbearer.jwks.endpoint.url = null
	sasl.oauthbearer.scope.claim.name = scope
	sasl.oauthbearer.sub.claim.name = sub
	sasl.oauthbearer.token.endpoint.url = null
	security.protocol = PLAINTEXT
	security.providers = null
	send.buffer.bytes = 131072
	socket.connection.setup.timeout.max.ms = 30000
	socket.connection.setup.timeout.ms = 10000
	ssl.cipher.suites = null
	ssl.enabled.protocols = [TLSv1.2, TLSv1.3]
	ssl.endpoint.identification.algorithm = https
	ssl.engine.factory.class = null
	ssl.key.password = null
	ssl.keymanager.algorithm = SunX509
	ssl.keystore.certificate.chain = null
	ssl.keystore.key = null
	ssl.keystore.location = null
	ssl.keystore.password = null
	ssl.keystore.type = JKS
	ssl.protocol = TLSv1.3
	ssl.provider = null
	ssl.secure.random.implementation = null
	ssl.trustmanager.algorithm = PKIX
	ssl.truststore.certificates = null
	ssl.truststore.location = null
	ssl.truststore.password = null
	ssl.truststore.type = JKS

2026-06-07 18:53:34.831 [main] INFO  o.a.kafka.common.utils.AppInfoParser
                [service=iam_service]
                [correlationId=]
                [userId=]
                [keyId=]
                [challengeId=]
                - Kafka version: 3.7.1
2026-06-07 18:53:34.831 [main] INFO  o.a.kafka.common.utils.AppInfoParser
                [service=iam_service]
                [correlationId=]
                [userId=]
                [keyId=]
                [challengeId=]
                - Kafka commitId: e2494e6ffb89f828
2026-06-07 18:53:34.831 [main] INFO  o.a.kafka.common.utils.AppInfoParser
                [service=iam_service]
                [correlationId=]
                [userId=]
                [keyId=]
                [challengeId=]
                - Kafka startTimeMs: 1780847614825
2026-06-07 18:53:35.084 [kafka-admin-client-thread | iam-service-admin-0] INFO  o.a.kafka.common.utils.AppInfoParser
                [service=iam_service]
                [correlationId=]
                [userId=]
                [keyId=]
                [challengeId=]
                - App info kafka.admin.client for iam-service-admin-0 unregistered
2026-06-07 18:53:35.088 [kafka-admin-client-thread | iam-service-admin-0] INFO  o.a.kafka.common.metrics.Metrics
                [service=iam_service]
                [correlationId=]
                [userId=]
                [keyId=]
                [challengeId=]
                - Metrics scheduler closed
2026-06-07 18:53:35.088 [kafka-admin-client-thread | iam-service-admin-0] INFO  o.a.kafka.common.metrics.Metrics
                [service=iam_service]
                [correlationId=]
                [userId=]
                [keyId=]
                [challengeId=]
                - Closing reporter org.apache.kafka.common.metrics.JmxReporter
2026-06-07 18:53:35.089 [kafka-admin-client-thread | iam-service-admin-0] INFO  o.a.kafka.common.metrics.Metrics
                [service=iam_service]
                [correlationId=]
                [userId=]
                [keyId=]
                [challengeId=]
                - Metrics reporters closed
2026-06-07 18:53:35.096 [main] INFO  o.a.coyote.http11.Http11NioProtocol
                [service=iam_service]
                [correlationId=]
                [userId=]
                [keyId=]
                [challengeId=]
                - Starting ProtocolHandler ["http-nio-8081"]
2026-06-07 18:53:35.107 [main] INFO  o.s.b.w.e.tomcat.TomcatWebServer
                [service=iam_service]
                [correlationId=]
                [userId=]
                [keyId=]
                [challengeId=]
                - Tomcat started on port 8081 (http) with context path '/'
2026-06-07 18:53:35.115 [main] INFO  c.c.iam.IamServiceApplication
                [service=iam_service]
                [correlationId=]
                [userId=]
                [keyId=]
                [challengeId=]
                - Started IamServiceApplication in 8.684 seconds (process running for 8.973)
2026-06-07 18:53:51.879 [http-nio-8081-exec-1] INFO  o.a.c.c.C.[Tomcat].[localhost].[/]
                [service=iam_service]
                [correlationId=]
                [userId=]
                [keyId=]
                [challengeId=]
                - Initializing Spring DispatcherServlet 'dispatcherServlet'
2026-06-07 18:53:51.879 [http-nio-8081-exec-1] INFO  o.s.web.servlet.DispatcherServlet
                [service=iam_service]
                [correlationId=]
                [userId=]
                [keyId=]
                [challengeId=]
                - Initializing Servlet 'dispatcherServlet'
2026-06-07 18:53:51.881 [http-nio-8081-exec-1] INFO  o.s.web.servlet.DispatcherServlet
                [service=iam_service]
                [correlationId=]
                [userId=]
                [keyId=]
                [challengeId=]
                - Completed initialization in 1 ms
2026-06-07 18:53:51.890 [http-nio-8081-exec-1] INFO  c.c.i.c.filter.RequestLoggingFilter
                [service=iam_service]
                [correlationId=15c784df-32ca-4d6e-ad3a-8cfca4c31c85]
                [userId=]
                [keyId=]
                [challengeId=]
                - HTTP_REQUEST_STARTED method=GET path=/swagger-ui/index.html correlationId=15c784df-32ca-4d6e-ad3a-8cfca4c31c85
2026-06-07 18:53:51.920 [http-nio-8081-exec-1] INFO  c.c.i.c.filter.RequestLoggingFilter
                [service=iam_service]
                [correlationId=15c784df-32ca-4d6e-ad3a-8cfca4c31c85]
                [userId=]
                [keyId=]
                [challengeId=]
                - HTTP_REQUEST_COMPLETED method=GET path=/swagger-ui/index.html status=304 durationMs=30 correlationId=15c784df-32ca-4d6e-ad3a-8cfca4c31c85
2026-06-07 18:53:51.933 [http-nio-8081-exec-7] INFO  c.c.i.c.filter.RequestLoggingFilter
                [service=iam_service]
                [correlationId=584eea11-0e72-41ac-936d-aead331126c3]
                [userId=]
                [keyId=]
                [challengeId=]
                - HTTP_REQUEST_STARTED method=GET path=/swagger-ui/swagger-initializer.js correlationId=584eea11-0e72-41ac-936d-aead331126c3
2026-06-07 18:53:51.968 [http-nio-8081-exec-7] INFO  c.c.i.c.filter.RequestLoggingFilter
                [service=iam_service]
                [correlationId=584eea11-0e72-41ac-936d-aead331126c3]
                [userId=]
                [keyId=]
                [challengeId=]
                - HTTP_REQUEST_COMPLETED method=GET path=/swagger-ui/swagger-initializer.js status=200 durationMs=35 correlationId=584eea11-0e72-41ac-936d-aead331126c3
2026-06-07 18:53:51.985 [http-nio-8081-exec-3] INFO  c.c.i.c.filter.RequestLoggingFilter
                [service=iam_service]
                [correlationId=977cdb7f-d71c-457b-b952-df5e3c848ffc]
                [userId=]
                [keyId=]
                [challengeId=]
                - HTTP_REQUEST_STARTED method=GET path=/api/auth/v3/api-docs/swagger-config correlationId=977cdb7f-d71c-457b-b952-df5e3c848ffc
2026-06-07 18:53:52.010 [http-nio-8081-exec-3] INFO  c.c.i.c.filter.RequestLoggingFilter
                [service=iam_service]
                [correlationId=977cdb7f-d71c-457b-b952-df5e3c848ffc]
                [userId=]
                [keyId=]
                [challengeId=]
                - HTTP_REQUEST_COMPLETED method=GET path=/api/auth/v3/api-docs/swagger-config status=200 durationMs=25 correlationId=977cdb7f-d71c-457b-b952-df5e3c848ffc
2026-06-07 18:53:52.017 [http-nio-8081-exec-6] INFO  c.c.i.c.filter.RequestLoggingFilter
                [service=iam_service]
                [correlationId=0476fae0-52eb-430a-9d5b-8ac376cafc72]
                [userId=]
                [keyId=]
                [challengeId=]
                - HTTP_REQUEST_STARTED method=GET path=/api/auth/v3/api-docs correlationId=0476fae0-52eb-430a-9d5b-8ac376cafc72
2026-06-07 18:53:52.917 [http-nio-8081-exec-6] INFO  o.s.api.AbstractOpenApiResource
                [service=iam_service]
                [correlationId=0476fae0-52eb-430a-9d5b-8ac376cafc72]
                [userId=]
                [keyId=]
                [challengeId=]
                - Init duration for springdoc-openapi is: 871 ms
2026-06-07 18:53:52.948 [http-nio-8081-exec-6] INFO  c.c.i.c.filter.RequestLoggingFilter
                [service=iam_service]
                [correlationId=0476fae0-52eb-430a-9d5b-8ac376cafc72]
                [userId=]
                [keyId=]
                [challengeId=]
                - HTTP_REQUEST_COMPLETED method=GET path=/api/auth/v3/api-docs status=200 durationMs=931 correlationId=0476fae0-52eb-430a-9d5b-8ac376cafc72
2026-06-07 18:54:39.848 [http-nio-8081-exec-5] INFO  c.c.i.c.filter.RequestLoggingFilter
                [service=iam_service]
                [correlationId=257ffe73-7afe-4691-9f62-42e3db94b374]
                [userId=]
                [keyId=]
                [challengeId=]
                - HTTP_REQUEST_STARTED method=GET path=/api/auth/dev/keypair correlationId=257ffe73-7afe-4691-9f62-42e3db94b374
2026-06-07 18:54:39.888 [http-nio-8081-exec-5] INFO  c.c.i.c.filter.RequestLoggingFilter
                [service=iam_service]
                [correlationId=257ffe73-7afe-4691-9f62-42e3db94b374]
                [userId=]
                [keyId=]
                [challengeId=]
                - HTTP_REQUEST_COMPLETED method=GET path=/api/auth/dev/keypair status=200 durationMs=40 correlationId=257ffe73-7afe-4691-9f62-42e3db94b374
2026-06-07 18:55:46.269 [http-nio-8081-exec-8] INFO  c.c.i.c.filter.RequestLoggingFilter
                [service=iam_service]
                [correlationId=f93de60f-ca93-4579-b038-9cbb46563375]
                [userId=]
                [keyId=]
                [challengeId=]
                - HTTP_REQUEST_STARTED method=POST path=/api/auth/users/register correlationId=f93de60f-ca93-4579-b038-9cbb46563375
2026-06-07 18:55:46.286 [http-nio-8081-exec-8] INFO  c.c.i.c.filter.RequestLoggingFilter
                [service=iam_service]
                [correlationId=f93de60f-ca93-4579-b038-9cbb46563375]
                [userId=]
                [keyId=]
                [challengeId=]
                - HTTP_REQUEST_COMPLETED method=POST path=/api/auth/users/register status=500 durationMs=17 correlationId=f93de60f-ca93-4579-b038-9cbb46563375
2026-06-07 18:56:05.681 [http-nio-8081-exec-10] INFO  c.c.i.c.filter.RequestLoggingFilter
                [service=iam_service]
                [correlationId=a6884ac4-0af2-4621-8491-77ff31338955]
                [userId=]
                [keyId=]
                [challengeId=]
                - HTTP_REQUEST_STARTED method=POST path=/api/auth/users/register correlationId=a6884ac4-0af2-4621-8491-77ff31338955
2026-06-07 18:56:05.746 [http-nio-8081-exec-10] INFO  c.c.i.a.a.u.RegisterUserUseCase
                [service=iam_service]
                [correlationId=a6884ac4-0af2-4621-8491-77ff31338955]
                [userId=]
                [keyId=]
                [challengeId=]
                - REGISTER_USER_STARTED email=ismail3@gmail.com
2026-06-07 18:56:05.911 [http-nio-8081-exec-10] INFO  c.c.i.a.a.u.RegisterUserUseCase
                [service=iam_service]
                [correlationId=a6884ac4-0af2-4621-8491-77ff31338955]
                [userId=056186c1-309e-4bae-a19c-675f69bde212]
                [keyId=e98c91db-7140-4a7e-8c18-a4a2c93fc0d1]
                [challengeId=]
                - REGISTER_USER_SUCCESS userId=056186c1-309e-4bae-a19c-675f69bde212 keyId=e98c91db-7140-4a7e-8c18-a4a2c93fc0d1
2026-06-07 18:56:05.973 [http-nio-8081-exec-10] INFO  c.c.i.c.filter.RequestLoggingFilter
                [service=iam_service]
                [correlationId=a6884ac4-0af2-4621-8491-77ff31338955]
                [userId=]
                [keyId=]
                [challengeId=]
                - HTTP_REQUEST_COMPLETED method=POST path=/api/auth/users/register status=200 durationMs=292 correlationId=a6884ac4-0af2-4621-8491-77ff31338955
2026-06-07 18:56:08.335 [scheduling-1] INFO  o.a.k.c.producer.ProducerConfig
                [service=iam_service]
                [correlationId=]
                [userId=]
                [keyId=]
                [challengeId=]
                - ProducerConfig values: 
	acks = -1
	auto.include.jmx.reporter = true
	batch.size = 16384
	bootstrap.servers = [localhost:9092]
	buffer.memory = 33554432
	client.dns.lookup = use_all_dns_ips
	client.id = iam-service-producer-1
	compression.type = none
	connections.max.idle.ms = 540000
	delivery.timeout.ms = 120000
	enable.idempotence = true
	enable.metrics.push = true
	interceptor.classes = []
	key.serializer = class org.apache.kafka.common.serialization.StringSerializer
	linger.ms = 0
	max.block.ms = 60000
	max.in.flight.requests.per.connection = 5
	max.request.size = 1048576
	metadata.max.age.ms = 300000
	metadata.max.idle.ms = 300000
	metric.reporters = []
	metrics.num.samples = 2
	metrics.recording.level = INFO
	metrics.sample.window.ms = 30000
	partitioner.adaptive.partitioning.enable = true
	partitioner.availability.timeout.ms = 0
	partitioner.class = null
	partitioner.ignore.keys = false
	receive.buffer.bytes = 32768
	reconnect.backoff.max.ms = 1000
	reconnect.backoff.ms = 50
	request.timeout.ms = 30000
	retries = 10
	retry.backoff.max.ms = 1000
	retry.backoff.ms = 100
	sasl.client.callback.handler.class = null
	sasl.jaas.config = null
	sasl.kerberos.kinit.cmd = /usr/bin/kinit
	sasl.kerberos.min.time.before.relogin = 60000
	sasl.kerberos.service.name = null
	sasl.kerberos.ticket.renew.jitter = 0.05
	sasl.kerberos.ticket.renew.window.factor = 0.8
	sasl.login.callback.handler.class = null
	sasl.login.class = null
	sasl.login.connect.timeout.ms = null
	sasl.login.read.timeout.ms = null
	sasl.login.refresh.buffer.seconds = 300
	sasl.login.refresh.min.period.seconds = 60
	sasl.login.refresh.window.factor = 0.8
	sasl.login.refresh.window.jitter = 0.05
	sasl.login.retry.backoff.max.ms = 10000
	sasl.login.retry.backoff.ms = 100
	sasl.mechanism = GSSAPI
	sasl.oauthbearer.clock.skew.seconds = 30
	sasl.oauthbearer.expected.audience = null
	sasl.oauthbearer.expected.issuer = null
	sasl.oauthbearer.jwks.endpoint.refresh.ms = 3600000
	sasl.oauthbearer.jwks.endpoint.retry.backoff.max.ms = 10000
	sasl.oauthbearer.jwks.endpoint.retry.backoff.ms = 100
	sasl.oauthbearer.jwks.endpoint.url = null
	sasl.oauthbearer.scope.claim.name = scope
	sasl.oauthbearer.sub.claim.name = sub
	sasl.oauthbearer.token.endpoint.url = null
	security.protocol = PLAINTEXT
	security.providers = null
	send.buffer.bytes = 131072
	socket.connection.setup.timeout.max.ms = 30000
	socket.connection.setup.timeout.ms = 10000
	ssl.cipher.suites = null
	ssl.enabled.protocols = [TLSv1.2, TLSv1.3]
	ssl.endpoint.identification.algorithm = https
	ssl.engine.factory.class = null
	ssl.key.password = null
	ssl.keymanager.algorithm = SunX509
	ssl.keystore.certificate.chain = null
	ssl.keystore.key = null
	ssl.keystore.location = null
	ssl.keystore.password = null
	ssl.keystore.type = JKS
	ssl.protocol = TLSv1.3
	ssl.provider = null
	ssl.secure.random.implementation = null
	ssl.trustmanager.algorithm = PKIX
	ssl.truststore.certificates = null
	ssl.truststore.location = null
	ssl.truststore.password = null
	ssl.truststore.type = JKS
	transaction.timeout.ms = 60000
	transactional.id = null
	value.serializer = class org.springframework.kafka.support.serializer.JsonSerializer

2026-06-07 18:56:08.362 [scheduling-1] INFO  o.a.k.c.t.i.KafkaMetricsCollector
                [service=iam_service]
                [correlationId=]
                [userId=]
                [keyId=]
                [challengeId=]
                - initializing Kafka metrics collector
2026-06-07 18:56:08.370 [scheduling-1] INFO  o.a.k.clients.producer.KafkaProducer
                [service=iam_service]
                [correlationId=]
                [userId=]
                [keyId=]
                [challengeId=]
                - [Producer clientId=iam-service-producer-1] Instantiated an idempotent producer.
2026-06-07 18:56:08.411 [scheduling-1] INFO  o.a.kafka.common.utils.AppInfoParser
                [service=iam_service]
                [correlationId=]
                [userId=]
                [keyId=]
                [challengeId=]
                - Kafka version: 3.7.1
2026-06-07 18:56:08.411 [scheduling-1] INFO  o.a.kafka.common.utils.AppInfoParser
                [service=iam_service]
                [correlationId=]
                [userId=]
                [keyId=]
                [challengeId=]
                - Kafka commitId: e2494e6ffb89f828
2026-06-07 18:56:08.411 [scheduling-1] INFO  o.a.kafka.common.utils.AppInfoParser
                [service=iam_service]
                [correlationId=]
                [userId=]
                [keyId=]
                [challengeId=]
                - Kafka startTimeMs: 1780847768411
2026-06-07 18:56:08.460 [kafka-producer-network-thread | iam-service-producer-1] INFO  org.apache.kafka.clients.Metadata
                [service=iam_service]
                [correlationId=]
                [userId=]
                [keyId=]
                [challengeId=]
                - [Producer clientId=iam-service-producer-1] Cluster ID: 5L6g3nShT-eMCtK--X86sw
2026-06-07 18:56:08.461 [kafka-producer-network-thread | iam-service-producer-1] INFO  o.a.k.c.p.i.TransactionManager
                [service=iam_service]
                [correlationId=]
                [userId=]
                [keyId=]
                [challengeId=]
                - [Producer clientId=iam-service-producer-1] ProducerId set to 3 with epoch 0
2026-06-07 18:56:08.512 [scheduling-1] INFO  c.c.i.a.i.m.k.KafkaOutboxPublisher
                [service=iam_service]
                [correlationId=]
                [userId=]
                [keyId=]
                [challengeId=]
                - OUTBOX_EVENT_PUBLISHED eventId=d8e7bb37-02e1-4520-8417-f233db9d215a topic=iam.user-public-key.registered.v1 key=056186c1-309e-4bae-a19c-675f69bde212
2026-06-07 18:56:36.376 [http-nio-8081-exec-9] INFO  c.c.i.c.filter.RequestLoggingFilter
                [service=iam_service]
                [correlationId=5cc61dab-fd1b-44eb-a73b-c5e58538d2e8]
                [userId=]
                [keyId=]
                [challengeId=]
                - HTTP_REQUEST_STARTED method=POST path=/api/auth/challenges correlationId=5cc61dab-fd1b-44eb-a73b-c5e58538d2e8
2026-06-07 18:56:36.409 [http-nio-8081-exec-9] INFO  c.c.i.a.a.u.CreateChallengeUseCase
                [service=iam_service]
                [correlationId=5cc61dab-fd1b-44eb-a73b-c5e58538d2e8]
                [userId=056186c1-309e-4bae-a19c-675f69bde212]
                [keyId=]
                [challengeId=13764806-9962-44f9-96fe-d9769dafd06f]
                - CREATE_CHALLENGE_SUCCESS userId=056186c1-309e-4bae-a19c-675f69bde212 challengeId=13764806-9962-44f9-96fe-d9769dafd06f
2026-06-07 18:56:36.438 [http-nio-8081-exec-9] INFO  c.c.i.c.filter.RequestLoggingFilter
                [service=iam_service]
                [correlationId=5cc61dab-fd1b-44eb-a73b-c5e58538d2e8]
                [userId=056186c1-309e-4bae-a19c-675f69bde212]
                [keyId=]
                [challengeId=13764806-9962-44f9-96fe-d9769dafd06f]
                - HTTP_REQUEST_COMPLETED method=POST path=/api/auth/challenges status=200 durationMs=62 correlationId=5cc61dab-fd1b-44eb-a73b-c5e58538d2e8
2026-06-07 18:57:33.718 [http-nio-8081-exec-1] INFO  c.c.i.c.filter.RequestLoggingFilter
                [service=iam_service]
                [correlationId=82ac210c-a0f7-480d-9b28-3a8be64c6c4a]
                [userId=]
                [keyId=]
                [challengeId=]
                - HTTP_REQUEST_STARTED method=POST path=/api/auth/dev/sign correlationId=82ac210c-a0f7-480d-9b28-3a8be64c6c4a
2026-06-07 18:57:33.720 [http-nio-8081-exec-1] INFO  c.c.i.c.filter.RequestLoggingFilter
                [service=iam_service]
                [correlationId=82ac210c-a0f7-480d-9b28-3a8be64c6c4a]
                [userId=]
                [keyId=]
                [challengeId=]
                - HTTP_REQUEST_COMPLETED method=POST path=/api/auth/dev/sign status=500 durationMs=2 correlationId=82ac210c-a0f7-480d-9b28-3a8be64c6c4a
2026-06-07 18:57:43.234 [http-nio-8081-exec-7] INFO  c.c.i.c.filter.RequestLoggingFilter
                [service=iam_service]
                [correlationId=6cd3e745-f397-4766-ac66-fbf4b8c13949]
                [userId=]
                [keyId=]
                [challengeId=]
                - HTTP_REQUEST_STARTED method=POST path=/api/auth/dev/sign correlationId=6cd3e745-f397-4766-ac66-fbf4b8c13949
2026-06-07 18:57:43.236 [http-nio-8081-exec-7] INFO  c.c.i.c.filter.RequestLoggingFilter
                [service=iam_service]
                [correlationId=6cd3e745-f397-4766-ac66-fbf4b8c13949]
                [userId=]
                [keyId=]
                [challengeId=]
                - HTTP_REQUEST_COMPLETED method=POST path=/api/auth/dev/sign status=500 durationMs=2 correlationId=6cd3e745-f397-4766-ac66-fbf4b8c13949
2026-06-07 18:57:51.314 [http-nio-8081-exec-3] INFO  c.c.i.c.filter.RequestLoggingFilter
                [service=iam_service]
                [correlationId=60bfb8f7-590a-41c2-a45e-1687efb827bd]
                [userId=]
                [keyId=]
                [challengeId=]
                - HTTP_REQUEST_STARTED method=POST path=/api/auth/dev/sign correlationId=60bfb8f7-590a-41c2-a45e-1687efb827bd
2026-06-07 18:57:51.318 [http-nio-8081-exec-3] INFO  c.c.i.c.filter.RequestLoggingFilter
                [service=iam_service]
                [correlationId=60bfb8f7-590a-41c2-a45e-1687efb827bd]
                [userId=]
                [keyId=]
                [challengeId=]
                - HTTP_REQUEST_COMPLETED method=POST path=/api/auth/dev/sign status=200 durationMs=4 correlationId=60bfb8f7-590a-41c2-a45e-1687efb827bd
2026-06-07 18:58:45.285 [SpringApplicationShutdownHook] INFO  o.a.k.clients.producer.KafkaProducer
                [service=iam_service]
                [correlationId=]
                [userId=]
                [keyId=]
                [challengeId=]
                - [Producer clientId=iam-service-producer-1] Closing the Kafka producer with timeoutMillis = 30000 ms.
2026-06-07 18:58:45.294 [SpringApplicationShutdownHook] INFO  o.a.kafka.common.metrics.Metrics
                [service=iam_service]
                [correlationId=]
                [userId=]
                [keyId=]
                [challengeId=]
                - Metrics scheduler closed
2026-06-07 18:58:45.294 [SpringApplicationShutdownHook] INFO  o.a.kafka.common.metrics.Metrics
                [service=iam_service]
                [correlationId=]
                [userId=]
                [keyId=]
                [challengeId=]
                - Closing reporter org.apache.kafka.common.metrics.JmxReporter
2026-06-07 18:58:45.295 [SpringApplicationShutdownHook] INFO  o.a.kafka.common.metrics.Metrics
                [service=iam_service]
                [correlationId=]
                [userId=]
                [keyId=]
                [challengeId=]
                - Closing reporter org.apache.kafka.common.telemetry.internals.ClientTelemetryReporter
2026-06-07 18:58:45.295 [SpringApplicationShutdownHook] INFO  o.a.kafka.common.metrics.Metrics
                [service=iam_service]
                [correlationId=]
                [userId=]
                [keyId=]
                [challengeId=]
                - Metrics reporters closed
2026-06-07 18:58:45.296 [SpringApplicationShutdownHook] INFO  o.a.kafka.common.utils.AppInfoParser
                [service=iam_service]
                [correlationId=]
                [userId=]
                [keyId=]
                [challengeId=]
                - App info kafka.producer for iam-service-producer-1 unregistered
2026-06-07 18:58:45.302 [SpringApplicationShutdownHook] INFO  o.s.o.j.LocalContainerEntityManagerFactoryBean
                [service=iam_service]
                [correlationId=]
                [userId=]
                [keyId=]
                [challengeId=]
                - Closing JPA EntityManagerFactory for persistence unit 'default'
2026-06-07 18:58:45.302 [SpringApplicationShutdownHook] INFO  com.zaxxer.hikari.HikariDataSource
                [service=iam_service]
                [correlationId=]
                [userId=]
                [keyId=]
                [challengeId=]
                - HikariPool-1 - Shutdown initiated...
2026-06-07 18:58:45.317 [SpringApplicationShutdownHook] INFO  com.zaxxer.hikari.HikariDataSource
                [service=iam_service]
                [correlationId=]
                [userId=]
                [keyId=]
                [challengeId=]
                - HikariPool-1 - Shutdown completed.
2026-06-07 19:05:07.588 [background-preinit] INFO  o.h.validator.internal.util.Version
                [service=iam_service]
                [correlationId=]
                [userId=]
                [keyId=]
                [challengeId=]
                - HV000001: Hibernate Validator 8.0.1.Final
2026-06-07 19:05:07.632 [main] INFO  c.c.iam.IamServiceApplication
                [service=iam_service]
                [correlationId=]
                [userId=]
                [keyId=]
                [challengeId=]
                - Starting IamServiceApplication using Java 17.0.19 with PID 6320 (C:\Users\Lenovo\IdeaProjects\5th_Spring_miceoservice\services\iam\target\classes started by Lenovo in C:\Users\Lenovo\IdeaProjects\5th_Spring_miceoservice)
2026-06-07 19:05:07.632 [main] INFO  c.c.iam.IamServiceApplication
                [service=iam_service]
                [correlationId=]
                [userId=]
                [keyId=]
                [challengeId=]
                - No active profile set, falling back to 1 default profile: "default"
2026-06-07 19:05:08.591 [main] INFO  o.s.d.r.c.RepositoryConfigurationDelegate
                [service=iam_service]
                [correlationId=]
                [userId=]
                [keyId=]
                [challengeId=]
                - Bootstrapping Spring Data JPA repositories in DEFAULT mode.
2026-06-07 19:05:08.674 [main] INFO  o.s.d.r.c.RepositoryConfigurationDelegate
                [service=iam_service]
                [correlationId=]
                [userId=]
                [keyId=]
                [challengeId=]
                - Finished Spring Data repository scanning in 88 ms. Found 4 JPA repository interfaces.
2026-06-07 19:05:09.700 [main] INFO  o.s.b.w.e.tomcat.TomcatWebServer
                [service=iam_service]
                [correlationId=]
                [userId=]
                [keyId=]
                [challengeId=]
                - Tomcat initialized with port 8081 (http)
2026-06-07 19:05:09.716 [main] INFO  o.a.coyote.http11.Http11NioProtocol
                [service=iam_service]
                [correlationId=]
                [userId=]
                [keyId=]
                [challengeId=]
                - Initializing ProtocolHandler ["http-nio-8081"]
2026-06-07 19:05:09.732 [main] INFO  o.a.catalina.core.StandardService
                [service=iam_service]
                [correlationId=]
                [userId=]
                [keyId=]
                [challengeId=]
                - Starting service [Tomcat]
2026-06-07 19:05:09.732 [main] INFO  o.a.catalina.core.StandardEngine
                [service=iam_service]
                [correlationId=]
                [userId=]
                [keyId=]
                [challengeId=]
                - Starting Servlet engine: [Apache Tomcat/10.1.31]
2026-06-07 19:05:09.853 [main] INFO  o.a.c.c.C.[Tomcat].[localhost].[/]
                [service=iam_service]
                [correlationId=]
                [userId=]
                [keyId=]
                [challengeId=]
                - Initializing Spring embedded WebApplicationContext
2026-06-07 19:05:09.853 [main] INFO  o.s.b.w.s.c.ServletWebServerApplicationContext
                [service=iam_service]
                [correlationId=]
                [userId=]
                [keyId=]
                [challengeId=]
                - Root WebApplicationContext: initialization completed in 2196 ms
2026-06-07 19:05:10.712 [main] INFO  com.zaxxer.hikari.HikariDataSource
                [service=iam_service]
                [correlationId=]
                [userId=]
                [keyId=]
                [challengeId=]
                - HikariPool-1 - Starting...
2026-06-07 19:05:10.990 [main] INFO  com.zaxxer.hikari.pool.HikariPool
                [service=iam_service]
                [correlationId=]
                [userId=]
                [keyId=]
                [challengeId=]
                - HikariPool-1 - Added connection org.postgresql.jdbc.PgConnection@d949bc4
2026-06-07 19:05:10.990 [main] INFO  com.zaxxer.hikari.HikariDataSource
                [service=iam_service]
                [correlationId=]
                [userId=]
                [keyId=]
                [challengeId=]
                - HikariPool-1 - Start completed.
2026-06-07 19:05:11.020 [main] INFO  org.flywaydb.core.FlywayExecutor
                [service=iam_service]
                [correlationId=]
                [userId=]
                [keyId=]
                [challengeId=]
                - Database: jdbc:postgresql://localhost:5432/iam_db (PostgreSQL 18.4)
2026-06-07 19:05:11.094 [main] INFO  o.f.core.internal.command.DbValidate
                [service=iam_service]
                [correlationId=]
                [userId=]
                [keyId=]
                [challengeId=]
                - Successfully validated 4 migrations (execution time 00:00.054s)
2026-06-07 19:05:11.141 [main] INFO  o.f.core.internal.command.DbMigrate
                [service=iam_service]
                [correlationId=]
                [userId=]
                [keyId=]
                [challengeId=]
                - Current version of schema "public": 4
2026-06-07 19:05:11.143 [main] INFO  o.f.core.internal.command.DbMigrate
                [service=iam_service]
                [correlationId=]
                [userId=]
                [keyId=]
                [challengeId=]
                - Schema "public" is up to date. No migration necessary.
2026-06-07 19:05:11.399 [main] INFO  o.h.jpa.internal.util.LogHelper
                [service=iam_service]
                [correlationId=]
                [userId=]
                [keyId=]
                [challengeId=]
                - HHH000204: Processing PersistenceUnitInfo [name: default]
2026-06-07 19:05:11.462 [main] INFO  org.hibernate.Version
                [service=iam_service]
                [correlationId=]
                [userId=]
                [keyId=]
                [challengeId=]
                - HHH000412: Hibernate ORM core version 6.5.3.Final
2026-06-07 19:05:11.492 [main] INFO  o.h.c.i.RegionFactoryInitiator
                [service=iam_service]
                [correlationId=]
                [userId=]
                [keyId=]
                [challengeId=]
                - HHH000026: Second-level cache disabled
2026-06-07 19:05:11.712 [main] INFO  o.s.o.j.p.SpringPersistenceUnitInfo
                [service=iam_service]
                [correlationId=]
                [userId=]
                [keyId=]
                [challengeId=]
                - No LoadTimeWeaver setup: ignoring JPA class transformer
2026-06-07 19:05:12.697 [main] INFO  o.h.e.t.j.p.i.JtaPlatformInitiator
                [service=iam_service]
                [correlationId=]
                [userId=]
                [keyId=]
                [challengeId=]
                - HHH000489: No JTA platform available (set 'hibernate.transaction.jta.platform' to enable JTA platform integration)
2026-06-07 19:05:12.729 [main] INFO  o.s.o.j.LocalContainerEntityManagerFactoryBean
                [service=iam_service]
                [correlationId=]
                [userId=]
                [keyId=]
                [challengeId=]
                - Initialized JPA EntityManagerFactory for persistence unit 'default'
2026-06-07 19:05:15.018 [main] INFO  o.s.b.a.e.web.EndpointLinksResolver
                [service=iam_service]
                [correlationId=]
                [userId=]
                [keyId=]
                [challengeId=]
                - Exposing 2 endpoints beneath base path '/actuator'
2026-06-07 19:05:15.083 [main] INFO  o.a.k.c.admin.AdminClientConfig
                [service=iam_service]
                [correlationId=]
                [userId=]
                [keyId=]
                [challengeId=]
                - AdminClientConfig values: 
	auto.include.jmx.reporter = true
	bootstrap.controllers = []
	bootstrap.servers = [localhost:9092]
	client.dns.lookup = use_all_dns_ips
	client.id = iam-service-admin-0
	connections.max.idle.ms = 300000
	default.api.timeout.ms = 60000
	enable.metrics.push = true
	metadata.max.age.ms = 300000
	metric.reporters = []
	metrics.num.samples = 2
	metrics.recording.level = INFO
	metrics.sample.window.ms = 30000
	receive.buffer.bytes = 65536
	reconnect.backoff.max.ms = 1000
	reconnect.backoff.ms = 50
	request.timeout.ms = 30000
	retries = 2147483647
	retry.backoff.max.ms = 1000
	retry.backoff.ms = 100
	sasl.client.callback.handler.class = null
	sasl.jaas.config = null
	sasl.kerberos.kinit.cmd = /usr/bin/kinit
	sasl.kerberos.min.time.before.relogin = 60000
	sasl.kerberos.service.name = null
	sasl.kerberos.ticket.renew.jitter = 0.05
	sasl.kerberos.ticket.renew.window.factor = 0.8
	sasl.login.callback.handler.class = null
	sasl.login.class = null
	sasl.login.connect.timeout.ms = null
	sasl.login.read.timeout.ms = null
	sasl.login.refresh.buffer.seconds = 300
	sasl.login.refresh.min.period.seconds = 60
	sasl.login.refresh.window.factor = 0.8
	sasl.login.refresh.window.jitter = 0.05
	sasl.login.retry.backoff.max.ms = 10000
	sasl.login.retry.backoff.ms = 100
	sasl.mechanism = GSSAPI
	sasl.oauthbearer.clock.skew.seconds = 30
	sasl.oauthbearer.expected.audience = null
	sasl.oauthbearer.expected.issuer = null
	sasl.oauthbearer.jwks.endpoint.refresh.ms = 3600000
	sasl.oauthbearer.jwks.endpoint.retry.backoff.max.ms = 10000
	sasl.oauthbearer.jwks.endpoint.retry.backoff.ms = 100
	sasl.oauthbearer.jwks.endpoint.url = null
	sasl.oauthbearer.scope.claim.name = scope
	sasl.oauthbearer.sub.claim.name = sub
	sasl.oauthbearer.token.endpoint.url = null
	security.protocol = PLAINTEXT
	security.providers = null
	send.buffer.bytes = 131072
	socket.connection.setup.timeout.max.ms = 30000
	socket.connection.setup.timeout.ms = 10000
	ssl.cipher.suites = null
	ssl.enabled.protocols = [TLSv1.2, TLSv1.3]
	ssl.endpoint.identification.algorithm = https
	ssl.engine.factory.class = null
	ssl.key.password = null
	ssl.keymanager.algorithm = SunX509
	ssl.keystore.certificate.chain = null
	ssl.keystore.key = null
	ssl.keystore.location = null
	ssl.keystore.password = null
	ssl.keystore.type = JKS
	ssl.protocol = TLSv1.3
	ssl.provider = null
	ssl.secure.random.implementation = null
	ssl.trustmanager.algorithm = PKIX
	ssl.truststore.certificates = null
	ssl.truststore.location = null
	ssl.truststore.password = null
	ssl.truststore.type = JKS

2026-06-07 19:05:15.176 [main] INFO  o.a.kafka.common.utils.AppInfoParser
                [service=iam_service]
                [correlationId=]
                [userId=]
                [keyId=]
                [challengeId=]
                - Kafka version: 3.7.1
2026-06-07 19:05:15.176 [main] INFO  o.a.kafka.common.utils.AppInfoParser
                [service=iam_service]
                [correlationId=]
                [userId=]
                [keyId=]
                [challengeId=]
                - Kafka commitId: e2494e6ffb89f828
2026-06-07 19:05:15.176 [main] INFO  o.a.kafka.common.utils.AppInfoParser
                [service=iam_service]
                [correlationId=]
                [userId=]
                [keyId=]
                [challengeId=]
                - Kafka startTimeMs: 1780848315175
2026-06-07 19:05:15.416 [kafka-admin-client-thread | iam-service-admin-0] INFO  o.a.kafka.common.utils.AppInfoParser
                [service=iam_service]
                [correlationId=]
                [userId=]
                [keyId=]
                [challengeId=]
                - App info kafka.admin.client for iam-service-admin-0 unregistered
2026-06-07 19:05:15.419 [kafka-admin-client-thread | iam-service-admin-0] INFO  o.a.kafka.common.metrics.Metrics
                [service=iam_service]
                [correlationId=]
                [userId=]
                [keyId=]
                [challengeId=]
                - Metrics scheduler closed
2026-06-07 19:05:15.420 [kafka-admin-client-thread | iam-service-admin-0] INFO  o.a.kafka.common.metrics.Metrics
                [service=iam_service]
                [correlationId=]
                [userId=]
                [keyId=]
                [challengeId=]
                - Closing reporter org.apache.kafka.common.metrics.JmxReporter
2026-06-07 19:05:15.420 [kafka-admin-client-thread | iam-service-admin-0] INFO  o.a.kafka.common.metrics.Metrics
                [service=iam_service]
                [correlationId=]
                [userId=]
                [keyId=]
                [challengeId=]
                - Metrics reporters closed
2026-06-07 19:05:15.424 [main] INFO  o.a.coyote.http11.Http11NioProtocol
                [service=iam_service]
                [correlationId=]
                [userId=]
                [keyId=]
                [challengeId=]
                - Starting ProtocolHandler ["http-nio-8081"]
2026-06-07 19:05:15.432 [main] INFO  o.s.b.w.e.tomcat.TomcatWebServer
                [service=iam_service]
                [correlationId=]
                [userId=]
                [keyId=]
                [challengeId=]
                - Tomcat started on port 8081 (http) with context path '/'
2026-06-07 19:05:15.440 [main] INFO  c.c.iam.IamServiceApplication
                [service=iam_service]
                [correlationId=]
                [userId=]
                [keyId=]
                [challengeId=]
                - Started IamServiceApplication in 8.239 seconds (process running for 8.519)
2026-06-07 19:05:27.959 [http-nio-8081-exec-1] INFO  o.a.c.c.C.[Tomcat].[localhost].[/]
                [service=iam_service]
                [correlationId=]
                [userId=]
                [keyId=]
                [challengeId=]
                - Initializing Spring DispatcherServlet 'dispatcherServlet'
2026-06-07 19:05:27.959 [http-nio-8081-exec-1] INFO  o.s.web.servlet.DispatcherServlet
                [service=iam_service]
                [correlationId=]
                [userId=]
                [keyId=]
                [challengeId=]
                - Initializing Servlet 'dispatcherServlet'
2026-06-07 19:05:27.959 [http-nio-8081-exec-1] INFO  o.s.web.servlet.DispatcherServlet
                [service=iam_service]
                [correlationId=]
                [userId=]
                [keyId=]
                [challengeId=]
                - Completed initialization in 0 ms
2026-06-07 19:05:27.967 [http-nio-8081-exec-1] INFO  c.c.i.c.filter.RequestLoggingFilter
                [service=iam_service]
                [correlationId=e6dfb796-2e81-4349-a522-441dac7e5c3f]
                [userId=]
                [keyId=]
                [challengeId=]
                - HTTP_REQUEST_STARTED method=GET path=/swagger-ui.html correlationId=e6dfb796-2e81-4349-a522-441dac7e5c3f
2026-06-07 19:05:28.008 [http-nio-8081-exec-1] INFO  c.c.i.c.filter.RequestLoggingFilter
                [service=iam_service]
                [correlationId=e6dfb796-2e81-4349-a522-441dac7e5c3f]
                [userId=]
                [keyId=]
                [challengeId=]
                - HTTP_REQUEST_COMPLETED method=GET path=/swagger-ui.html status=302 durationMs=49 correlationId=e6dfb796-2e81-4349-a522-441dac7e5c3f
2026-06-07 19:05:28.044 [http-nio-8081-exec-2] INFO  c.c.i.c.filter.RequestLoggingFilter
                [service=iam_service]
                [correlationId=bba71805-10ca-479f-b934-02af4d67bee9]
                [userId=]
                [keyId=]
                [challengeId=]
                - HTTP_REQUEST_STARTED method=GET path=/swagger-ui/swagger-initializer.js correlationId=bba71805-10ca-479f-b934-02af4d67bee9
2026-06-07 19:05:28.066 [http-nio-8081-exec-2] INFO  c.c.i.c.filter.RequestLoggingFilter
                [service=iam_service]
                [correlationId=bba71805-10ca-479f-b934-02af4d67bee9]
                [userId=]
                [keyId=]
                [challengeId=]
                - HTTP_REQUEST_COMPLETED method=GET path=/swagger-ui/swagger-initializer.js status=200 durationMs=22 correlationId=bba71805-10ca-479f-b934-02af4d67bee9
2026-06-07 19:05:28.088 [http-nio-8081-exec-4] INFO  c.c.i.c.filter.RequestLoggingFilter
                [service=iam_service]
                [correlationId=5929d285-29f8-45fc-886f-45e59d1fe6f9]
                [userId=]
                [keyId=]
                [challengeId=]
                - HTTP_REQUEST_STARTED method=GET path=/api/auth/v3/api-docs/swagger-config correlationId=5929d285-29f8-45fc-886f-45e59d1fe6f9
2026-06-07 19:05:28.096 [http-nio-8081-exec-4] INFO  c.c.i.c.filter.RequestLoggingFilter
                [service=iam_service]
                [correlationId=5929d285-29f8-45fc-886f-45e59d1fe6f9]
                [userId=]
                [keyId=]
                [challengeId=]
                - HTTP_REQUEST_COMPLETED method=GET path=/api/auth/v3/api-docs/swagger-config status=200 durationMs=8 correlationId=5929d285-29f8-45fc-886f-45e59d1fe6f9
2026-06-07 19:05:28.101 [http-nio-8081-exec-5] INFO  c.c.i.c.filter.RequestLoggingFilter
                [service=iam_service]
                [correlationId=7e31fb0b-f91c-4af4-9840-d4026262414e]
                [userId=]
                [keyId=]
                [challengeId=]
                - HTTP_REQUEST_STARTED method=GET path=/api/auth/v3/api-docs correlationId=7e31fb0b-f91c-4af4-9840-d4026262414e
2026-06-07 19:05:28.424 [http-nio-8081-exec-5] INFO  o.s.api.AbstractOpenApiResource
                [service=iam_service]
                [correlationId=7e31fb0b-f91c-4af4-9840-d4026262414e]
                [userId=]
                [keyId=]
                [challengeId=]
                - Init duration for springdoc-openapi is: 315 ms
2026-06-07 19:05:28.431 [http-nio-8081-exec-5] INFO  c.c.i.c.filter.RequestLoggingFilter
                [service=iam_service]
                [correlationId=7e31fb0b-f91c-4af4-9840-d4026262414e]
                [userId=]
                [keyId=]
                [challengeId=]
                - HTTP_REQUEST_COMPLETED method=GET path=/api/auth/v3/api-docs status=200 durationMs=330 correlationId=7e31fb0b-f91c-4af4-9840-d4026262414e
2026-06-07 19:05:45.721 [http-nio-8081-exec-6] INFO  c.c.i.c.filter.RequestLoggingFilter
                [service=iam_service]
                [correlationId=f14e3739-6829-4357-9147-3c37f9bac383]
                [userId=]
                [keyId=]
                [challengeId=]
                - HTTP_REQUEST_STARTED method=GET path=/api/auth/dev/keypair correlationId=f14e3739-6829-4357-9147-3c37f9bac383
2026-06-07 19:05:45.740 [http-nio-8081-exec-6] INFO  c.c.i.c.filter.RequestLoggingFilter
                [service=iam_service]
                [correlationId=f14e3739-6829-4357-9147-3c37f9bac383]
                [userId=]
                [keyId=]
                [challengeId=]
                - HTTP_REQUEST_COMPLETED method=GET path=/api/auth/dev/keypair status=200 durationMs=19 correlationId=f14e3739-6829-4357-9147-3c37f9bac383
2026-06-07 19:06:32.795 [http-nio-8081-exec-7] INFO  c.c.i.c.filter.RequestLoggingFilter
                [service=iam_service]
                [correlationId=145a5449-7c6e-4b7b-871f-2cb5b3b3f668]
                [userId=]
                [keyId=]
                [challengeId=]
                - HTTP_REQUEST_STARTED method=POST path=/api/auth/users/register correlationId=145a5449-7c6e-4b7b-871f-2cb5b3b3f668
2026-06-07 19:06:32.839 [http-nio-8081-exec-7] INFO  c.c.i.a.a.u.RegisterUserUseCase
                [service=iam_service]
                [correlationId=145a5449-7c6e-4b7b-871f-2cb5b3b3f668]
                [userId=]
                [keyId=]
                [challengeId=]
                - REGISTER_USER_STARTED email=test4@gmail.com
2026-06-07 19:06:32.936 [http-nio-8081-exec-7] INFO  c.c.i.a.a.u.RegisterUserUseCase
                [service=iam_service]
                [correlationId=145a5449-7c6e-4b7b-871f-2cb5b3b3f668]
                [userId=3f03b456-0828-4afe-96a1-ad98bf842ac5]
                [keyId=b89495c5-3b70-47f8-8234-d10e9fc4e0b4]
                [challengeId=]
                - REGISTER_USER_SUCCESS userId=3f03b456-0828-4afe-96a1-ad98bf842ac5 keyId=b89495c5-3b70-47f8-8234-d10e9fc4e0b4
2026-06-07 19:06:32.982 [http-nio-8081-exec-7] INFO  c.c.i.c.filter.RequestLoggingFilter
                [service=iam_service]
                [correlationId=145a5449-7c6e-4b7b-871f-2cb5b3b3f668]
                [userId=]
                [keyId=]
                [challengeId=]
                - HTTP_REQUEST_COMPLETED method=POST path=/api/auth/users/register status=200 durationMs=187 correlationId=145a5449-7c6e-4b7b-871f-2cb5b3b3f668
2026-06-07 19:06:33.145 [scheduling-1] INFO  o.a.k.c.producer.ProducerConfig
                [service=iam_service]
                [correlationId=]
                [userId=]
                [keyId=]
                [challengeId=]
                - ProducerConfig values: 
	acks = -1
	auto.include.jmx.reporter = true
	batch.size = 16384
	bootstrap.servers = [localhost:9092]
	buffer.memory = 33554432
	client.dns.lookup = use_all_dns_ips
	client.id = iam-service-producer-1
	compression.type = none
	connections.max.idle.ms = 540000
	delivery.timeout.ms = 120000
	enable.idempotence = true
	enable.metrics.push = true
	interceptor.classes = []
	key.serializer = class org.apache.kafka.common.serialization.StringSerializer
	linger.ms = 0
	max.block.ms = 60000
	max.in.flight.requests.per.connection = 5
	max.request.size = 1048576
	metadata.max.age.ms = 300000
	metadata.max.idle.ms = 300000
	metric.reporters = []
	metrics.num.samples = 2
	metrics.recording.level = INFO
	metrics.sample.window.ms = 30000
	partitioner.adaptive.partitioning.enable = true
	partitioner.availability.timeout.ms = 0
	partitioner.class = null
	partitioner.ignore.keys = false
	receive.buffer.bytes = 32768
	reconnect.backoff.max.ms = 1000
	reconnect.backoff.ms = 50
	request.timeout.ms = 30000
	retries = 10
	retry.backoff.max.ms = 1000
	retry.backoff.ms = 100
	sasl.client.callback.handler.class = null
	sasl.jaas.config = null
	sasl.kerberos.kinit.cmd = /usr/bin/kinit
	sasl.kerberos.min.time.before.relogin = 60000
	sasl.kerberos.service.name = null
	sasl.kerberos.ticket.renew.jitter = 0.05
	sasl.kerberos.ticket.renew.window.factor = 0.8
	sasl.login.callback.handler.class = null
	sasl.login.class = null
	sasl.login.connect.timeout.ms = null
	sasl.login.read.timeout.ms = null
	sasl.login.refresh.buffer.seconds = 300
	sasl.login.refresh.min.period.seconds = 60
	sasl.login.refresh.window.factor = 0.8
	sasl.login.refresh.window.jitter = 0.05
	sasl.login.retry.backoff.max.ms = 10000
	sasl.login.retry.backoff.ms = 100
	sasl.mechanism = GSSAPI
	sasl.oauthbearer.clock.skew.seconds = 30
	sasl.oauthbearer.expected.audience = null
	sasl.oauthbearer.expected.issuer = null
	sasl.oauthbearer.jwks.endpoint.refresh.ms = 3600000
	sasl.oauthbearer.jwks.endpoint.retry.backoff.max.ms = 10000
	sasl.oauthbearer.jwks.endpoint.retry.backoff.ms = 100
	sasl.oauthbearer.jwks.endpoint.url = null
	sasl.oauthbearer.scope.claim.name = scope
	sasl.oauthbearer.sub.claim.name = sub
	sasl.oauthbearer.token.endpoint.url = null
	security.protocol = PLAINTEXT
	security.providers = null
	send.buffer.bytes = 131072
	socket.connection.setup.timeout.max.ms = 30000
	socket.connection.setup.timeout.ms = 10000
	ssl.cipher.suites = null
	ssl.enabled.protocols = [TLSv1.2, TLSv1.3]
	ssl.endpoint.identification.algorithm = https
	ssl.engine.factory.class = null
	ssl.key.password = null
	ssl.keymanager.algorithm = SunX509
	ssl.keystore.certificate.chain = null
	ssl.keystore.key = null
	ssl.keystore.location = null
	ssl.keystore.password = null
	ssl.keystore.type = JKS
	ssl.protocol = TLSv1.3
	ssl.provider = null
	ssl.secure.random.implementation = null
	ssl.trustmanager.algorithm = PKIX
	ssl.truststore.certificates = null
	ssl.truststore.location = null
	ssl.truststore.password = null
	ssl.truststore.type = JKS
	transaction.timeout.ms = 60000
	transactional.id = null
	value.serializer = class org.springframework.kafka.support.serializer.JsonSerializer

2026-06-07 19:06:33.166 [scheduling-1] INFO  o.a.k.c.t.i.KafkaMetricsCollector
                [service=iam_service]
                [correlationId=]
                [userId=]
                [keyId=]
                [challengeId=]
                - initializing Kafka metrics collector
2026-06-07 19:06:33.175 [scheduling-1] INFO  o.a.k.clients.producer.KafkaProducer
                [service=iam_service]
                [correlationId=]
                [userId=]
                [keyId=]
                [challengeId=]
                - [Producer clientId=iam-service-producer-1] Instantiated an idempotent producer.
2026-06-07 19:06:33.208 [scheduling-1] INFO  o.a.kafka.common.utils.AppInfoParser
                [service=iam_service]
                [correlationId=]
                [userId=]
                [keyId=]
                [challengeId=]
                - Kafka version: 3.7.1
2026-06-07 19:06:33.208 [scheduling-1] INFO  o.a.kafka.common.utils.AppInfoParser
                [service=iam_service]
                [correlationId=]
                [userId=]
                [keyId=]
                [challengeId=]
                - Kafka commitId: e2494e6ffb89f828
2026-06-07 19:06:33.208 [scheduling-1] INFO  o.a.kafka.common.utils.AppInfoParser
                [service=iam_service]
                [correlationId=]
                [userId=]
                [keyId=]
                [challengeId=]
                - Kafka startTimeMs: 1780848393208
2026-06-07 19:06:33.224 [kafka-producer-network-thread | iam-service-producer-1] INFO  org.apache.kafka.clients.Metadata
                [service=iam_service]
                [correlationId=]
                [userId=]
                [keyId=]
                [challengeId=]
                - [Producer clientId=iam-service-producer-1] Cluster ID: 5L6g3nShT-eMCtK--X86sw
2026-06-07 19:06:33.225 [kafka-producer-network-thread | iam-service-producer-1] INFO  o.a.k.c.p.i.TransactionManager
                [service=iam_service]
                [correlationId=]
                [userId=]
                [keyId=]
                [challengeId=]
                - [Producer clientId=iam-service-producer-1] ProducerId set to 4 with epoch 0
2026-06-07 19:06:33.261 [scheduling-1] INFO  c.c.i.a.i.m.k.KafkaOutboxPublisher
                [service=iam_service]
                [correlationId=]
                [userId=]
                [keyId=]
                [challengeId=]
                - OUTBOX_EVENT_PUBLISHED eventId=15ffbaed-21aa-4004-a5d6-a61673646202 topic=iam.user-public-key.registered.v1 key=3f03b456-0828-4afe-96a1-ad98bf842ac5
2026-06-07 19:07:39.044 [http-nio-8081-exec-8] INFO  c.c.i.c.filter.RequestLoggingFilter
                [service=iam_service]
                [correlationId=10ac8b7f-f96a-4721-a526-94008c9e65e0]
                [userId=]
                [keyId=]
                [challengeId=]
                - HTTP_REQUEST_STARTED method=POST path=/api/auth/challenges correlationId=10ac8b7f-f96a-4721-a526-94008c9e65e0
2026-06-07 19:07:39.059 [http-nio-8081-exec-8] INFO  c.c.i.a.a.u.CreateChallengeUseCase
                [service=iam_service]
                [correlationId=10ac8b7f-f96a-4721-a526-94008c9e65e0]
                [userId=3f03b456-0828-4afe-96a1-ad98bf842ac5]
                [keyId=]
                [challengeId=d5c2e9de-61c0-4620-b498-6475bf6d2204]
                - CREATE_CHALLENGE_SUCCESS userId=3f03b456-0828-4afe-96a1-ad98bf842ac5 challengeId=d5c2e9de-61c0-4620-b498-6475bf6d2204
2026-06-07 19:07:39.091 [http-nio-8081-exec-8] INFO  c.c.i.c.filter.RequestLoggingFilter
                [service=iam_service]
                [correlationId=10ac8b7f-f96a-4721-a526-94008c9e65e0]
                [userId=3f03b456-0828-4afe-96a1-ad98bf842ac5]
                [keyId=]
                [challengeId=d5c2e9de-61c0-4620-b498-6475bf6d2204]
                - HTTP_REQUEST_COMPLETED method=POST path=/api/auth/challenges status=200 durationMs=44 correlationId=10ac8b7f-f96a-4721-a526-94008c9e65e0
2026-06-07 19:08:40.262 [http-nio-8081-exec-10] INFO  c.c.i.c.filter.RequestLoggingFilter
                [service=iam_service]
                [correlationId=59187e15-34b2-40c5-a5f3-fe9394f6dbad]
                [userId=]
                [keyId=]
                [challengeId=]
                - HTTP_REQUEST_STARTED method=POST path=/api/auth/dev/sign correlationId=59187e15-34b2-40c5-a5f3-fe9394f6dbad
2026-06-07 19:08:40.277 [http-nio-8081-exec-10] INFO  c.c.i.c.filter.RequestLoggingFilter
                [service=iam_service]
                [correlationId=59187e15-34b2-40c5-a5f3-fe9394f6dbad]
                [userId=]
                [keyId=]
                [challengeId=]
                - HTTP_REQUEST_COMPLETED method=POST path=/api/auth/dev/sign status=200 durationMs=15 correlationId=59187e15-34b2-40c5-a5f3-fe9394f6dbad
2026-06-07 19:09:43.301 [http-nio-8081-exec-2] INFO  c.c.i.c.filter.RequestLoggingFilter
                [service=iam_service]
                [correlationId=a40e7d43-b7e2-4ef4-bee1-06bef6dd54fb]
                [userId=]
                [keyId=]
                [challengeId=]
                - HTTP_REQUEST_STARTED method=POST path=/api/auth/signatures/verify correlationId=a40e7d43-b7e2-4ef4-bee1-06bef6dd54fb
2026-06-07 19:09:43.307 [http-nio-8081-exec-2] INFO  c.c.i.a.a.u.VerifySignatureUseCase
                [service=iam_service]
                [correlationId=a40e7d43-b7e2-4ef4-bee1-06bef6dd54fb]
                [userId=3f03b456-0828-4afe-96a1-ad98bf842ac5]
                [keyId=b89495c5-3b70-47f8-8234-d10e9fc4e0b4]
                [challengeId=d5c2e9de-61c0-4620-b498-6475bf6d2204]
                - VERIFY_SIGNATURE_STARTED userId=3f03b456-0828-4afe-96a1-ad98bf842ac5 keyId=b89495c5-3b70-47f8-8234-d10e9fc4e0b4 challengeId=d5c2e9de-61c0-4620-b498-6475bf6d2204
2026-06-07 19:09:43.314 [http-nio-8081-exec-2] INFO  c.c.i.a.i.c.Ed25519SignatureVerifier
                [service=iam_service]
                [correlationId=a40e7d43-b7e2-4ef4-bee1-06bef6dd54fb]
                [userId=3f03b456-0828-4afe-96a1-ad98bf842ac5]
                [keyId=b89495c5-3b70-47f8-8234-d10e9fc4e0b4]
                [challengeId=d5c2e9de-61c0-4620-b498-6475bf6d2204]
                - ED25519_SIGNATURE_VERIFICATION valid=true
2026-06-07 19:09:43.435 [http-nio-8081-exec-2] INFO  c.c.i.a.a.u.VerifySignatureUseCase
                [service=iam_service]
                [correlationId=a40e7d43-b7e2-4ef4-bee1-06bef6dd54fb]
                [userId=3f03b456-0828-4afe-96a1-ad98bf842ac5]
                [keyId=b89495c5-3b70-47f8-8234-d10e9fc4e0b4]
                [challengeId=d5c2e9de-61c0-4620-b498-6475bf6d2204]
                - VERIFY_SIGNATURE_SUCCESS userId=3f03b456-0828-4afe-96a1-ad98bf842ac5 keyId=b89495c5-3b70-47f8-8234-d10e9fc4e0b4 challengeId=d5c2e9de-61c0-4620-b498-6475bf6d2204
2026-06-07 19:09:43.447 [http-nio-8081-exec-2] INFO  c.c.i.c.filter.RequestLoggingFilter
                [service=iam_service]
                [correlationId=a40e7d43-b7e2-4ef4-bee1-06bef6dd54fb]
                [userId=3f03b456-0828-4afe-96a1-ad98bf842ac5]
                [keyId=b89495c5-3b70-47f8-8234-d10e9fc4e0b4]
                [challengeId=d5c2e9de-61c0-4620-b498-6475bf6d2204]
                - HTTP_REQUEST_COMPLETED method=POST path=/api/auth/signatures/verify status=200 durationMs=146 correlationId=a40e7d43-b7e2-4ef4-bee1-06bef6dd54fb
2026-06-07 19:15:33.306 [kafka-producer-network-thread | iam-service-producer-1] INFO  o.apache.kafka.clients.NetworkClient
                [service=iam_service]
                [correlationId=]
                [userId=]
                [keyId=]
                [challengeId=]
                - [Producer clientId=iam-service-producer-1] Node -1 disconnected.
2026-06-07 19:20:23.052 [kafka-producer-network-thread | iam-service-producer-1] INFO  o.apache.kafka.clients.NetworkClient
                [service=iam_service]
                [correlationId=]
                [userId=]
                [keyId=]
                [challengeId=]
                - [Producer clientId=iam-service-producer-1] Node -1 disconnected.
2026-06-07 19:20:23.054 [kafka-producer-network-thread | iam-service-producer-1] INFO  o.apache.kafka.clients.NetworkClient
                [service=iam_service]
                [correlationId=]
                [userId=]
                [keyId=]
                [challengeId=]
                - [Producer clientId=iam-service-producer-1] Node 1 disconnected.
2026-06-07 19:20:23.055 [kafka-producer-network-thread | iam-service-producer-1] INFO  o.apache.kafka.clients.NetworkClient
                [service=iam_service]
                [correlationId=]
                [userId=]
                [keyId=]
                [challengeId=]
                - [Producer clientId=iam-service-producer-1] Cancelled in-flight METADATA request with correlation id 12 due to node 1 being disconnected (elapsed time since creation: 0ms, elapsed time since send: 0ms, request timeout: 30000ms)
2026-06-07 19:20:23.190 [kafka-producer-network-thread | iam-service-producer-1] INFO  o.apache.kafka.clients.NetworkClient
                [service=iam_service]
                [correlationId=]
                [userId=]
                [keyId=]
                [challengeId=]
                - [Producer clientId=iam-service-producer-1] Node 1 disconnected.
2026-06-07 19:20:23.190 [kafka-producer-network-thread | iam-service-producer-1] INFO  o.apache.kafka.clients.NetworkClient
                [service=iam_service]
                [correlationId=]
                [userId=]
                [keyId=]
                [challengeId=]
                - [Producer clientId=iam-service-producer-1] Cancelled in-flight API_VERSIONS request with correlation id 13 due to node 1 being disconnected (elapsed time since creation: 4ms, elapsed time since send: 4ms, request timeout: 30000ms)
2026-06-07 19:20:23.432 [kafka-producer-network-thread | iam-service-producer-1] INFO  o.apache.kafka.clients.NetworkClient
                [service=iam_service]
                [correlationId=]
                [userId=]
                [keyId=]
                [challengeId=]
                - [Producer clientId=iam-service-producer-1] Node 1 disconnected.
2026-06-07 19:20:23.432 [kafka-producer-network-thread | iam-service-producer-1] INFO  o.apache.kafka.clients.NetworkClient
                [service=iam_service]
                [correlationId=]
                [userId=]
                [keyId=]
                [challengeId=]
                - [Producer clientId=iam-service-producer-1] Cancelled in-flight API_VERSIONS request with correlation id 14 due to node 1 being disconnected (elapsed time since creation: 4ms, elapsed time since send: 4ms, request timeout: 30000ms)
2026-06-07 19:20:23.886 [kafka-producer-network-thread | iam-service-producer-1] INFO  o.apache.kafka.clients.NetworkClient
                [service=iam_service]
                [correlationId=]
                [userId=]
                [keyId=]
                [challengeId=]
                - [Producer clientId=iam-service-producer-1] Node 1 disconnected.
2026-06-07 19:20:24.771 [kafka-producer-network-thread | iam-service-producer-1] INFO  o.apache.kafka.clients.NetworkClient
                [service=iam_service]
                [correlationId=]
                [userId=]
                [keyId=]
                [challengeId=]
                - [Producer clientId=iam-service-producer-1] Node 1 disconnected.
2026-06-07 19:20:25.642 [kafka-producer-network-thread | iam-service-producer-1] INFO  o.apache.kafka.clients.NetworkClient
                [service=iam_service]
                [correlationId=]
                [userId=]
                [keyId=]
                [challengeId=]
                - [Producer clientId=iam-service-producer-1] Node 1 disconnected.
2026-06-07 19:20:26.669 [kafka-producer-network-thread | iam-service-producer-1] INFO  o.apache.kafka.clients.NetworkClient
                [service=iam_service]
                [correlationId=]
                [userId=]
                [keyId=]
                [challengeId=]
                - [Producer clientId=iam-service-producer-1] Node 1 disconnected.
2026-06-07 19:20:27.681 [kafka-producer-network-thread | iam-service-producer-1] INFO  o.apache.kafka.clients.NetworkClient
                [service=iam_service]
                [correlationId=]
                [userId=]
                [keyId=]
                [challengeId=]
                - [Producer clientId=iam-service-producer-1] Node 1 disconnected.
2026-06-07 19:20:28.686 [kafka-producer-network-thread | iam-service-producer-1] INFO  o.apache.kafka.clients.NetworkClient
                [service=iam_service]
                [correlationId=]
                [userId=]
                [keyId=]
                [challengeId=]
                - [Producer clientId=iam-service-producer-1] Node 1 disconnected.
2026-06-07 19:20:29.697 [kafka-producer-network-thread | iam-service-producer-1] INFO  o.apache.kafka.clients.NetworkClient
                [service=iam_service]
                [correlationId=]
                [userId=]
                [keyId=]
                [challengeId=]
                - [Producer clientId=iam-service-producer-1] Node 1 disconnected.
2026-06-07 19:20:30.709 [kafka-producer-network-thread | iam-service-producer-1] INFO  o.apache.kafka.clients.NetworkClient
                [service=iam_service]
                [correlationId=]
                [userId=]
                [keyId=]
                [challengeId=]
                - [Producer clientId=iam-service-producer-1] Node 1 disconnected.
2026-06-07 19:20:31.720 [kafka-producer-network-thread | iam-service-producer-1] INFO  o.apache.kafka.clients.NetworkClient
                [service=iam_service]
                [correlationId=]
                [userId=]
                [keyId=]
                [challengeId=]
                - [Producer clientId=iam-service-producer-1] Node 1 disconnected.
2026-06-07 19:20:32.723 [kafka-producer-network-thread | iam-service-producer-1] INFO  o.apache.kafka.clients.NetworkClient
                [service=iam_service]
                [correlationId=]
                [userId=]
                [keyId=]
                [challengeId=]
                - [Producer clientId=iam-service-producer-1] Node 1 disconnected.
2026-06-07 19:20:33.733 [kafka-producer-network-thread | iam-service-producer-1] INFO  o.apache.kafka.clients.NetworkClient
                [service=iam_service]
                [correlationId=]
                [userId=]
                [keyId=]
                [challengeId=]
                - [Producer clientId=iam-service-producer-1] Node 1 disconnected.
2026-06-07 19:20:34.795 [kafka-producer-network-thread | iam-service-producer-1] INFO  o.apache.kafka.clients.NetworkClient
                [service=iam_service]
                [correlationId=]
                [userId=]
                [keyId=]
                [challengeId=]
                - [Producer clientId=iam-service-producer-1] Node 1 disconnected.
2026-06-07 19:20:35.802 [kafka-producer-network-thread | iam-service-producer-1] INFO  o.apache.kafka.clients.NetworkClient
                [service=iam_service]
                [correlationId=]
                [userId=]
                [keyId=]
                [challengeId=]
                - [Producer clientId=iam-service-producer-1] Node 1 disconnected.
2026-06-07 19:20:36.804 [kafka-producer-network-thread | iam-service-producer-1] INFO  o.apache.kafka.clients.NetworkClient
                [service=iam_service]
                [correlationId=]
                [userId=]
                [keyId=]
                [challengeId=]
                - [Producer clientId=iam-service-producer-1] Node 1 disconnected.
2026-06-07 19:20:37.810 [kafka-producer-network-thread | iam-service-producer-1] INFO  o.apache.kafka.clients.NetworkClient
                [service=iam_service]
                [correlationId=]
                [userId=]
                [keyId=]
                [challengeId=]
                - [Producer clientId=iam-service-producer-1] Node 1 disconnected.
2026-06-07 19:20:38.811 [kafka-producer-network-thread | iam-service-producer-1] INFO  o.apache.kafka.clients.NetworkClient
                [service=iam_service]
                [correlationId=]
                [userId=]
                [keyId=]
                [challengeId=]
                - [Producer clientId=iam-service-producer-1] Node 1 disconnected.
2026-06-07 19:20:39.800 [kafka-producer-network-thread | iam-service-producer-1] INFO  o.apache.kafka.clients.NetworkClient
                [service=iam_service]
                [correlationId=]
                [userId=]
                [keyId=]
                [challengeId=]
                - [Producer clientId=iam-service-producer-1] Node 1 disconnected.
2026-06-07 19:20:40.849 [kafka-producer-network-thread | iam-service-producer-1] INFO  o.apache.kafka.clients.NetworkClient
                [service=iam_service]
                [correlationId=]
                [userId=]
                [keyId=]
                [challengeId=]
                - [Producer clientId=iam-service-producer-1] Node 1 disconnected.
2026-06-07 19:20:41.852 [kafka-producer-network-thread | iam-service-producer-1] INFO  o.apache.kafka.clients.NetworkClient
                [service=iam_service]
                [correlationId=]
                [userId=]
                [keyId=]
                [challengeId=]
                - [Producer clientId=iam-service-producer-1] Node 1 disconnected.
2026-06-07 19:20:42.854 [kafka-producer-network-thread | iam-service-producer-1] INFO  o.apache.kafka.clients.NetworkClient
                [service=iam_service]
                [correlationId=]
                [userId=]
                [keyId=]
                [challengeId=]
                - [Producer clientId=iam-service-producer-1] Node 1 disconnected.
2026-06-07 19:20:43.883 [kafka-producer-network-thread | iam-service-producer-1] INFO  o.apache.kafka.clients.NetworkClient
                [service=iam_service]
                [correlationId=]
                [userId=]
                [keyId=]
                [challengeId=]
                - [Producer clientId=iam-service-producer-1] Node 1 disconnected.
2026-06-07 19:20:44.890 [kafka-producer-network-thread | iam-service-producer-1] INFO  o.apache.kafka.clients.NetworkClient
                [service=iam_service]
                [correlationId=]
                [userId=]
                [keyId=]
                [challengeId=]
                - [Producer clientId=iam-service-producer-1] Node 1 disconnected.
2026-06-07 19:20:45.908 [kafka-producer-network-thread | iam-service-producer-1] INFO  o.apache.kafka.clients.NetworkClient
                [service=iam_service]
                [correlationId=]
                [userId=]
                [keyId=]
                [challengeId=]
                - [Producer clientId=iam-service-producer-1] Node 1 disconnected.
2026-06-07 19:20:46.930 [kafka-producer-network-thread | iam-service-producer-1] INFO  o.apache.kafka.clients.NetworkClient
                [service=iam_service]
                [correlationId=]
                [userId=]
                [keyId=]
                [challengeId=]
                - [Producer clientId=iam-service-producer-1] Node 1 disconnected.
2026-06-07 19:20:47.934 [kafka-producer-network-thread | iam-service-producer-1] INFO  o.apache.kafka.clients.NetworkClient
                [service=iam_service]
                [correlationId=]
                [userId=]
                [keyId=]
                [challengeId=]
                - [Producer clientId=iam-service-producer-1] Node 1 disconnected.
2026-06-07 19:20:48.968 [kafka-producer-network-thread | iam-service-producer-1] INFO  o.apache.kafka.clients.NetworkClient
                [service=iam_service]
                [correlationId=]
                [userId=]
                [keyId=]
                [challengeId=]
                - [Producer clientId=iam-service-producer-1] Node 1 disconnected.
2026-06-07 19:20:49.970 [kafka-producer-network-thread | iam-service-producer-1] INFO  o.apache.kafka.clients.NetworkClient
                [service=iam_service]
                [correlationId=]
                [userId=]
                [keyId=]
                [challengeId=]
                - [Producer clientId=iam-service-producer-1] Node 1 disconnected.
2026-06-07 19:20:50.971 [kafka-producer-network-thread | iam-service-producer-1] INFO  o.apache.kafka.clients.NetworkClient
                [service=iam_service]
                [correlationId=]
                [userId=]
                [keyId=]
                [challengeId=]
                - [Producer clientId=iam-service-producer-1] Node 1 disconnected.
2026-06-07 19:20:51.977 [kafka-producer-network-thread | iam-service-producer-1] INFO  o.apache.kafka.clients.NetworkClient
                [service=iam_service]
                [correlationId=]
                [userId=]
                [keyId=]
                [challengeId=]
                - [Producer clientId=iam-service-producer-1] Node 1 disconnected.
2026-06-07 19:20:52.981 [kafka-producer-network-thread | iam-service-producer-1] INFO  o.apache.kafka.clients.NetworkClient
                [service=iam_service]
                [correlationId=]
                [userId=]
                [keyId=]
                [challengeId=]
                - [Producer clientId=iam-service-producer-1] Node 1 disconnected.
2026-06-07 19:20:53.984 [kafka-producer-network-thread | iam-service-producer-1] INFO  o.apache.kafka.clients.NetworkClient
                [service=iam_service]
                [correlationId=]
                [userId=]
                [keyId=]
                [challengeId=]
                - [Producer clientId=iam-service-producer-1] Node 1 disconnected.
2026-06-07 19:20:54.988 [kafka-producer-network-thread | iam-service-producer-1] INFO  o.apache.kafka.clients.NetworkClient
                [service=iam_service]
                [correlationId=]
                [userId=]
                [keyId=]
                [challengeId=]
                - [Producer clientId=iam-service-producer-1] Node 1 disconnected.
2026-06-07 19:20:55.991 [kafka-producer-network-thread | iam-service-producer-1] INFO  o.apache.kafka.clients.NetworkClient
                [service=iam_service]
                [correlationId=]
                [userId=]
                [keyId=]
                [challengeId=]
                - [Producer clientId=iam-service-producer-1] Node 1 disconnected.
2026-06-07 19:20:56.995 [kafka-producer-network-thread | iam-service-producer-1] INFO  o.apache.kafka.clients.NetworkClient
                [service=iam_service]
                [correlationId=]
                [userId=]
                [keyId=]
                [challengeId=]
                - [Producer clientId=iam-service-producer-1] Node 1 disconnected.
2026-06-07 19:20:57.998 [kafka-producer-network-thread | iam-service-producer-1] INFO  o.apache.kafka.clients.NetworkClient
                [service=iam_service]
                [correlationId=]
                [userId=]
                [keyId=]
                [challengeId=]
                - [Producer clientId=iam-service-producer-1] Node 1 disconnected.
2026-06-07 19:20:59.002 [kafka-producer-network-thread | iam-service-producer-1] INFO  o.apache.kafka.clients.NetworkClient
                [service=iam_service]
                [correlationId=]
                [userId=]
                [keyId=]
                [challengeId=]
                - [Producer clientId=iam-service-producer-1] Node 1 disconnected.
2026-06-07 19:21:00.004 [kafka-producer-network-thread | iam-service-producer-1] INFO  o.apache.kafka.clients.NetworkClient
                [service=iam_service]
                [correlationId=]
                [userId=]
                [keyId=]
                [challengeId=]
                - [Producer clientId=iam-service-producer-1] Node 1 disconnected.
2026-06-07 19:21:01.010 [kafka-producer-network-thread | iam-service-producer-1] INFO  o.apache.kafka.clients.NetworkClient
                [service=iam_service]
                [correlationId=]
                [userId=]
                [keyId=]
                [challengeId=]
                - [Producer clientId=iam-service-producer-1] Node 1 disconnected.
2026-06-07 19:21:02.016 [kafka-producer-network-thread | iam-service-producer-1] INFO  o.apache.kafka.clients.NetworkClient
                [service=iam_service]
                [correlationId=]
                [userId=]
                [keyId=]
                [challengeId=]
                - [Producer clientId=iam-service-producer-1] Node 1 disconnected.
2026-06-07 19:21:03.035 [kafka-producer-network-thread | iam-service-producer-1] INFO  o.apache.kafka.clients.NetworkClient
                [service=iam_service]
                [correlationId=]
                [userId=]
                [keyId=]
                [challengeId=]
                - [Producer clientId=iam-service-producer-1] Node 1 disconnected.
2026-06-07 19:21:04.056 [kafka-producer-network-thread | iam-service-producer-1] INFO  o.apache.kafka.clients.NetworkClient
                [service=iam_service]
                [correlationId=]
                [userId=]
                [keyId=]
                [challengeId=]
                - [Producer clientId=iam-service-producer-1] Node 1 disconnected.
2026-06-07 19:21:05.064 [kafka-producer-network-thread | iam-service-producer-1] INFO  o.apache.kafka.clients.NetworkClient
                [service=iam_service]
                [correlationId=]
                [userId=]
                [keyId=]
                [challengeId=]
                - [Producer clientId=iam-service-producer-1] Node 1 disconnected.
2026-06-07 19:21:06.066 [kafka-producer-network-thread | iam-service-producer-1] INFO  o.apache.kafka.clients.NetworkClient
                [service=iam_service]
                [correlationId=]
                [userId=]
                [keyId=]
                [challengeId=]
                - [Producer clientId=iam-service-producer-1] Node 1 disconnected.
2026-06-07 19:21:07.038 [kafka-producer-network-thread | iam-service-producer-1] INFO  o.apache.kafka.clients.NetworkClient
                [service=iam_service]
                [correlationId=]
                [userId=]
                [keyId=]
                [challengeId=]
                - [Producer clientId=iam-service-producer-1] Node 1 disconnected.
2026-06-07 19:21:08.039 [kafka-producer-network-thread | iam-service-producer-1] INFO  o.apache.kafka.clients.NetworkClient
                [service=iam_service]
                [correlationId=]
                [userId=]
                [keyId=]
                [challengeId=]
                - [Producer clientId=iam-service-producer-1] Node 1 disconnected.
2026-06-07 19:21:09.045 [kafka-producer-network-thread | iam-service-producer-1] INFO  o.apache.kafka.clients.NetworkClient
                [service=iam_service]
                [correlationId=]
                [userId=]
                [keyId=]
                [challengeId=]
                - [Producer clientId=iam-service-producer-1] Node 1 disconnected.
2026-06-07 19:21:10.057 [kafka-producer-network-thread | iam-service-producer-1] INFO  o.apache.kafka.clients.NetworkClient
                [service=iam_service]
                [correlationId=]
                [userId=]
                [keyId=]
                [challengeId=]
                - [Producer clientId=iam-service-producer-1] Node 1 disconnected.
2026-06-07 19:21:11.046 [kafka-producer-network-thread | iam-service-producer-1] INFO  o.apache.kafka.clients.NetworkClient
                [service=iam_service]
                [correlationId=]
                [userId=]
                [keyId=]
                [challengeId=]
                - [Producer clientId=iam-service-producer-1] Node 1 disconnected.
2026-06-07 19:21:12.056 [kafka-producer-network-thread | iam-service-producer-1] INFO  o.apache.kafka.clients.NetworkClient
                [service=iam_service]
                [correlationId=]
                [userId=]
                [keyId=]
                [challengeId=]
                - [Producer clientId=iam-service-producer-1] Node 1 disconnected.
2026-06-07 19:21:13.069 [kafka-producer-network-thread | iam-service-producer-1] INFO  o.apache.kafka.clients.NetworkClient
                [service=iam_service]
                [correlationId=]
                [userId=]
                [keyId=]
                [challengeId=]
                - [Producer clientId=iam-service-producer-1] Node 1 disconnected.
2026-06-07 19:21:14.073 [kafka-producer-network-thread | iam-service-producer-1] INFO  o.apache.kafka.clients.NetworkClient
                [service=iam_service]
                [correlationId=]
                [userId=]
                [keyId=]
                [challengeId=]
                - [Producer clientId=iam-service-producer-1] Node 1 disconnected.
2026-06-07 19:21:15.081 [kafka-producer-network-thread | iam-service-producer-1] INFO  o.apache.kafka.clients.NetworkClient
                [service=iam_service]
                [correlationId=]
                [userId=]
                [keyId=]
                [challengeId=]
                - [Producer clientId=iam-service-producer-1] Node 1 disconnected.
2026-06-07 19:21:16.101 [kafka-producer-network-thread | iam-service-producer-1] INFO  o.apache.kafka.clients.NetworkClient
                [service=iam_service]
                [correlationId=]
                [userId=]
                [keyId=]
                [challengeId=]
                - [Producer clientId=iam-service-producer-1] Node 1 disconnected.
2026-06-07 19:21:17.104 [kafka-producer-network-thread | iam-service-producer-1] INFO  o.apache.kafka.clients.NetworkClient
                [service=iam_service]
                [correlationId=]
                [userId=]
                [keyId=]
                [challengeId=]
                - [Producer clientId=iam-service-producer-1] Node 1 disconnected.
2026-06-07 19:21:18.122 [kafka-producer-network-thread | iam-service-producer-1] INFO  o.apache.kafka.clients.NetworkClient
                [service=iam_service]
                [correlationId=]
                [userId=]
                [keyId=]
                [challengeId=]
                - [Producer clientId=iam-service-producer-1] Node 1 disconnected.
2026-06-07 19:21:19.155 [kafka-producer-network-thread | iam-service-producer-1] INFO  o.apache.kafka.clients.NetworkClient
                [service=iam_service]
                [correlationId=]
                [userId=]
                [keyId=]
                [challengeId=]
                - [Producer clientId=iam-service-producer-1] Node 1 disconnected.
2026-06-07 19:21:20.158 [kafka-producer-network-thread | iam-service-producer-1] INFO  o.apache.kafka.clients.NetworkClient
                [service=iam_service]
                [correlationId=]
                [userId=]
                [keyId=]
                [challengeId=]
                - [Producer clientId=iam-service-producer-1] Node 1 disconnected.
2026-06-07 19:21:21.173 [kafka-producer-network-thread | iam-service-producer-1] INFO  o.apache.kafka.clients.NetworkClient
                [service=iam_service]
                [correlationId=]
                [userId=]
                [keyId=]
                [challengeId=]
                - [Producer clientId=iam-service-producer-1] Node 1 disconnected.
2026-06-07 19:21:22.183 [kafka-producer-network-thread | iam-service-producer-1] INFO  o.apache.kafka.clients.NetworkClient
                [service=iam_service]
                [correlationId=]
                [userId=]
                [keyId=]
                [challengeId=]
                - [Producer clientId=iam-service-producer-1] Node 1 disconnected.
2026-06-07 19:21:23.244 [kafka-producer-network-thread | iam-service-producer-1] INFO  o.apache.kafka.clients.NetworkClient
                [service=iam_service]
                [correlationId=]
                [userId=]
                [keyId=]
                [challengeId=]
                - [Producer clientId=iam-service-producer-1] Node 1 disconnected.
2026-06-07 19:21:24.248 [kafka-producer-network-thread | iam-service-producer-1] INFO  o.apache.kafka.clients.NetworkClient
                [service=iam_service]
                [correlationId=]
                [userId=]
                [keyId=]
                [challengeId=]
                - [Producer clientId=iam-service-producer-1] Node 1 disconnected.
2026-06-07 19:21:25.252 [kafka-producer-network-thread | iam-service-producer-1] INFO  o.apache.kafka.clients.NetworkClient
                [service=iam_service]
                [correlationId=]
                [userId=]
                [keyId=]
                [challengeId=]
                - [Producer clientId=iam-service-producer-1] Node 1 disconnected.
2026-06-07 19:21:26.255 [kafka-producer-network-thread | iam-service-producer-1] INFO  o.apache.kafka.clients.NetworkClient
                [service=iam_service]
                [correlationId=]
                [userId=]
                [keyId=]
                [challengeId=]
                - [Producer clientId=iam-service-producer-1] Node 1 disconnected.
2026-06-07 19:21:27.258 [kafka-producer-network-thread | iam-service-producer-1] INFO  o.apache.kafka.clients.NetworkClient
                [service=iam_service]
                [correlationId=]
                [userId=]
                [keyId=]
                [challengeId=]
                - [Producer clientId=iam-service-producer-1] Node 1 disconnected.
2026-06-07 19:21:28.263 [kafka-producer-network-thread | iam-service-producer-1] INFO  o.apache.kafka.clients.NetworkClient
                [service=iam_service]
                [correlationId=]
                [userId=]
                [keyId=]
                [challengeId=]
                - [Producer clientId=iam-service-producer-1] Node 1 disconnected.
2026-06-07 19:21:29.267 [kafka-producer-network-thread | iam-service-producer-1] INFO  o.apache.kafka.clients.NetworkClient
                [service=iam_service]
                [correlationId=]
                [userId=]
                [keyId=]
                [challengeId=]
                - [Producer clientId=iam-service-producer-1] Node 1 disconnected.
2026-06-07 19:21:30.270 [kafka-producer-network-thread | iam-service-producer-1] INFO  o.apache.kafka.clients.NetworkClient
                [service=iam_service]
                [correlationId=]
                [userId=]
                [keyId=]
                [challengeId=]
                - [Producer clientId=iam-service-producer-1] Node 1 disconnected.
2026-06-07 19:21:31.272 [kafka-producer-network-thread | iam-service-producer-1] INFO  o.apache.kafka.clients.NetworkClient
                [service=iam_service]
                [correlationId=]
                [userId=]
                [keyId=]
                [challengeId=]
                - [Producer clientId=iam-service-producer-1] Node 1 disconnected.
2026-06-07 19:21:32.276 [kafka-producer-network-thread | iam-service-producer-1] INFO  o.apache.kafka.clients.NetworkClient
                [service=iam_service]
                [correlationId=]
                [userId=]
                [keyId=]
                [challengeId=]
                - [Producer clientId=iam-service-producer-1] Node 1 disconnected.
2026-06-07 19:21:33.255 [kafka-producer-network-thread | iam-service-producer-1] INFO  o.apache.kafka.clients.NetworkClient
                [service=iam_service]
                [correlationId=]
                [userId=]
                [keyId=]
                [challengeId=]
                - [Producer clientId=iam-service-producer-1] Node 1 disconnected.
2026-06-07 19:21:34.265 [kafka-producer-network-thread | iam-service-producer-1] INFO  o.apache.kafka.clients.NetworkClient
                [service=iam_service]
                [correlationId=]
                [userId=]
                [keyId=]
                [challengeId=]
                - [Producer clientId=iam-service-producer-1] Node 1 disconnected.
2026-06-07 19:21:35.117 [kafka-producer-network-thread | iam-service-producer-1] INFO  o.apache.kafka.clients.NetworkClient
                [service=iam_service]
                [correlationId=]
                [userId=]
                [keyId=]
                [challengeId=]
                - [Producer clientId=iam-service-producer-1] Node 1 disconnected.
2026-06-07 19:21:36.167 [kafka-producer-network-thread | iam-service-producer-1] INFO  o.apache.kafka.clients.NetworkClient
                [service=iam_service]
                [correlationId=]
                [userId=]
                [keyId=]
                [challengeId=]
                - [Producer clientId=iam-service-producer-1] Node 1 disconnected.
2026-06-07 19:21:37.028 [kafka-producer-network-thread | iam-service-producer-1] INFO  o.apache.kafka.clients.NetworkClient
                [service=iam_service]
                [correlationId=]
                [userId=]
                [keyId=]
                [challengeId=]
                - [Producer clientId=iam-service-producer-1] Node 1 disconnected.
2026-06-07 19:21:37.951 [kafka-producer-network-thread | iam-service-producer-1] INFO  o.apache.kafka.clients.NetworkClient
                [service=iam_service]
                [correlationId=]
                [userId=]
                [keyId=]
                [challengeId=]
                - [Producer clientId=iam-service-producer-1] Node 1 disconnected.
2026-06-07 19:21:38.803 [kafka-producer-network-thread | iam-service-producer-1] INFO  o.apache.kafka.clients.NetworkClient
                [service=iam_service]
                [correlationId=]
                [userId=]
                [keyId=]
                [challengeId=]
                - [Producer clientId=iam-service-producer-1] Node 1 disconnected.
2026-06-07 19:21:39.822 [kafka-producer-network-thread | iam-service-producer-1] INFO  o.apache.kafka.clients.NetworkClient
                [service=iam_service]
                [correlationId=]
                [userId=]
                [keyId=]
                [challengeId=]
                - [Producer clientId=iam-service-producer-1] Node 1 disconnected.
2026-06-07 19:21:40.674 [kafka-producer-network-thread | iam-service-producer-1] INFO  o.apache.kafka.clients.NetworkClient
                [service=iam_service]
                [correlationId=]
                [userId=]
                [keyId=]
                [challengeId=]
                - [Producer clientId=iam-service-producer-1] Node 1 disconnected.
2026-06-07 19:21:41.715 [kafka-producer-network-thread | iam-service-producer-1] INFO  o.apache.kafka.clients.NetworkClient
                [service=iam_service]
                [correlationId=]
                [userId=]
                [keyId=]
                [challengeId=]
                - [Producer clientId=iam-service-producer-1] Node 1 disconnected.
2026-06-07 19:21:42.669 [kafka-producer-network-thread | iam-service-producer-1] INFO  o.apache.kafka.clients.NetworkClient
                [service=iam_service]
                [correlationId=]
                [userId=]
                [keyId=]
                [challengeId=]
                - [Producer clientId=iam-service-producer-1] Node 1 disconnected.
2026-06-07 19:21:43.689 [kafka-producer-network-thread | iam-service-producer-1] INFO  o.apache.kafka.clients.NetworkClient
                [service=iam_service]
                [correlationId=]
                [userId=]
                [keyId=]
                [challengeId=]
                - [Producer clientId=iam-service-producer-1] Node 1 disconnected.
2026-06-07 19:21:44.736 [kafka-producer-network-thread | iam-service-producer-1] INFO  o.apache.kafka.clients.NetworkClient
                [service=iam_service]
                [correlationId=]
                [userId=]
                [keyId=]
                [challengeId=]
                - [Producer clientId=iam-service-producer-1] Node 1 disconnected.
2026-06-07 19:21:45.643 [kafka-producer-network-thread | iam-service-producer-1] INFO  o.apache.kafka.clients.NetworkClient
                [service=iam_service]
                [correlationId=]
                [userId=]
                [keyId=]
                [challengeId=]
                - [Producer clientId=iam-service-producer-1] Node 1 disconnected.
2026-06-07 19:21:46.662 [kafka-producer-network-thread | iam-service-producer-1] INFO  o.apache.kafka.clients.NetworkClient
                [service=iam_service]
                [correlationId=]
                [userId=]
                [keyId=]
                [challengeId=]
                - [Producer clientId=iam-service-producer-1] Node 1 disconnected.
2026-06-07 19:21:47.665 [kafka-producer-network-thread | iam-service-producer-1] INFO  o.apache.kafka.clients.NetworkClient
                [service=iam_service]
                [correlationId=]
                [userId=]
                [keyId=]
                [challengeId=]
                - [Producer clientId=iam-service-producer-1] Node 1 disconnected.
2026-06-07 19:21:48.670 [kafka-producer-network-thread | iam-service-producer-1] INFO  o.apache.kafka.clients.NetworkClient
                [service=iam_service]
                [correlationId=]
                [userId=]
                [keyId=]
                [challengeId=]
                - [Producer clientId=iam-service-producer-1] Node 1 disconnected.
2026-06-07 19:21:49.672 [kafka-producer-network-thread | iam-service-producer-1] INFO  o.apache.kafka.clients.NetworkClient
                [service=iam_service]
                [correlationId=]
                [userId=]
                [keyId=]
                [challengeId=]
                - [Producer clientId=iam-service-producer-1] Node 1 disconnected.
2026-06-07 19:21:50.629 [kafka-producer-network-thread | iam-service-producer-1] INFO  o.apache.kafka.clients.NetworkClient
                [service=iam_service]
                [correlationId=]
                [userId=]
                [keyId=]
                [challengeId=]
                - [Producer clientId=iam-service-producer-1] Node 1 disconnected.
2026-06-07 19:21:51.665 [kafka-producer-network-thread | iam-service-producer-1] INFO  o.apache.kafka.clients.NetworkClient
                [service=iam_service]
                [correlationId=]
                [userId=]
                [keyId=]
                [challengeId=]
                - [Producer clientId=iam-service-producer-1] Node 1 disconnected.
2026-06-07 19:21:52.535 [kafka-producer-network-thread | iam-service-producer-1] INFO  o.apache.kafka.clients.NetworkClient
                [service=iam_service]
                [correlationId=]
                [userId=]
                [keyId=]
                [challengeId=]
                - [Producer clientId=iam-service-producer-1] Node 1 disconnected.
2026-06-07 19:21:53.408 [kafka-producer-network-thread | iam-service-producer-1] INFO  o.apache.kafka.clients.NetworkClient
                [service=iam_service]
                [correlationId=]
                [userId=]
                [keyId=]
                [challengeId=]
                - [Producer clientId=iam-service-producer-1] Node 1 disconnected.
2026-06-07 19:21:54.373 [kafka-producer-network-thread | iam-service-producer-1] INFO  o.apache.kafka.clients.NetworkClient
                [service=iam_service]
                [correlationId=]
                [userId=]
                [keyId=]
                [challengeId=]
                - [Producer clientId=iam-service-producer-1] Node 1 disconnected.
2026-06-07 19:21:55.397 [kafka-producer-network-thread | iam-service-producer-1] INFO  o.apache.kafka.clients.NetworkClient
                [service=iam_service]
                [correlationId=]
                [userId=]
                [keyId=]
                [challengeId=]
                - [Producer clientId=iam-service-producer-1] Node 1 disconnected.
2026-06-07 19:21:56.317 [kafka-producer-network-thread | iam-service-producer-1] INFO  o.apache.kafka.clients.NetworkClient
                [service=iam_service]
                [correlationId=]
                [userId=]
                [keyId=]
                [challengeId=]
                - [Producer clientId=iam-service-producer-1] Node 1 disconnected.
2026-06-07 19:21:57.152 [kafka-producer-network-thread | iam-service-producer-1] INFO  o.apache.kafka.clients.NetworkClient
                [service=iam_service]
                [correlationId=]
                [userId=]
                [keyId=]
                [challengeId=]
                - [Producer clientId=iam-service-producer-1] Node 1 disconnected.
2026-06-07 19:21:58.024 [kafka-producer-network-thread | iam-service-producer-1] INFO  o.apache.kafka.clients.NetworkClient
                [service=iam_service]
                [correlationId=]
                [userId=]
                [keyId=]
                [challengeId=]
                - [Producer clientId=iam-service-producer-1] Node 1 disconnected.
2026-06-07 19:21:59.053 [kafka-producer-network-thread | iam-service-producer-1] INFO  o.apache.kafka.clients.NetworkClient
                [service=iam_service]
                [correlationId=]
                [userId=]
                [keyId=]
                [challengeId=]
                - [Producer clientId=iam-service-producer-1] Node 1 disconnected.
2026-06-07 19:22:00.091 [kafka-producer-network-thread | iam-service-producer-1] INFO  o.apache.kafka.clients.NetworkClient
                [service=iam_service]
                [correlationId=]
                [userId=]
                [keyId=]
                [challengeId=]
                - [Producer clientId=iam-service-producer-1] Node 1 disconnected.
2026-06-07 19:22:01.056 [kafka-producer-network-thread | iam-service-producer-1] INFO  o.apache.kafka.clients.NetworkClient
                [service=iam_service]
                [correlationId=]
                [userId=]
                [keyId=]
                [challengeId=]
                - [Producer clientId=iam-service-producer-1] Node 1 disconnected.
2026-06-07 19:22:02.094 [kafka-producer-network-thread | iam-service-producer-1] INFO  o.apache.kafka.clients.NetworkClient
                [service=iam_service]
                [correlationId=]
                [userId=]
                [keyId=]
                [challengeId=]
                - [Producer clientId=iam-service-producer-1] Node 1 disconnected.
2026-06-07 19:22:02.982 [kafka-producer-network-thread | iam-service-producer-1] INFO  o.apache.kafka.clients.NetworkClient
                [service=iam_service]
                [correlationId=]
                [userId=]
                [keyId=]
                [challengeId=]
                - [Producer clientId=iam-service-producer-1] Node 1 disconnected.
2026-06-07 19:22:03.977 [kafka-producer-network-thread | iam-service-producer-1] INFO  o.apache.kafka.clients.NetworkClient
                [service=iam_service]
                [correlationId=]
                [userId=]
                [keyId=]
                [challengeId=]
                - [Producer clientId=iam-service-producer-1] Node 1 disconnected.
2026-06-07 19:22:04.912 [kafka-producer-network-thread | iam-service-producer-1] INFO  o.apache.kafka.clients.NetworkClient
                [service=iam_service]
                [correlationId=]
                [userId=]
                [keyId=]
                [challengeId=]
                - [Producer clientId=iam-service-producer-1] Node 1 disconnected.
2026-06-07 19:22:05.969 [kafka-producer-network-thread | iam-service-producer-1] INFO  o.apache.kafka.clients.NetworkClient
                [service=iam_service]
                [correlationId=]
                [userId=]
                [keyId=]
                [challengeId=]
                - [Producer clientId=iam-service-producer-1] Node 1 disconnected.
2026-06-07 19:22:06.971 [kafka-producer-network-thread | iam-service-producer-1] INFO  o.apache.kafka.clients.NetworkClient
                [service=iam_service]
                [correlationId=]
                [userId=]
                [keyId=]
                [challengeId=]
                - [Producer clientId=iam-service-producer-1] Node 1 disconnected.
2026-06-07 19:22:07.891 [kafka-producer-network-thread | iam-service-producer-1] INFO  o.apache.kafka.clients.NetworkClient
                [service=iam_service]
                [correlationId=]
                [userId=]
                [keyId=]
                [challengeId=]
                - [Producer clientId=iam-service-producer-1] Node 1 disconnected.
2026-06-07 19:22:08.863 [kafka-producer-network-thread | iam-service-producer-1] INFO  o.apache.kafka.clients.NetworkClient
                [service=iam_service]
                [correlationId=]
                [userId=]
                [keyId=]
                [challengeId=]
                - [Producer clientId=iam-service-producer-1] Node 1 disconnected.
2026-06-07 19:22:09.819 [kafka-producer-network-thread | iam-service-producer-1] INFO  o.apache.kafka.clients.NetworkClient
                [service=iam_service]
                [correlationId=]
                [userId=]
                [keyId=]
                [challengeId=]
                - [Producer clientId=iam-service-producer-1] Node 1 disconnected.
2026-06-07 19:22:10.870 [kafka-producer-network-thread | iam-service-producer-1] INFO  o.apache.kafka.clients.NetworkClient
                [service=iam_service]
                [correlationId=]
                [userId=]
                [keyId=]
                [challengeId=]
                - [Producer clientId=iam-service-producer-1] Node 1 disconnected.
2026-06-07 19:22:11.834 [kafka-producer-network-thread | iam-service-producer-1] INFO  o.apache.kafka.clients.NetworkClient
                [service=iam_service]
                [correlationId=]
                [userId=]
                [keyId=]
                [challengeId=]
                - [Producer clientId=iam-service-producer-1] Node 1 disconnected.
2026-06-07 19:22:12.844 [kafka-producer-network-thread | iam-service-producer-1] INFO  o.apache.kafka.clients.NetworkClient
                [service=iam_service]
                [correlationId=]
                [userId=]
                [keyId=]
                [challengeId=]
                - [Producer clientId=iam-service-producer-1] Node 1 disconnected.
2026-06-07 19:22:13.873 [kafka-producer-network-thread | iam-service-producer-1] INFO  o.apache.kafka.clients.NetworkClient
                [service=iam_service]
                [correlationId=]
                [userId=]
                [keyId=]
                [challengeId=]
                - [Producer clientId=iam-service-producer-1] Node 1 disconnected.
2026-06-07 19:22:14.704 [kafka-producer-network-thread | iam-service-producer-1] INFO  o.apache.kafka.clients.NetworkClient
                [service=iam_service]
                [correlationId=]
                [userId=]
                [keyId=]
                [challengeId=]
                - [Producer clientId=iam-service-producer-1] Node 1 disconnected.
2026-06-07 19:22:15.738 [kafka-producer-network-thread | iam-service-producer-1] INFO  o.apache.kafka.clients.NetworkClient
                [service=iam_service]
                [correlationId=]
                [userId=]
                [keyId=]
                [challengeId=]
                - [Producer clientId=iam-service-producer-1] Node 1 disconnected.
2026-06-07 19:22:16.742 [kafka-producer-network-thread | iam-service-producer-1] INFO  o.apache.kafka.clients.NetworkClient
                [service=iam_service]
                [correlationId=]
                [userId=]
                [keyId=]
                [challengeId=]
                - [Producer clientId=iam-service-producer-1] Node 1 disconnected.
2026-06-07 19:22:17.745 [kafka-producer-network-thread | iam-service-producer-1] INFO  o.apache.kafka.clients.NetworkClient
                [service=iam_service]
                [correlationId=]
                [userId=]
                [keyId=]
                [challengeId=]
                - [Producer clientId=iam-service-producer-1] Node 1 disconnected.
2026-06-07 19:22:18.582 [kafka-producer-network-thread | iam-service-producer-1] INFO  o.apache.kafka.clients.NetworkClient
                [service=iam_service]
                [correlationId=]
                [userId=]
                [keyId=]
                [challengeId=]
                - [Producer clientId=iam-service-producer-1] Node 1 disconnected.
2026-06-07 19:22:19.485 [kafka-producer-network-thread | iam-service-producer-1] INFO  o.apache.kafka.clients.NetworkClient
                [service=iam_service]
                [correlationId=]
                [userId=]
                [keyId=]
                [challengeId=]
                - [Producer clientId=iam-service-producer-1] Node 1 disconnected.
2026-06-07 19:22:20.548 [kafka-producer-network-thread | iam-service-producer-1] INFO  o.apache.kafka.clients.NetworkClient
                [service=iam_service]
                [correlationId=]
                [userId=]
                [keyId=]
                [challengeId=]
                - [Producer clientId=iam-service-producer-1] Node 1 disconnected.
2026-06-07 19:22:21.565 [kafka-producer-network-thread | iam-service-producer-1] INFO  o.apache.kafka.clients.NetworkClient
                [service=iam_service]
                [correlationId=]
                [userId=]
                [keyId=]
                [challengeId=]
                - [Producer clientId=iam-service-producer-1] Node 1 disconnected.
2026-06-07 19:22:22.453 [kafka-producer-network-thread | iam-service-producer-1] INFO  o.apache.kafka.clients.NetworkClient
                [service=iam_service]
                [correlationId=]
                [userId=]
                [keyId=]
                [challengeId=]
                - [Producer clientId=iam-service-producer-1] Node 1 disconnected.
2026-06-07 19:22:23.434 [kafka-producer-network-thread | iam-service-producer-1] INFO  o.apache.kafka.clients.NetworkClient
                [service=iam_service]
                [correlationId=]
                [userId=]
                [keyId=]
                [challengeId=]
                - [Producer clientId=iam-service-producer-1] Node 1 disconnected.
2026-06-07 19:22:24.321 [kafka-producer-network-thread | iam-service-producer-1] INFO  o.apache.kafka.clients.NetworkClient
                [service=iam_service]
                [correlationId=]
                [userId=]
                [keyId=]
                [challengeId=]
                - [Producer clientId=iam-service-producer-1] Node 1 disconnected.
2026-06-07 19:22:25.324 [kafka-producer-network-thread | iam-service-producer-1] INFO  o.apache.kafka.clients.NetworkClient
                [service=iam_service]
                [correlationId=]
                [userId=]
                [keyId=]
                [challengeId=]
                - [Producer clientId=iam-service-producer-1] Node 1 disconnected.
2026-06-07 19:22:26.326 [kafka-producer-network-thread | iam-service-producer-1] INFO  o.apache.kafka.clients.NetworkClient
                [service=iam_service]
                [correlationId=]
                [userId=]
                [keyId=]
                [challengeId=]
                - [Producer clientId=iam-service-producer-1] Node 1 disconnected.
2026-06-07 19:22:27.267 [kafka-producer-network-thread | iam-service-producer-1] INFO  o.apache.kafka.clients.NetworkClient
                [service=iam_service]
                [correlationId=]
                [userId=]
                [keyId=]
                [challengeId=]
                - [Producer clientId=iam-service-producer-1] Node 1 disconnected.
2026-06-07 19:22:28.273 [kafka-producer-network-thread | iam-service-producer-1] INFO  o.apache.kafka.clients.NetworkClient
                [service=iam_service]
                [correlationId=]
                [userId=]
                [keyId=]
                [challengeId=]
                - [Producer clientId=iam-service-producer-1] Node 1 disconnected.
2026-06-07 19:22:29.164 [kafka-producer-network-thread | iam-service-producer-1] INFO  o.apache.kafka.clients.NetworkClient
                [service=iam_service]
                [correlationId=]
                [userId=]
                [keyId=]
                [challengeId=]
                - [Producer clientId=iam-service-producer-1] Node 1 disconnected.
2026-06-07 19:22:30.200 [kafka-producer-network-thread | iam-service-producer-1] INFO  o.apache.kafka.clients.NetworkClient
                [service=iam_service]
                [correlationId=]
                [userId=]
                [keyId=]
                [challengeId=]
                - [Producer clientId=iam-service-producer-1] Node 1 disconnected.
2026-06-07 19:22:31.204 [kafka-producer-network-thread | iam-service-producer-1] INFO  o.apache.kafka.clients.NetworkClient
                [service=iam_service]
                [correlationId=]
                [userId=]
                [keyId=]
                [challengeId=]
                - [Producer clientId=iam-service-producer-1] Node 1 disconnected.
2026-06-07 19:22:32.176 [kafka-producer-network-thread | iam-service-producer-1] INFO  o.apache.kafka.clients.NetworkClient
                [service=iam_service]
                [correlationId=]
                [userId=]
                [keyId=]
                [challengeId=]
                - [Producer clientId=iam-service-producer-1] Node 1 disconnected.
2026-06-07 19:22:33.127 [kafka-producer-network-thread | iam-service-producer-1] INFO  o.apache.kafka.clients.NetworkClient
                [service=iam_service]
                [correlationId=]
                [userId=]
                [keyId=]
                [challengeId=]
                - [Producer clientId=iam-service-producer-1] Node 1 disconnected.
2026-06-07 19:22:34.131 [kafka-producer-network-thread | iam-service-producer-1] INFO  o.apache.kafka.clients.NetworkClient
                [service=iam_service]
                [correlationId=]
                [userId=]
                [keyId=]
                [challengeId=]
                - [Producer clientId=iam-service-producer-1] Node 1 disconnected.
2026-06-07 19:22:35.134 [kafka-producer-network-thread | iam-service-producer-1] INFO  o.apache.kafka.clients.NetworkClient
                [service=iam_service]
                [correlationId=]
                [userId=]
                [keyId=]
                [challengeId=]
                - [Producer clientId=iam-service-producer-1] Node 1 disconnected.
2026-06-07 19:22:36.136 [kafka-producer-network-thread | iam-service-producer-1] INFO  o.apache.kafka.clients.NetworkClient
                [service=iam_service]
                [correlationId=]
                [userId=]
                [keyId=]
                [challengeId=]
                - [Producer clientId=iam-service-producer-1] Node 1 disconnected.
2026-06-07 19:22:37.102 [kafka-producer-network-thread | iam-service-producer-1] INFO  o.apache.kafka.clients.NetworkClient
                [service=iam_service]
                [correlationId=]
                [userId=]
                [keyId=]
                [challengeId=]
                - [Producer clientId=iam-service-producer-1] Node 1 disconnected.
2026-06-07 19:22:38.026 [kafka-producer-network-thread | iam-service-producer-1] INFO  o.apache.kafka.clients.NetworkClient
                [service=iam_service]
                [correlationId=]
                [userId=]
                [keyId=]
                [challengeId=]
                - [Producer clientId=iam-service-producer-1] Node 1 disconnected.
2026-06-07 19:22:39.030 [kafka-producer-network-thread | iam-service-producer-1] INFO  o.apache.kafka.clients.NetworkClient
                [service=iam_service]
                [correlationId=]
                [userId=]
                [keyId=]
                [challengeId=]
                - [Producer clientId=iam-service-producer-1] Node 1 disconnected.
2026-06-07 19:22:40.033 [kafka-producer-network-thread | iam-service-producer-1] INFO  o.apache.kafka.clients.NetworkClient
                [service=iam_service]
                [correlationId=]
                [userId=]
                [keyId=]
                [challengeId=]
                - [Producer clientId=iam-service-producer-1] Node 1 disconnected.
2026-06-07 19:22:40.851 [kafka-producer-network-thread | iam-service-producer-1] INFO  o.apache.kafka.clients.NetworkClient
                [service=iam_service]
                [correlationId=]
                [userId=]
                [keyId=]
                [challengeId=]
                - [Producer clientId=iam-service-producer-1] Node 1 disconnected.
2026-06-07 19:22:41.702 [kafka-producer-network-thread | iam-service-producer-1] INFO  o.apache.kafka.clients.NetworkClient
                [service=iam_service]
                [correlationId=]
                [userId=]
                [keyId=]
                [challengeId=]
                - [Producer clientId=iam-service-producer-1] Node 1 disconnected.
2026-06-07 19:22:42.726 [kafka-producer-network-thread | iam-service-producer-1] INFO  o.apache.kafka.clients.NetworkClient
                [service=iam_service]
                [correlationId=]
                [userId=]
                [keyId=]
                [challengeId=]
                - [Producer clientId=iam-service-producer-1] Node 1 disconnected.
2026-06-07 19:22:43.746 [kafka-producer-network-thread | iam-service-producer-1] INFO  o.apache.kafka.clients.NetworkClient
                [service=iam_service]
                [correlationId=]
                [userId=]
                [keyId=]
                [challengeId=]
                - [Producer clientId=iam-service-producer-1] Node 1 disconnected.
2026-06-07 19:22:44.765 [kafka-producer-network-thread | iam-service-producer-1] INFO  o.apache.kafka.clients.NetworkClient
                [service=iam_service]
                [correlationId=]
                [userId=]
                [keyId=]
                [challengeId=]
                - [Producer clientId=iam-service-producer-1] Node 1 disconnected.
2026-06-07 19:22:45.783 [kafka-producer-network-thread | iam-service-producer-1] INFO  o.apache.kafka.clients.NetworkClient
                [service=iam_service]
                [correlationId=]
                [userId=]
                [keyId=]
                [challengeId=]
                - [Producer clientId=iam-service-producer-1] Node 1 disconnected.
2026-06-07 19:22:46.687 [kafka-producer-network-thread | iam-service-producer-1] INFO  o.apache.kafka.clients.NetworkClient
                [service=iam_service]
                [correlationId=]
                [userId=]
                [keyId=]
                [challengeId=]
                - [Producer clientId=iam-service-producer-1] Node 1 disconnected.
2026-06-07 19:22:47.701 [kafka-producer-network-thread | iam-service-producer-1] INFO  o.apache.kafka.clients.NetworkClient
                [service=iam_service]
                [correlationId=]
                [userId=]
                [keyId=]
                [challengeId=]
                - [Producer clientId=iam-service-producer-1] Node 1 disconnected.
2026-06-07 19:22:48.721 [kafka-producer-network-thread | iam-service-producer-1] INFO  o.apache.kafka.clients.NetworkClient
                [service=iam_service]
                [correlationId=]
                [userId=]
                [keyId=]
                [challengeId=]
                - [Producer clientId=iam-service-producer-1] Node 1 disconnected.
2026-06-07 19:22:49.682 [kafka-producer-network-thread | iam-service-producer-1] INFO  o.apache.kafka.clients.NetworkClient
                [service=iam_service]
                [correlationId=]
                [userId=]
                [keyId=]
                [challengeId=]
                - [Producer clientId=iam-service-producer-1] Node 1 disconnected.
2026-06-07 19:22:50.707 [kafka-producer-network-thread | iam-service-producer-1] INFO  o.apache.kafka.clients.NetworkClient
                [service=iam_service]
                [correlationId=]
                [userId=]
                [keyId=]
                [challengeId=]
                - [Producer clientId=iam-service-producer-1] Node 1 disconnected.
2026-06-07 19:22:51.721 [kafka-producer-network-thread | iam-service-producer-1] INFO  o.apache.kafka.clients.NetworkClient
                [service=iam_service]
                [correlationId=]
                [userId=]
                [keyId=]
                [challengeId=]
                - [Producer clientId=iam-service-producer-1] Node 1 disconnected.
2026-06-07 19:22:52.723 [kafka-producer-network-thread | iam-service-producer-1] INFO  o.apache.kafka.clients.NetworkClient
                [service=iam_service]
                [correlationId=]
                [userId=]
                [keyId=]
                [challengeId=]
                - [Producer clientId=iam-service-producer-1] Node 1 disconnected.
2026-06-07 19:22:53.748 [kafka-producer-network-thread | iam-service-producer-1] INFO  o.apache.kafka.clients.NetworkClient
                [service=iam_service]
                [correlationId=]
                [userId=]
                [keyId=]
                [challengeId=]
                - [Producer clientId=iam-service-producer-1] Node 1 disconnected.
2026-06-07 19:22:54.710 [kafka-producer-network-thread | iam-service-producer-1] INFO  o.apache.kafka.clients.NetworkClient
                [service=iam_service]
                [correlationId=]
                [userId=]
                [keyId=]
                [challengeId=]
                - [Producer clientId=iam-service-producer-1] Node 1 disconnected.
2026-06-07 19:22:55.595 [kafka-producer-network-thread | iam-service-producer-1] INFO  o.apache.kafka.clients.NetworkClient
                [service=iam_service]
                [correlationId=]
                [userId=]
                [keyId=]
                [challengeId=]
                - [Producer clientId=iam-service-producer-1] Node 1 disconnected.
2026-06-07 19:22:56.591 [kafka-producer-network-thread | iam-service-producer-1] INFO  o.apache.kafka.clients.NetworkClient
                [service=iam_service]
                [correlationId=]
                [userId=]
                [keyId=]
                [challengeId=]
                - [Producer clientId=iam-service-producer-1] Node 1 disconnected.
2026-06-07 19:22:57.618 [kafka-producer-network-thread | iam-service-producer-1] INFO  o.apache.kafka.clients.NetworkClient
                [service=iam_service]
                [correlationId=]
                [userId=]
                [keyId=]
                [challengeId=]
                - [Producer clientId=iam-service-producer-1] Node 1 disconnected.
2026-06-07 19:22:58.464 [kafka-producer-network-thread | iam-service-producer-1] INFO  o.apache.kafka.clients.NetworkClient
                [service=iam_service]
                [correlationId=]
                [userId=]
                [keyId=]
                [challengeId=]
                - [Producer clientId=iam-service-producer-1] Node 1 disconnected.
2026-06-07 19:22:59.486 [kafka-producer-network-thread | iam-service-producer-1] INFO  o.apache.kafka.clients.NetworkClient
                [service=iam_service]
                [correlationId=]
                [userId=]
                [keyId=]
                [challengeId=]
                - [Producer clientId=iam-service-producer-1] Node 1 disconnected.
2026-06-07 19:23:00.488 [kafka-producer-network-thread | iam-service-producer-1] INFO  o.apache.kafka.clients.NetworkClient
                [service=iam_service]
                [correlationId=]
                [userId=]
                [keyId=]
                [challengeId=]
                - [Producer clientId=iam-service-producer-1] Node 1 disconnected.
2026-06-07 19:23:01.501 [kafka-producer-network-thread | iam-service-producer-1] INFO  o.apache.kafka.clients.NetworkClient
                [service=iam_service]
                [correlationId=]
                [userId=]
                [keyId=]
                [challengeId=]
                - [Producer clientId=iam-service-producer-1] Node 1 disconnected.
2026-06-07 19:23:02.364 [kafka-producer-network-thread | iam-service-producer-1] INFO  o.apache.kafka.clients.NetworkClient
                [service=iam_service]
                [correlationId=]
                [userId=]
                [keyId=]
                [challengeId=]
                - [Producer clientId=iam-service-producer-1] Node 1 disconnected.
2026-06-07 19:23:03.235 [kafka-producer-network-thread | iam-service-producer-1] INFO  o.apache.kafka.clients.NetworkClient
                [service=iam_service]
                [correlationId=]
                [userId=]
                [keyId=]
                [challengeId=]
                - [Producer clientId=iam-service-producer-1] Node 1 disconnected.
2026-06-07 19:23:04.238 [kafka-producer-network-thread | iam-service-producer-1] INFO  o.apache.kafka.clients.NetworkClient
                [service=iam_service]
                [correlationId=]
                [userId=]
                [keyId=]
                [challengeId=]
                - [Producer clientId=iam-service-producer-1] Node 1 disconnected.
2026-06-07 19:23:05.122 [kafka-producer-network-thread | iam-service-producer-1] INFO  o.apache.kafka.clients.NetworkClient
                [service=iam_service]
                [correlationId=]
                [userId=]
                [keyId=]
                [challengeId=]
                - [Producer clientId=iam-service-producer-1] Node 1 disconnected.
2026-06-07 19:23:06.143 [kafka-producer-network-thread | iam-service-producer-1] INFO  o.apache.kafka.clients.NetworkClient
                [service=iam_service]
                [correlationId=]
                [userId=]
                [keyId=]
                [challengeId=]
                - [Producer clientId=iam-service-producer-1] Node 1 disconnected.
2026-06-07 19:23:07.077 [kafka-producer-network-thread | iam-service-producer-1] INFO  o.apache.kafka.clients.NetworkClient
                [service=iam_service]
                [correlationId=]
                [userId=]
                [keyId=]
                [challengeId=]
                - [Producer clientId=iam-service-producer-1] Node 1 disconnected.
2026-06-07 19:23:08.067 [kafka-producer-network-thread | iam-service-producer-1] INFO  o.apache.kafka.clients.NetworkClient
                [service=iam_service]
                [correlationId=]
                [userId=]
                [keyId=]
                [challengeId=]
                - [Producer clientId=iam-service-producer-1] Node 1 disconnected.
2026-06-07 19:23:08.997 [kafka-producer-network-thread | iam-service-producer-1] INFO  o.apache.kafka.clients.NetworkClient
                [service=iam_service]
                [correlationId=]
                [userId=]
                [keyId=]
                [challengeId=]
                - [Producer clientId=iam-service-producer-1] Node 1 disconnected.
2026-06-07 19:23:09.981 [kafka-producer-network-thread | iam-service-producer-1] INFO  o.apache.kafka.clients.NetworkClient
                [service=iam_service]
                [correlationId=]
                [userId=]
                [keyId=]
                [challengeId=]
                - [Producer clientId=iam-service-producer-1] Node 1 disconnected.
2026-06-07 19:23:11.023 [kafka-producer-network-thread | iam-service-producer-1] INFO  o.apache.kafka.clients.NetworkClient
                [service=iam_service]
                [correlationId=]
                [userId=]
                [keyId=]
                [challengeId=]
                - [Producer clientId=iam-service-producer-1] Node 1 disconnected.
2026-06-07 19:23:12.063 [kafka-producer-network-thread | iam-service-producer-1] INFO  o.apache.kafka.clients.NetworkClient
                [service=iam_service]
                [correlationId=]
                [userId=]
                [keyId=]
                [challengeId=]
                - [Producer clientId=iam-service-producer-1] Node 1 disconnected.
2026-06-07 19:23:13.067 [kafka-producer-network-thread | iam-service-producer-1] INFO  o.apache.kafka.clients.NetworkClient
                [service=iam_service]
                [correlationId=]
                [userId=]
                [keyId=]
                [challengeId=]
                - [Producer clientId=iam-service-producer-1] Node 1 disconnected.
2026-06-07 19:23:14.071 [kafka-producer-network-thread | iam-service-producer-1] INFO  o.apache.kafka.clients.NetworkClient
                [service=iam_service]
                [correlationId=]
                [userId=]
                [keyId=]
                [challengeId=]
                - [Producer clientId=iam-service-producer-1] Node 1 disconnected.
2026-06-07 19:23:15.037 [kafka-producer-network-thread | iam-service-producer-1] INFO  o.apache.kafka.clients.NetworkClient
                [service=iam_service]
                [correlationId=]
                [userId=]
                [keyId=]
                [challengeId=]
                - [Producer clientId=iam-service-producer-1] Node 1 disconnected.
2026-06-07 19:23:15.977 [kafka-producer-network-thread | iam-service-producer-1] INFO  o.apache.kafka.clients.NetworkClient
                [service=iam_service]
                [correlationId=]
                [userId=]
                [keyId=]
                [challengeId=]
                - [Producer clientId=iam-service-producer-1] Node 1 disconnected.
2026-06-07 19:23:16.896 [kafka-producer-network-thread | iam-service-producer-1] INFO  o.apache.kafka.clients.NetworkClient
                [service=iam_service]
                [correlationId=]
                [userId=]
                [keyId=]
                [challengeId=]
                - [Producer clientId=iam-service-producer-1] Node 1 disconnected.
2026-06-07 19:23:17.910 [kafka-producer-network-thread | iam-service-producer-1] INFO  o.apache.kafka.clients.NetworkClient
                [service=iam_service]
                [correlationId=]
                [userId=]
                [keyId=]
                [challengeId=]
                - [Producer clientId=iam-service-producer-1] Node 1 disconnected.
